home_team,away_team,tournament,date,diff_ELO,diff_MV,diff_Momentum,diff_Knockout,diff_Pressure,resultado
Singapore,Iran,AFC Asian Cup qualification,2010-01-06,-0.369491174901319,-0.2912540286521441,-0.015158884565499187,-0.1555665259954644,-0.024665203476906317,-1
Thailand,Jordan,AFC Asian Cup qualification,2010-01-06,-0.1125045745333626,-0.018419100611793304,-0.030723086900129593,-0.10568095735082217,0.059246408681443874,0
Egypt,Nigeria,African Cup of Nations,2010-01-12,-0.014723066998356238,-0.0719484818377012,-0.14826523994811946,-0.2894055133678012,0.024708543572398767,1
Ivory Coast,Ghana,African Cup of Nations,2010-01-15,0.16031188484161252,0.03744495595659014,0.15175097276264582,0.10512534746924374,0.155028683819038,1
Finland,South Korea,Friendly,2010-01-18,-0.3128480478816329,-0.11901371504387637,-0.10465304798962372,-0.039828067766032094,-0.0930664447053095,-1
Chile,Panama,Friendly,2010-01-20,-0.09646876225638823,0.13296723312600944,-0.10076199740596625,0.05260961924078611,0.22508227086514676,1
Oman,Sweden,Friendly,2010-01-20,-0.052024954735160556,-0.5532798436787956,0.10157263294422836,0.04044759867639636,0.053836414981711156,-1
Latvia,South Korea,Friendly,2010-01-22,-0.5045074567626482,-0.2603489176629221,-0.10465304798962372,-0.039828067766032094,-0.0930664447053095,-1
United States,Honduras,Friendly,2010-01-23,0.13453130054851492,0.41998820151524807,-0.06655317769131008,0.3205525467623649,0.12947930277641334,-1
Ivory Coast,Algeria,African Cup of Nations,2010-01-24,-0.06262068242855445,0.02261247003322353,-0.11673151750972777,0.20406685097677546,-0.04359938765021221,-1
Argentina,Costa Rica,Friendly,2010-01-26,0.30373569096238695,0.38568921547912627,0.0034857328145263544,0.4173175167546287,0.5712484851629125,1
Algeria,Egypt,African Cup of Nations,2010-01-28,0.05746843925037903,0.07595900788709775,0.29182879377431914,-0.034248982008581175,-0.0251620477833272,-1
Ghana,Nigeria,African Cup of Nations,2010-01-28,-0.18018719501814418,-0.010821959873970055,-0.12491893644617391,-0.22471299186885063,-0.19908157568017865,1
Nigeria,Algeria,African Cup of Nations,2010-01-30,-0.042745372252022795,-0.004010526049396557,-0.14356355382619967,0.32365449537638236,0.00045350421092843485,1
Ghana,Egypt,African Cup of Nations,2010-01-31,-0.16546412801978794,0.06112652196373114,0.023346303501945553,0.06469252149895055,-0.2237901192525774,-1
Jamaica,Canada,Friendly,2010-01-31,-0.13138580428926772,-0.1214435891511525,0.047097924773022104,0.3349093208565356,0.2038338995815443,1
Japan,Venezuela,Friendly,2010-02-02,0.20111179562549863,0.17545376226768683,0.17469195849546038,0.12398556256055704,0.19068323925104352,0
South Korea,Hong Kong,EAFF Championship,2010-02-07,0.3530192012104034,0.4657498686653678,0.10465304798962372,0.039828067766032094,0.0930664447053095,1
Argentina,Jamaica,Friendly,2010-02-10,0.3503603446524992,0.35904783029548204,0.0034857328145263544,0.4173175167546287,0.5712484851629125,1
Japan,Hong Kong,EAFF Championship,2010-02-11,0.43579356956848936,0.5666566906064587,0.17469195849546038,0.12398556256055704,0.19068323925104352,1
Japan,South Korea,EAFF Championship,2010-02-14,0.08277436835808594,0.10090682194109091,0.07003891050583666,0.08415749479452495,0.09761679454573402,-1
Mexico,Bolivia,Friendly,2010-02-24,0.2421056895971001,0.22650732701212783,0.13578145265888453,0.27013118527225743,0.3568202595027106,1
United States,El Salvador,Friendly,2010-02-24,0.2643106796272898,0.4949229177672789,-0.06655317769131008,0.3205525467623649,0.12947930277641334,1
Jordan,Azerbaijan,Friendly,2010-02-25,0.3486267270105916,-0.10559788140025983,0.030723086900129593,0.10568095735082217,-0.059246408681443874,-1
Republic of Ireland,Brazil,Friendly,2010-03-02,-0.24611499524004699,-0.21629037098706716,0.1910667963683529,-0.19828289786778575,-0.35736671663888503,-1
Algeria,Serbia,Friendly,2010-03-03,0.10484478380417772,-0.020828680233786034,0.14356355382619967,-0.32365449537638236,-0.00045350421092843485,-1
Australia,Indonesia,AFC Asian Cup qualification,2010-03-03,0.3002084028874501,0.026414640878182905,0.2019293125810634,0.04298648455556853,-0.2572871708793568,1
Austria,Denmark,Friendly,2010-03-03,-0.024788338792133935,-0.04343845548166758,0.030723086900129593,-0.06620300289685888,-0.17034339960280148,1
Belgium,Croatia,Friendly,2010-03-03,-0.06617535536348695,0.07606584679179074,-0.2334630350194552,0.5012057354200732,0.41568322245511313,-1
England,Egypt,Friendly,2010-03-03,0.13901156633905432,0.3339610755986899,0.4669260700389106,0.29947773368052466,0.01034323239975532,1
France,Spain,Friendly,2010-03-03,-0.07672918832308007,0.005022878913684803,-0.027237354085602905,-0.03703012446258569,-0.026814400860353027,-1
Germany,Argentina,Friendly,2010-03-03,-0.13301468758772228,0.023639527268191962,0.054474708171206365,-0.21793685422851905,-0.08274249413093049,-1
Greece,Senegal,Friendly,2010-03-03,-0.15823665322854774,-0.06997005536657719,-0.1980382619974057,0.02682998486149657,0.10321945587553266,-1
Iran,Thailand,AFC Asian Cup qualification,2010-03-03,0.20497328590415398,0.1917309076596454,0.015158884565499187,0.1555665259954644,0.024665203476906317,1
Ivory Coast,South Korea,Friendly,2010-03-03,-0.06289412849402765,0.10803730172628745,-0.07782101167315181,-0.159415712165639,-0.13711933656645015,-1
Jordan,Singapore,AFC Asian Cup qualification,2010-03-03,0.2770224635305276,0.11794222160429202,0.030723086900129593,0.10568095735082217,-0.059246408681443874,1
Mexico,New Zealand,Friendly,2010-03-03,0.17635682257611718,0.20789002152881864,0.13229571984435817,0.5595366986400586,0.6610362007546045,1
Netherlands,United States,Friendly,2010-03-03,0.08919707190773574,0.10705734240139675,0.11284046692607008,-0.0037356283110527855,0.2041279560110093,1
Nigeria,DR Congo,Friendly,2010-03-03,0.06854325810096618,0.1799432706539359,-0.02683203631647213,1.1102230246251565e-16,0.29682823773658956,1
Scotland,Czech Republic,Friendly,2010-03-03,0.015830794507821322,0.027794562245360144,-0.0077821011673152585,0.06887237573348814,0.13369490736714568,1
Slovakia,Norway,Friendly,2010-03-03,-0.162364754532609,-0.18272755341311608,-0.29920557717250285,-0.26999452568725335,0.17741856102563375,-1
Slovenia,Qatar,Friendly,2010-03-03,0.036302729390963906,0.2805089023754661,0.3505998702983139,-0.14094039069622344,0.198852276628324,1
Switzerland,Uruguay,Friendly,2010-03-03,-0.02886112542322561,-0.03743927075007614,0.09338521400778205,-0.29845936568508047,-0.29609226741400496,-1
Uzbekistan,United Arab Emirates,AFC Asian Cup qualification,2010-03-03,0.13570493853858578,-0.20728551125637962,0.015158884565499298,0.06528796669549886,-0.3068674081226421,-1
Venezuela,Panama,Friendly,2010-03-03,-0.05351798525800833,0.11167041138457634,-0.10076199740596625,0.05260961924078611,0.22508227086514676,-1
Wales,Sweden,Friendly,2010-03-03,-0.026668270294307073,-0.07800897196044154,0.10157263294422836,0.04044759867639636,0.053836414981711156,-1
Mexico,Iceland,Friendly,2010-03-24,0.3093117649608459,0.03400148156105276,0.13578145265888453,0.27013118527225743,0.3568202595027106,0
Paraguay,South Africa,Friendly,2010-03-31,0.06226045071686337,0.13282010675181333,-0.06614785992217886,-0.48735453440802845,-0.2908229294074588,0
Japan,Serbia,Friendly,2010-04-07,0.18789259822773685,-0.0053466899857590455,0.17469195849546038,0.12398556256055704,0.19068323925104352,-1
South Africa,Jamaica,Friendly,2010-04-28,0.011216128689554017,-0.007318665903008892,-0.03153372243839181,-0.09532794883734286,-0.10633102558212842,1
Argentina,Haiti,Friendly,2010-05-05,0.359886930395682,0.42470110219555224,0.08949416342412442,0.6274802875214817,0.9206166019524366,1
Mexico,Ecuador,Friendly,2010-05-07,-0.0035412943894623794,-0.17162061598940204,0.21011673151750965,0.7316013856647162,0.577593680961153,0
Mexico,Senegal,Friendly,2010-05-10,-0.023374260777821565,-0.20702651068659828,-0.06225680933852118,0.296961170133754,0.4600397153782433,1
Germany,Malta,Friendly,2010-05-13,0.5405964853070295,0.5453727598878273,0.05796044098573272,0.19938066252610964,0.48850599103198206,1
South Korea,Ecuador,Friendly,2010-05-16,-0.013075878930846052,-0.14398315962805386,0.17898832684824884,0.5012982681584909,0.313839866163752,1
Mexico,Chile,Friendly,2010-05-16,0.17082278880717627,0.025612662223814642,0.13578145265888453,0.27013118527225743,0.3568202595027106,1
South Africa,Thailand,Friendly,2010-05-16,0.04405339263513497,0.23308468890037481,-0.03153372243839181,-0.09532794883734286,-0.10633102558212842,1
Austria,Croatia,Friendly,2010-05-19,-0.08364078570054012,-0.00036817527659183114,-0.12062256809338523,0.06059109442586219,-0.22322749056913804,-1
Belgium,Bulgaria,Friendly,2010-05-19,0.28131851201004143,0.3115342599948141,-0.08211738002594038,0.3744116380973521,0.4685673134214497,1
DR Congo,Saudi Arabia,Friendly,2010-05-21,0.028744213804986263,0.09726273967837251,0.1906614785992219,0.17198043230101134,-0.20639331024991103,-1
Croatia,Wales,Friendly,2010-05-23,0.17357665847088888,0.025460731556241623,0.15134565499351482,-0.12679409732272107,0.05288409096633656,1
Argentina,Canada,Friendly,2010-05-24,0.2189745403632315,0.23760424114432954,0.05058365758754846,0.7522268376111643,0.7750823847444568,1
Australia,New Zealand,Friendly,2010-05-24,0.1802745159420558,0.10145641936903882,0.19844357976653704,0.3323919979233697,0.04692877037253701,1
England,Mexico,Friendly,2010-05-24,0.07173509648181842,0.3710643557660043,0.18287937743190663,-0.26005896495953396,-0.32176848353055654,1
Japan,South Korea,Friendly,2010-05-24,0.08277436835808594,0.10090682194109091,0.07003891050583666,0.08415749479452495,0.09761679454573402,-1
Portugal,Cape Verde,Friendly,2010-05-24,0.2501018465312972,0.3922219999122576,0.19844357976653682,0.09659236421421402,0.6949160101581929,0
South Africa,Bulgaria,Friendly,2010-05-24,0.1786586728748265,0.006672779163373388,-0.03153372243839181,-0.09532794883734286,-0.10633102558212842,0
Armenia,Uzbekistan,Friendly,2010-05-25,-0.42014490385796877,0.20644224862344007,-0.015158884565499298,-0.06528796669549886,0.3068674081226421,1
Republic of Ireland,Paraguay,Friendly,2010-05-25,-0.09873156071856903,0.05216814116379975,0.09768158236057067,0.5826824832453713,0.3971539549895872,1
Nigeria,Saudi Arabia,Friendly,2010-05-25,0.09728747190595244,0.2772060103323084,0.16382944228274976,0.17198043230101145,0.09043492748667853,0
United States,Czech Republic,Friendly,2010-05-25,0.1071026335009524,0.09894926194087095,-0.0077821011673152585,0.4574055781131987,0.38474970329961083,-1
Estonia,Croatia,Friendly,2010-05-26,-0.4635458235678138,-0.37413271862711284,-0.15134565499351482,0.12679409732272107,-0.05288409096633656,0
France,Costa Rica,Friendly,2010-05-26,0.25770385704464926,0.472432870786863,0.15134565499351482,0.2738749582853708,0.4808479971217275,1
Netherlands,Mexico,Friendly,2010-05-26,0.04256446142760395,0.2759470515152538,-0.08949416342412453,0.04668573317905467,-0.02321300071528798,1
Uruguay,Israel,Friendly,2010-05-26,0.24728468936987413,0.20871108528678528,-0.2611057068741894,0.09033758513678425,0.15428039052892434,1
Denmark,Senegal,Friendly,2010-05-27,-0.07639788061080854,-0.04066519885301867,-0.1980382619974057,0.02682998486149657,0.10321945587553266,1
South Africa,Colombia,Friendly,2010-05-27,-0.20245358602171182,-0.25087721322890033,0.15175097276264582,-0.2980905163229075,-0.3173390000964652,1
Republic of Ireland,Algeria,Friendly,2010-05-28,-0.18966944681813147,-0.03357864254994514,-0.14356355382619967,0.32365449537638236,0.00045350421092843485,1
Hungary,Germany,Friendly,2010-05-29,-0.1939878515627358,-0.1912905338166837,-0.05796044098573272,-0.19938066252610964,-0.48850599103198206,-1
New Zealand,Serbia,Friendly,2010-05-29,-0.06170400816508259,-0.34178098981701677,0.0034857328145263544,-0.2894055133678012,-0.30421594125189383,1
Norway,Montenegro,Friendly,2010-05-29,0.32158606077842977,0.2945680238448003,0.29920557717250285,0.26999452568725335,-0.17741856102563375,1
Spain,Saudi Arabia,Friendly,2010-05-29,0.356676077709837,0.5107369185086896,0.3424124513618675,0.48288551504896793,0.598097325468759,1
Venezuela,Canada,Friendly,2010-05-29,-0.0850353199852274,-0.07016713660826301,0.047097924773022104,0.3349093208565356,0.2038338995815443,0
Belarus,South Korea,Friendly,2010-05-30,-0.35119784224400763,-0.28353336114324845,-0.10465304798962372,-0.039828067766032094,-0.0930664447053095,1
Japan,England,Friendly,2010-05-30,0.0015046873348838474,-0.2425200774635652,-0.14396887159533078,0.11391334224783356,0.15563146327888944,-1
Nigeria,Colombia,Friendly,2010-05-30,-0.0920006214573088,-0.03632084881273867,0.18328469520103763,-0.20276256748556465,-0.21100797451433678,0
Paraguay,Ivory Coast,Friendly,2010-05-30,-0.028317203671007984,-0.10835925374696842,-0.12451361867704258,-0.4630948388457644,-0.3531010631284466,0
Tunisia,France,Friendly,2010-05-30,-0.238758016806782,-0.3984983474407966,-0.19066147859922178,-0.3934626026849777,-0.21124036399058888,0
South Africa,Guatemala,Friendly,2010-05-31,0.04162269792201334,0.2887783752339157,-0.03153372243839181,-0.09532794883734286,-0.10633102558212842,1
Australia,Denmark,Friendly,2010-06-01,0.05694131319892559,-0.2727949139933594,0.2019293125810634,0.04298648455556853,-0.2572871708793568,1
Netherlands,Ghana,Friendly,2010-06-01,0.2753050593046278,0.1777172493842083,0.1712062256809339,0.5415299103201627,0.5326888344676013,1
Switzerland,Costa Rica,Friendly,2010-06-01,0.08495533634422636,0.27332624922850446,-0.16772049286640733,-0.20812178054829622,-0.14181187688508062,-1
Belarus,Sweden,Friendly,2010-06-02,-0.2196528656842287,-0.43173517681460405,0.10157263294422836,0.04044759867639636,0.053836414981711156,-1
Greece,Paraguay,Friendly,2010-06-02,-0.03411647574430687,0.10974095097935388,0.09768158236057067,0.5826824832453713,0.3971539549895872,-1
Norway,Ukraine,Friendly,2010-06-02,0.080257250582912,0.09297335794152062,0.29920557717250285,0.26999452568725335,-0.17741856102563375,-1
Italy,Mexico,Friendly,2010-06-03,-0.010560646069451396,0.2805771850642893,-0.13578145265888453,-0.27013118527225743,-0.3568202595027106,-1
Spain,South Korea,Friendly,2010-06-03,0.21636978748638858,0.3149452138200486,0.07392996108949401,0.2710770149819244,0.414595953276771,1
Japan,Ivory Coast,Friendly,2010-06-04,0.14566849685211358,-0.007130479785196542,0.14785992217898847,0.24357320696016393,0.23473613111218417,-1
Slovenia,New Zealand,Friendly,2010-06-04,0.01327713503961303,0.2560604600494254,-0.0034857328145263544,0.2894055133678012,0.30421594125189383,1
Algeria,United Arab Emirates,Friendly,2010-06-05,0.15758083674292078,0.2387276026122498,0.14356355382619967,-0.32365449537638236,-0.00045350421092843485,1
Australia,United States,Friendly,2010-06-05,0.0505503038460704,-0.27532331127363685,0.2684824902723735,-0.27756606220679636,-0.38676647365577016,-1
Ghana,Latvia,Friendly,2010-06-05,0.281301443427008,0.3309412634326194,-0.12491893644617391,-0.22471299186885063,-0.19908157568017865,1
Netherlands,Hungary,Friendly,2010-06-05,0.1934291520383995,0.18273616427640071,0.04628728923476,0.3168169184513121,0.33360725878742264,1
South Africa,Denmark,Friendly,2010-06-05,-0.10998274759029569,-0.2718659142447257,-0.03153372243839181,-0.09532794883734286,-0.10633102558212842,1
Switzerland,Italy,Friendly,2010-06-05,-0.03208186000904667,-0.1320782575275663,-0.16772049286640733,-0.20812178054829622,-0.14181187688508062,0
Spain,Poland,Friendly,2010-06-08,0.35494212639236133,0.2791710618319301,0.17858300907911773,0.3109050827479565,0.5076623979820805,1
South Africa,Mexico,FIFA World Cup,2010-06-11,-0.16300636742328267,-0.10550460241114612,-0.16731517509727634,-0.3654591341096003,-0.46315128508483905,0
Uruguay,France,FIFA World Cup,2010-06-11,-0.1438873952771973,-0.16166735080828243,-0.4124513618677042,-0.18353737314858654,-0.32656760659280315,0
Argentina,Nigeria,FIFA World Cup,2010-06-12,0.22869125139854218,0.15181013178232927,0.0034857328145263544,0.4173175167546287,0.5712484851629125,1
England,United States,FIFA World Cup,2010-06-12,0.1183677069619502,0.20217464665214724,0.38521400778210124,-0.3104803264496414,-0.09442752680425925,0
South Korea,Greece,FIFA World Cup,2010-06-12,0.1253278079093425,-0.10941899895867291,0.10465304798962372,0.039828067766032094,0.0930664447053095,1
Algeria,Slovenia,FIFA World Cup,2010-06-13,0.15327165692964728,0.06489184953380533,0.14356355382619967,-0.32365449537638236,-0.00045350421092843485,-1
Germany,Australia,FIFA World Cup,2010-06-13,0.03920546758600163,0.3909350232153166,-0.14396887159533067,0.15639417797054112,0.7457931619113389,1
Serbia,Ghana,FIFA World Cup,2010-06-13,0.11808778346598925,0.035661166157152646,0.12491893644617391,0.22471299186885063,0.19908157568017865,-1
Italy,Paraguay,FIFA World Cup,2010-06-14,0.0901852706369679,0.2532616807236221,0.09768158236057067,0.5826824832453713,0.3971539549895872,0
Netherlands,Denmark,FIFA World Cup,2010-06-14,0.09558808126059093,0.10958573968167418,0.04628728923476,0.3168169184513121,0.33360725878742264,1
Ivory Coast,Portugal,FIFA World Cup,2010-06-15,-0.13221510384288138,-0.14707895212128363,-0.0038910505836576847,-0.2161800086138208,-0.3102173871822461,0
New Zealand,Slovakia,FIFA World Cup,2010-06-15,0.038267910721153875,-0.24459317257179247,0.0034857328145263544,-0.2894055133678012,-0.30421594125189383,0
South Africa,Uruguay,FIFA World Cup,2010-06-16,-0.14922498676801021,-0.29144280069794526,0.22957198443579757,-0.1856655339741271,-0.26061141611105276,-1
Spain,Switzerland,FIFA World Cup,2010-06-16,0.24947770902350297,0.19408374264467376,0.34630350194552506,0.5190268632962527,0.6494742748671611,-1
Argentina,South Korea,FIFA World Cup,2010-06-17,0.1856724330810462,0.23322443742599663,-0.10116731517509736,0.3774894489885966,0.47818204045760304,1
France,Mexico,FIFA World Cup,2010-06-17,0.13010601462192484,0.34760554909508157,0.015564202334630295,0.0037437730131133495,0.12402773761901686,-1
England,Algeria,FIFA World Cup,2010-06-18,0.08154312708867528,0.2580020677115922,0.17509727626459148,0.33372671568910584,0.03550528018308252,0
Germany,Serbia,FIFA World Cup,2010-06-18,0.15777597536297483,0.15061045276733864,0.05796044098573272,0.19938066252610964,0.48850599103198206,-1
Slovenia,United States,FIFA World Cup,2010-06-18,-0.11644707705637236,-0.12071927059325027,0.06655317769131008,-0.3205525467623649,-0.12947930277641334,0
Ghana,Australia,FIFA World Cup,2010-06-19,-0.23665829124296245,0.2046634042908253,-0.3268482490272373,-0.26769947642441916,0.05820559519917817,0
Netherlands,Japan,FIFA World Cup,2010-06-19,-0.030675322389098314,0.1474027732128147,-0.12840466926070038,0.19283135589075506,0.14292401953637912,1
Brazil,Ivory Coast,FIFA World Cup,2010-06-20,0.11906623085046997,0.1600992584038985,-0.2178988326848248,0.31787054226739264,0.40141960850002567,1
Italy,New Zealand,FIFA World Cup,2010-06-20,0.16579617650666578,0.48846720659310794,-0.0034857328145263544,0.2894055133678012,0.30421594125189383,0
Slovakia,Paraguay,FIFA World Cup,2010-06-20,-0.11387881659085175,0.009387646702306629,0.09768158236057067,0.5826824832453713,0.3971539549895872,-1
Chile,Switzerland,FIFA World Cup,2010-06-21,-0.1281802827286782,-0.17411158976053764,0.16772049286640733,0.20812178054829622,0.14181187688508062,1
Spain,Honduras,FIFA World Cup,2010-06-21,0.3879991139736516,0.5936811625827878,0.17858300907911773,0.3109050827479565,0.5076623979820805,1
Greece,Argentina,FIFA World Cup,2010-06-22,-0.3110002409903887,-0.12380543846732373,-0.0034857328145263544,-0.4173175167546287,-0.5712484851629125,-1
Mexico,Uruguay,FIFA World Cup,2010-06-22,0.013781380655272457,-0.18593819828679914,0.3968871595330739,0.17979360013547319,0.20253986897378629,-1
Nigeria,South Korea,FIFA World Cup,2010-06-22,-0.04301881831749599,0.08141430564366736,-0.10465304798962372,-0.039828067766032094,-0.0930664447053095,0
South Africa,France,FIFA World Cup,2010-06-22,-0.2931123820452075,-0.4531101515062277,-0.18287937743190663,-0.36920290712271364,-0.5871790227038559,1
Australia,Serbia,FIFA World Cup,2010-06-23,0.1185705077769732,-0.24032457044797795,0.2019293125810634,0.04298648455556853,-0.2572871708793568,1
Ghana,Germany,FIFA World Cup,2010-06-23,-0.2758637588289641,-0.1862716189244913,-0.18287937743190663,-0.4240936543949603,-0.6875875667121607,-1
Slovenia,England,FIFA World Cup,2010-06-23,-0.23481478401832256,-0.3228939172453975,-0.31866083009079116,-0.010072220312723479,-0.03505177597215409,-1
United States,Algeria,FIFA World Cup,2010-06-23,-0.03682457987327492,0.05582742105944494,-0.21011673151750976,0.6442070421387472,0.12993280698734178,1
Denmark,Japan,FIFA World Cup,2010-06-24,-0.12626340364968924,0.03781703353114052,-0.17469195849546038,-0.12398556256055704,-0.19068323925104352,-1
Paraguay,New Zealand,FIFA World Cup,2010-06-24,0.07561090586969788,0.23520552586948584,-0.10116731517509703,-0.2932769698775701,-0.09293801373769339,0
Chile,Spain,FIFA World Cup,2010-06-25,-0.3776579917521812,-0.3681953324052114,-0.17858300907911773,-0.3109050827479565,-0.5076623979820805,-1
Portugal,Brazil,FIFA World Cup,2010-06-25,0.013148872992411409,-0.013020306282614857,0.22178988326848248,-0.10169053365357184,-0.09120222131777955,0
Switzerland,Honduras,FIFA World Cup,2010-06-25,0.13852140495014864,0.39959741993811404,-0.16772049286640733,-0.20812178054829622,-0.14181187688508062,0
Uruguay,South Korea,FIFA World Cup,2010-06-26,-0.004246796113888784,0.15830074192545096,-0.3657587548638131,0.050509517370752155,0.061213945823614835,1
United States,Ghana,FIFA World Cup,2010-06-26,0.18610798739689205,0.07065990698281155,0.05836575875486383,0.5452655386312155,0.328560878456592,-1
Argentina,Mexico,FIFA World Cup,2010-06-27,0.17613784853966252,0.2608618937873448,-0.13229571984435817,0.14718633148237126,0.21442822566020192,1
Germany,England,FIFA World Cup,2010-06-27,-0.028611935529878174,-0.0865629347104675,-0.26070038910505844,0.18930844221338616,0.45345421505982797,1
Brazil,Chile,FIFA World Cup,2010-06-28,0.21746030662223492,0.32138667871534876,-0.1910667963683529,0.19828289786778575,0.35736671663888503,1
Netherlands,Slovakia,FIFA World Cup,2010-06-28,0.257189194724875,0.23924390047227995,0.04628728923476,0.3168169184513121,0.33360725878742264,1
Paraguay,Japan,FIFA World Cup,2010-06-29,-0.17398570052312157,-0.10122877396177188,-0.27237354085603105,-0.7066680458059283,-0.5878371942406307,0
Spain,Portugal,FIFA World Cup,2010-06-29,0.14704881213753485,0.0598289599724775,0.14785992217898813,0.21431271853374256,0.24149790266097504,1
Netherlands,Brazil,FIFA World Cup,2010-07-02,-0.004073056387454699,-0.019826964976280337,0.23735408560311289,0.11853402058352636,-0.023759457851462384,1
Uruguay,Ghana,FIFA World Cup,2010-07-02,0.21895921722175138,0.08770839615575365,-0.13618677042801547,0.3150505770056349,0.353361966209103,0
Argentina,Germany,FIFA World Cup,2010-07-03,0.13301468758772228,-0.023639527268191962,-0.054474708171206365,0.21793685422851905,0.08274249413093049,-1
Paraguay,Spain,FIFA World Cup,2010-07-03,-0.3075811196514242,-0.31526716584072956,-0.2762645914396884,-0.8935875659933278,-0.9048163529716677,-1
Uruguay,Netherlands,FIFA World Cup,2010-07-06,-0.05634584208287641,-0.09000885322845464,-0.3073929961089494,-0.22647933331452785,-0.1793268682584983,-1
Germany,Spain,FIFA World Cup,2010-07-07,-0.16371204199306466,-0.05808124912585999,-0.12062256809338501,-0.11152442022184683,-0.01915640695009846,-1
Uruguay,Germany,FIFA World Cup,2010-07-10,-0.0569045416072127,-0.09856322276873763,-0.3190661478599221,-0.1090430773893254,-0.3342256005030577,-1
Netherlands,Spain,FIFA World Cup,2010-07-11,-0.16427074151740095,-0.06663561866614298,-0.13229571984435773,0.005911835703355628,-0.17405513919465787,-1
Italy,Ivory Coast,Friendly,2010-08-10,0.06186806696595992,0.14490242697665368,-0.026832036316471908,0.1195876443996069,0.04405289186114064,-1
United States,Brazil,Friendly,2010-08-10,-0.09327012829519044,-0.12688430737767709,0.1245136186770428,0.12226964889457914,-0.2278874138624717,-1
Albania,Uzbekistan,Friendly,2010-08-11,-0.21120570315550102,0.31087857666763963,-0.015158884565499298,-0.06528796669549886,0.3068674081226421,1
Armenia,Iran,Friendly,2010-08-11,-0.44974235851489697,0.020349806461098296,-0.015158884565499187,-0.1555665259954644,-0.024665203476906317,-1
Austria,Switzerland,Friendly,2010-08-11,-0.03516945254662285,-0.025576071184810978,0.19844357976653693,0.14191877765143734,-0.02853152271772086,-1
Bolivia,Colombia,Friendly,2010-08-11,-0.28155290819552925,-0.37187993782988205,0.18328469520103763,-0.20276256748556465,-0.21100797451433678,0
Czech Republic,Latvia,Friendly,2010-08-11,0.3603067973229477,0.30265190847456,-0.058771076523994825,-0.13685303135083382,-0.2552704005231975,1
Denmark,Germany,Friendly,2010-08-11,-0.09614678078492722,-0.11814010922195717,-0.05796044098573272,-0.19938066252610964,-0.48850599103198206,0
Egypt,DR Congo,Friendly,2010-08-11,0.05382019110260994,0.1079947888162347,-0.1750972762645916,-0.28940551336780107,0.32153678130898833,1
England,Hungary,Friendly,2010-08-11,0.22259978709261397,0.2778534685271512,0.31866083009079116,0.010072220312723479,0.03505177597215409,1
Finland,Belgium,Friendly,2010-08-11,-0.2620361041349488,-0.2907331371028228,0.08211738002594038,-0.3744116380973521,-0.4685673134214497,1
Republic of Ireland,Argentina,Friendly,2010-08-11,-0.37561532596465086,-0.18137824828287785,-0.0034857328145263544,-0.4173175167546287,-0.5712484851629125,-1
South Korea,Nigeria,Friendly,2010-08-11,0.04301881831749599,-0.08141430564366736,0.10465304798962372,0.039828067766032094,0.0930664447053095,1
Mexico,Spain,Friendly,2010-08-11,-0.2068352029450049,-0.34258267018139676,-0.0428015564202332,-0.04077389747569904,-0.1508421384793699,0
Norway,France,Friendly,2010-08-11,-0.18236599338658688,-0.12817484463899165,0.14785992217898802,-0.0038804325981174337,-0.6582665581473612,1
Panama,Venezuela,Friendly,2010-08-11,0.05351798525800833,-0.11167041138457634,0.10076199740596625,-0.05260961924078611,-0.22508227086514676,1
Paraguay,Costa Rica,Friendly,2010-08-11,0.026851925716305125,0.15214282603244866,-0.09768158236057067,-0.5826824832453713,-0.3971539549895872,1
Senegal,Cape Verde,Friendly,2010-08-11,0.2136897165016487,0.3164948003899366,0.36575875486381293,-0.02682998486149646,0.3255320589615548,1
Slovakia,Croatia,Friendly,2010-08-11,-0.22045356037269026,-0.08658788058553002,-0.15134565499351482,0.12679409732272107,-0.05288409096633656,0
Slovenia,Australia,Friendly,2010-08-11,-0.16699738090244276,0.15460404068038658,-0.2019293125810634,-0.04298648455556853,0.2572871708793568,1
South Africa,Ghana,Friendly,2010-08-11,0.06973423045374116,-0.2037344045421916,0.0933852140077821,0.12938504303150777,0.09275055009805022,1
Sweden,Scotland,Friendly,2010-08-11,-0.0031751116278997404,0.07810426261435754,-0.035019455252918275,0.02753305694094932,0.06773907817434066,1
Ukraine,Netherlands,Friendly,2010-08-11,-0.175081690775178,-0.14948970500068448,-0.04628728923476,-0.3168169184513121,-0.33360725878742264,0
Belgium,Germany,UEFA Euro qualification,2010-09-03,-0.10346968924000799,-0.08514454263524218,-0.1400778210116731,0.17503097557124248,-0.019938677610532363,-1
England,Bulgaria,UEFA Euro qualification,2010-09-03,0.4134001367799276,0.4832417373405238,0.31866083009079116,0.010072220312723479,0.03505177597215409,1
France,Belarus,UEFA Euro qualification,2010-09-03,0.49083844140731614,0.6035014538769818,0.15134565499351482,0.2738749582853708,0.4808479971217275,-1
Iceland,Norway,UEFA Euro qualification,2010-09-03,-0.25705178619618385,-0.2534321860171427,-0.29920557717250285,-0.26999452568725335,0.17741856102563375,-1
Latvia,Croatia,UEFA Euro qualification,2010-09-03,-0.5198708683794511,-0.3560024929300778,-0.15134565499351482,0.12679409732272107,-0.05288409096633656,-1
Lithuania,Scotland,UEFA Euro qualification,2010-09-03,-0.4059510132170596,-0.32837088944555815,0.06655317769131008,0.06798065561734568,0.12157549315605182,0
Panama,Costa Rica,Friendly,2010-09-03,0.053243815871936384,-0.03375257365804263,0.10076199740596625,-0.05260961924078611,-0.22508227086514676,0
Portugal,Cyprus,UEFA Euro qualification,2010-09-03,0.5433589030553603,0.5036729222907725,0.030723086900129593,0.09659236421421391,0.2661644953211055,0
San Marino,Netherlands,UEFA Euro qualification,2010-09-03,-0.8357292584825988,-0.9048826957492493,-0.04628728923476,-0.3168169184513121,-0.33360725878742264,-1
Sweden,Hungary,UEFA Euro qualification,2010-09-03,0.00978512950963295,0.0826283847938507,-0.10157263294422836,-0.04044759867639636,-0.053836414981711156,1
Switzerland,Australia,Friendly,2010-09-03,-0.04656019944443668,0.2549325296965028,-0.3696498054474707,-0.25110826510386475,0.1154752939942762,0
Venezuela,Colombia,Friendly,2010-09-03,-0.16731923040722552,-0.19228209478300196,0.18328469520103763,-0.20276256748556465,-0.21100797451433678,-1
Canada,Peru,Friendly,2010-09-04,0.15790452989483406,0.19803522696834097,-0.047097924773022104,-0.3349093208565356,-0.2038338995815443,-1
Japan,Paraguay,Friendly,2010-09-04,0.17398570052312157,0.10122877396177188,0.27237354085603105,0.7066680458059283,0.5878371942406307,1
Mexico,Ecuador,Friendly,2010-09-04,-0.0035412943894623794,-0.17162061598940204,0.21011673151750965,0.7316013856647162,0.577593680961153,-1
DR Congo,Senegal,African Cup of Nations qualification,2010-09-05,-0.1444709217376674,-0.27791801933551863,-0.17120622568093358,0.02682998486149646,-0.1936087818610569,-1
Argentina,Spain,Friendly,2010-09-07,-0.03069735440534238,-0.08172077639405195,-0.17509727626459137,0.10641243400667222,0.06358608718083203,1
Austria,Kazakhstan,UEFA Euro qualification,2010-09-07,0.30182662404275185,0.3609683594105948,0.030723086900129593,-0.06620300289685888,-0.17034339960280148,1
Canada,Honduras,Friendly,2010-09-07,0.13832721920507773,0.2743561450444063,-0.047097924773022104,-0.3349093208565356,-0.2038338995815443,1
Croatia,Greece,UEFA Euro qualification,2010-09-07,0.14069121952614538,-0.013765423691517231,0.15134565499351482,-0.12679409732272107,0.05288409096633656,0
Czech Republic,Lithuania,UEFA Euro qualification,2010-09-07,0.3901202187092383,0.300576327200198,-0.058771076523994825,-0.13685303135083382,-0.2552704005231975,-1
Estonia,Uzbekistan,Friendly,2010-09-07,-0.42603306768120275,0.08210913881560833,-0.015158884565499298,-0.06528796669549886,0.3068674081226421,0
Germany,Azerbaijan,UEFA Euro qualification,2010-09-07,0.4863050734875869,0.4990737303550046,0.05796044098573272,0.19938066252610964,0.48850599103198206,1
Japan,Guatemala,Friendly,2010-09-07,0.2778688491619983,0.5228272559475009,0.17469195849546038,0.12398556256055704,0.19068323925104352,1
South Korea,Iran,Friendly,2010-09-07,-0.0074481103871200105,0.1744958400132237,0.08949416342412453,-0.1157384582294323,0.06840124122840319,-1
Mexico,Colombia,Friendly,2010-09-07,-0.039447218598429146,-0.1453726108177542,0.31906614785992216,0.06736861778669279,0.14581228498837384,1
Netherlands,Finland,UEFA Euro qualification,2010-09-07,0.3649470938506205,0.36732331019778197,0.04628728923476,0.3168169184513121,0.33360725878742264,1
Norway,Portugal,UEFA Euro qualification,2010-09-07,-0.1120463695721321,-0.06332300575282934,0.26848249027237325,0.17340216147303944,-0.4435830563467392,1
Poland,Australia,Friendly,2010-09-07,-0.15202461681329504,0.1698452105092465,-0.2019293125810634,-0.04298648455556853,0.2572871708793568,-1
Qatar,Oman,Friendly,2010-09-07,-0.0062779010911449,0.14510210779123245,-0.3505998702983139,0.14094039069622344,-0.198852276628324,0
Sweden,San Marino,UEFA Euro qualification,2010-09-07,0.6520852359538323,0.8047749162666993,-0.10157263294422836,-0.04044759867639636,-0.053836414981711156,1
Switzerland,England,UEFA Euro qualification,2010-09-07,-0.11437760256031648,-0.22256542822928127,-0.4863813229571985,-0.2181940008610197,-0.1768636528572347,-1
Venezuela,Ecuador,Friendly,2010-09-07,-0.13141330619825875,-0.21853009995464978,0.07433527885862512,0.4614702003924588,0.22077342145844248,1
Jordan,Iraq,Friendly,2010-09-16,-0.0008672106028972948,-0.09387668194444432,0.06614785992217898,0.0,0.3214177782901954,1
Iraq,Oman,Friendly,2010-09-21,0.09941654091416541,0.15114706289080848,-0.03542477302204938,0.10568095735082217,-0.3806641869716393,1
Oman,Iran,WAFF Championship,2010-09-28,-0.1910180416820595,-0.23058218799421626,-0.015158884565499187,-0.1555665259954644,-0.024665203476906317,0
Iran,Iraq,WAFF Championship,2010-10-01,0.09160150076789408,0.07943512510340778,0.05058365758754857,0.04988556864464222,0.4053293904485456,1
Iran,Brazil,Friendly,2010-10-07,-0.04872399196932231,-0.44263240014340965,0.20622568093385207,-0.04271637187232136,-0.3327015131619787,-1
Austria,Azerbaijan,UEFA Euro qualification,2010-10-08,0.36536995391052574,0.3374951656513798,0.030723086900129593,-0.06620300289685888,-0.17034339960280148,1
Colombia,Ecuador,Friendly,2010-10-08,0.035905924208966766,-0.026248005171647826,-0.10894941634241251,0.6642327678780234,0.43178139597277926,1
Cyprus,Norway,UEFA Euro qualification,2010-10-08,-0.4313125334832282,-0.4403499165379432,-0.29920557717250285,-0.26999452568725335,0.17741856102563375,-1
Czech Republic,Scotland,UEFA Euro qualification,2010-10-08,-0.015830794507821322,-0.027794562245360144,0.0077821011673152585,-0.06887237573348814,-0.13369490736714568,1
Indonesia,Uruguay,Friendly,2010-10-08,-0.28250932886623903,-0.31878644132476186,0.2611057068741894,-0.09033758513678425,-0.15428039052892434,-1
Japan,Argentina,Friendly,2010-10-08,-0.10289806472296026,-0.13231761548490573,0.17120622568093402,-0.29333195419407165,-0.380565245911869,1
Kazakhstan,Belgium,UEFA Euro qualification,2010-10-08,-0.319292054379805,-0.43740238147897736,0.08211738002594038,-0.3744116380973521,-0.4685673134214497,-1
Moldova,Netherlands,UEFA Euro qualification,2010-10-08,-0.5544511417123132,-0.5382079901348336,-0.04628728923476,-0.3168169184513121,-0.33360725878742264,-1
Montenegro,Switzerland,UEFA Euro qualification,2010-10-08,-0.33120353346459375,-0.22363624692543338,0.16772049286640733,0.20812178054829622,0.14181187688508062,1
Panama,El Salvador,Friendly,2010-10-08,0.23658926355663357,0.1674533133035978,0.10076199740596625,-0.05260961924078611,-0.22508227086514676,1
Portugal,Denmark,UEFA Euro qualification,2010-10-08,0.11281001064045704,0.11639239837533966,0.030723086900129593,0.09659236421421391,0.2661644953211055,1
Spain,Lithuania,UEFA Euro qualification,2010-10-08,0.7506906656353274,0.5732185502086087,0.17858300907911773,0.3109050827479565,0.5076623979820805,1
Ukraine,Canada,Friendly,2010-10-08,-0.08968053752400507,0.10319969387155403,0.047097924773022104,0.3349093208565356,0.2038338995815443,0
Australia,Paraguay,Friendly,2010-10-09,0.10466361007235792,-0.13374910650044702,0.29961089494163406,0.6256689678009398,0.1398667841102304,1
France,Romania,UEFA Euro qualification,2010-10-09,0.36598050239610846,0.325437659645615,0.15134565499351482,0.2738749582853708,0.4808479971217275,1
Israel,Croatia,UEFA Euro qualification,2010-10-09,-0.2668948971005658,-0.14606391862849,-0.15134565499351482,0.12679409732272107,-0.05288409096633656,-1
New Zealand,Honduras,Friendly,2010-10-09,0.004807088452529529,0.0432084708725724,0.0034857328145263544,-0.2894055133678012,-0.30421594125189383,0
Saudi Arabia,Uzbekistan,Friendly,2010-10-09,-0.11815694595364024,0.16479657748692444,-0.17898832684824906,-0.2372683989965103,0.2164324806359636,1
United States,Poland,Friendly,2010-10-09,0.10147431296722464,0.10547810076439035,-0.06655317769131008,0.3205525467623649,0.12947930277641334,0
Brazil,Ukraine,Friendly,2010-10-11,0.1791547471626327,0.16931666997696482,-0.1910667963683529,0.19828289786778575,0.35736671663888503,1
Belgium,Austria,UEFA Euro qualification,2010-10-12,0.017465430337053167,0.07643402206838257,-0.11284046692606997,0.440614640994211,0.6389107130242512,0
Bulgaria,Saudi Arabia,Friendly,2010-10-12,-0.19182416553327708,0.05597686675277336,0.16382944228274976,0.17198043230101145,0.09043492748667853,1
Croatia,Norway,Friendly,2010-10-12,0.05808880584008125,-0.09613967282758606,-0.14785992217898802,-0.3967886230099744,0.2303026519919703,1
Ecuador,Poland,Friendly,2010-10-12,0.1516482178368188,0.10820900763993535,-0.07433527885862512,-0.4614702003924588,-0.22077342145844248,0
England,Montenegro,UEFA Euro qualification,2010-10-12,0.44558113602491023,0.44620167515471465,0.31866083009079116,0.010072220312723479,0.03505177597215409,0
France,Luxembourg,UEFA Euro qualification,2010-10-12,0.5723447943632709,0.4974505860224565,0.15134565499351482,0.2738749582853708,0.4808479971217275,1
Iceland,Portugal,UEFA Euro qualification,2010-10-12,-0.36909815576831595,-0.316755191769972,-0.030723086900129593,-0.09659236421421391,-0.2661644953211055,-1
Kazakhstan,Germany,UEFA Euro qualification,2010-10-12,-0.422761743619813,-0.5225469241142195,-0.05796044098573272,-0.19938066252610964,-0.48850599103198206,-1
South Korea,Japan,Friendly,2010-10-12,-0.08277436835808594,-0.10090682194109091,-0.07003891050583666,-0.08415749479452495,-0.09761679454573402,0
Mexico,Venezuela,Friendly,2010-10-12,0.12787201180879637,0.046909483965247745,0.13578145265888453,0.27013118527225743,0.3568202595027106,0
Netherlands,Sweden,UEFA Euro qualification,2010-10-12,0.18364402252876655,0.10010777948255001,0.14785992217898836,0.35726451712770846,0.3874436737691338,1
New Zealand,Paraguay,Friendly,2010-10-12,-0.07561090586969788,-0.23520552586948584,0.10116731517509703,0.2932769698775701,0.09293801373769339,-1
Panama,Peru,Friendly,2010-10-12,0.12638719516761499,0.016197678975501617,0.10076199740596625,-0.05260961924078611,-0.22508227086514676,1
Qatar,Iraq,Friendly,2010-10-12,-0.10569444200531031,-0.006044955099576033,-0.3151750972762645,0.03525943334540127,0.18181191034331529,-1
Scotland,Spain,UEFA Euro qualification,2010-10-12,-0.34473965241826776,-0.24484766076305053,-0.2451361867704278,-0.37888573836530215,-0.6292378911381323,-1
Switzerland,Wales,UEFA Euro qualification,2010-10-12,0.1251053253169716,0.05066862746446077,-0.16772049286640733,-0.20812178054829622,-0.14181187688508062,1
United States,Colombia,Friendly,2010-10-12,-0.08607982907856093,0.023517098296102823,0.11673151750972754,0.11778997927680024,-0.08152867173792344,0
Iraq,India,Friendly,2010-11-11,0.3234677617576023,0.19866177436624977,-0.03542477302204938,0.10568095735082217,-0.3806641869716393,1
Jordan,Cyprus,Friendly,2010-11-16,0.3890173267228352,-0.09925097861787435,0.030723086900129593,0.10568095735082217,-0.059246408681443874,0
Saudi Arabia,Uganda,Friendly,2010-11-16,0.14138354438075051,0.16276123514324725,-0.16382944228274976,-0.17198043230101145,-0.09043492748667853,0
Scotland,Faroe Islands,Friendly,2010-11-16,0.3127377479526092,0.4660412633671589,-0.06655317769131008,-0.06798065561734568,-0.12157549315605182,1
Argentina,Brazil,Friendly,2010-11-17,0.12950033072460387,-0.03491212270418931,0.19455252918287924,0.21903461888684295,0.21388176852402752,1
Austria,Greece,Friendly,2010-11-17,0.05705043382560526,-0.014133598968109062,0.030723086900129593,-0.06620300289685888,-0.17034339960280148,-1
Chile,Uruguay,Friendly,2010-11-17,-0.15704140815190382,-0.21155086051061378,0.2611057068741894,-0.09033758513678425,-0.15428039052892434,1
Colombia,Peru,Friendly,2010-11-17,0.24018844031683217,0.3201501851430799,-0.18328469520103763,0.20276256748556465,0.21100797451433678,0
Croatia,Malta,UEFA Euro qualification,2010-11-17,0.5033021514305085,0.3841623704607944,0.15134565499351482,-0.12679409732272107,0.05288409096633656,1
Denmark,Czech Republic,Friendly,2010-11-17,0.1007116241480972,0.09642086466059352,0.058771076523994825,0.13685303135083382,0.2552704005231975,0
Ecuador,Venezuela,Friendly,2010-11-17,0.13141330619825875,0.21853009995464978,-0.07433527885862512,-0.4614702003924588,-0.22077342145844248,1
Egypt,Australia,Friendly,2010-11-17,-0.07119416322317451,0.14353688232709416,-0.35019455252918286,-0.3323919979233697,0.2819957144517556,1
England,France,Friendly,2010-11-17,-0.05837091814010642,0.023458806670922705,0.16731517509727634,-0.2638027379726473,-0.4457962211495734,-1
Hong Kong,Paraguay,Friendly,2010-11-17,-0.2618078690453678,-0.46542791664468686,0.09768158236057067,0.5826824832453713,0.3971539549895872,-1
Republic of Ireland,Norway,Friendly,2010-11-17,-0.1472174986603263,-0.13994705895162296,-0.29920557717250285,-0.26999452568725335,0.17741856102563375,-1
Luxembourg,Algeria,Friendly,2010-11-17,-0.4324307491344892,-0.26290732498178704,-0.14356355382619967,0.32365449537638236,0.00045350421092843485,0
Northern Ireland,Morocco,Friendly,2010-11-17,-0.397210399965632,-0.20205964804313847,-0.24083981841763946,0.1826628528783134,-0.0765288217990438,0
Panama,Honduras,Friendly,2010-11-17,0.10680988447785866,0.09251859705156695,0.10076199740596625,-0.05260961924078611,-0.22508227086514676,1
Poland,Ivory Coast,Friendly,2010-11-17,-0.07567821041194511,-0.07226314973816894,-0.026832036316471908,0.1195876443996069,0.04405289186114064,1
Portugal,Spain,Friendly,2010-11-17,-0.14704881213753485,-0.0598289599724775,-0.14785992217898813,-0.21431271853374256,-0.24149790266097504,1
Russia,Belgium,Friendly,2010-11-17,-0.016115656552345925,-0.06818687617616259,0.08211738002594038,-0.3744116380973521,-0.4685673134214497,-1
Saudi Arabia,Ghana,Friendly,2010-11-17,0.08289972311219174,-0.26638405045833835,-0.03891050583657585,0.05273255956783918,0.10864664819350012,0
South Africa,United States,Friendly,2010-11-17,-0.11637375694315089,-0.27439431152500315,0.035019455252918275,-0.41588049559970774,-0.23581032835854177,-1
Sweden,Germany,Friendly,2010-11-17,-0.18420272205310284,-0.108662149022833,-0.15953307392996108,-0.239828261202506,-0.5423424060136932,0
Switzerland,Ukraine,Friendly,2010-11-17,0.08987472326907597,0.0220415810221537,-0.16772049286640733,-0.20812178054829622,-0.14181187688508062,0
Qatar,Haiti,Friendly,2010-11-18,-0.015633335071448595,-0.06849925544665192,-0.26459143968871585,0.3511031614630764,0.1505158401612,-1
Iraq,United Arab Emirates,Gulf Cup,2010-11-23,0.0737008924276199,-0.10062819419744562,-0.03542477302204938,0.10568095735082217,-0.3806641869716393,0
Qatar,Saudi Arabia,Gulf Cup,2010-11-28,-0.049541542162635954,-0.06418421552756648,-0.18677042801556415,0.3129208229972349,-0.10841734914164547,0
Oman,Iraq,Gulf Cup,2010-11-29,-0.09941654091416541,-0.15114706289080848,0.03542477302204938,-0.10568095735082217,0.3806641869716393,0
United Arab Emirates,Saudi Arabia,Gulf Cup,2010-12-02,-0.01754799258494555,0.04248893376945517,0.16382944228274976,0.17198043230101145,0.09043492748667853,-1
Qatar,Egypt,Friendly,2010-12-16,-0.13210594707023215,-0.2694417440221737,-0.20233463035019444,0.4303459040640246,-0.22356082020072277,1
Honduras,Panama,Friendly,2010-12-18,-0.10680988447785866,-0.09251859705156695,-0.10076199740596625,0.05260961924078611,0.22508227086514676,1
Qatar,Estonia,Friendly,2010-12-22,0.25833457956492656,0.018503223143749636,-0.3505998702983139,0.14094039069622344,-0.198852276628324,1
Saudi Arabia,Iraq,Friendly,2010-12-28,-0.05615289984267435,0.05813926042799045,-0.12840466926070038,-0.2776613896518336,0.29022925948496076,-1
Jordan,Uzbekistan,Friendly,2011-01-02,-0.06287125671386318,0.01278063511448968,0.015564202334630295,0.04039299065532331,0.24762099944119825,0
United Arab Emirates,Australia,Friendly,2011-01-05,-0.17130656071571626,-0.019231712398057876,-0.2019293125810634,-0.04298648455556853,0.2572871708793568,0
Qatar,Uzbekistan,AFC Asian Cup,2011-01-07,-0.1676984881162762,0.10061236195935797,-0.3657587548638132,0.07565242400072458,0.10801513149431813,-1
Egypt,Uganda,Nile Basin Tournament,2011-01-08,0.22394794928834671,0.36801876363785446,-0.14826523994811946,-0.2894055133678012,0.024708543572398767,1
Japan,Jordan,AFC Asian Cup,2011-01-09,0.1677949693417573,0.4487144690021667,0.14396887159533078,0.01830460520973487,0.2499296479324874,0
India,Australia,AFC Asian Cup,2011-01-10,-0.42107343004569864,-0.31852168096175326,-0.2019293125810634,-0.04298648455556853,0.2572871708793568,-1
Iraq,Iran,AFC Asian Cup,2011-01-11,-0.09160150076789408,-0.07943512510340778,-0.05058365758754857,-0.04988556864464222,-0.4053293904485456,-1
Jordan,Saudi Arabia,AFC Asian Cup,2011-01-13,0.05528568923977706,-0.15201594237243476,0.19455252918287935,0.2776613896518336,0.031188518805234655,1
Australia,South Korea,AFC Asian Cup,2011-01-14,0.013452277907322285,-0.134071058521128,0.09727626459143968,0.0031584167895364335,-0.3503536155846663,0
DR Congo,Uganda,Nile Basin Tournament,2011-01-14,0.17012775818573678,0.26002397482161976,0.02683203631647213,-1.1102230246251565e-16,-0.29682823773658956,-1
United Arab Emirates,Iraq,AFC Asian Cup,2011-01-15,-0.0737008924276199,0.10062819419744562,0.03542477302204938,-0.10568095735082217,0.3806641869716393,-1
Panama,Nicaragua,UNCAF Cup,2011-01-16,0.22963803677517713,0.3096278994016508,0.10076199740596625,-0.05260961924078611,-0.22508227086514676,1
Egypt,Uganda,Nile Basin Tournament,2011-01-17,0.22394794928834671,0.36801876363785446,-0.14826523994811946,-0.2894055133678012,0.024708543572398767,1
Saudi Arabia,Japan,AFC Asian Cup,2011-01-17,-0.22308065858153436,-0.29669852662973195,-0.33852140077821014,-0.2959659948615685,-0.28111816673772205,-1
South Korea,India,AFC Asian Cup,2011-01-18,0.40762115213837635,0.45259273948288126,0.10465304798962372,0.039828067766032094,0.0930664447053095,1
Panama,El Salvador,UNCAF Cup,2011-01-18,0.23658926355663357,0.1674533133035978,0.10076199740596625,-0.05260961924078611,-0.22508227086514676,1
United Arab Emirates,Iran,AFC Asian Cup,2011-01-19,-0.16530239319551399,0.021193069094037842,-0.015158884565499187,-0.1555665259954644,-0.024665203476906317,-1
Panama,Costa Rica,UNCAF Cup,2011-01-21,0.053243815871936384,-0.03375257365804263,0.10076199740596625,-0.05260961924078611,-0.22508227086514676,0
Qatar,Japan,AFC Asian Cup,2011-01-21,-0.2726222007441703,-0.36088274215729843,-0.5252918287937742,0.0169548281356664,-0.3895355158793675,-1
Uzbekistan,Jordan,AFC Asian Cup,2011-01-21,0.06287125671386318,-0.01278063511448968,-0.015564202334630295,-0.04039299065532331,-0.24762099944119825,1
Australia,Iraq,AFC Asian Cup,2011-01-22,0.09760566828809636,0.1198599065955035,0.23735408560311277,-0.06269447279525364,0.12337701609228247,1
Iran,South Korea,AFC Asian Cup,2011-01-22,0.0074481103871200105,-0.1744958400132237,-0.08949416342412453,0.1157384582294323,-0.06840124122840319,-1
United States,Chile,Friendly,2011-01-22,0.12419017832704449,0.19450237133767168,-0.06655317769131008,0.3205525467623649,0.12947930277641334,0
Panama,El Salvador,UNCAF Cup,2011-01-23,0.23658926355663357,0.1674533133035978,0.10076199740596625,-0.05260961924078611,-0.22508227086514676,0
Japan,South Korea,AFC Asian Cup,2011-01-25,0.08277436835808594,0.10090682194109091,0.07003891050583666,0.08415749479452495,0.09761679454573402,0
Uzbekistan,Australia,AFC Asian Cup,2011-01-25,-0.035601622177130476,-0.2265172236544375,-0.1867704280155641,0.02230148213993033,-0.04958023724328531,-1
Uzbekistan,South Korea,AFC Asian Cup,2011-01-28,-0.02214934426980819,-0.3605882821755655,-0.08949416342412442,0.025459898929466762,-0.39993385282795163,-1
Australia,Japan,AFC Asian Cup,2011-01-29,-0.06932209045076365,-0.2349778804622189,0.027237354085603016,-0.08099907800498851,-0.44797041013040034,-1
Cyprus,Sweden,Cyprus International Tournament,2011-02-08,-0.3424929511467276,-0.39675848411455705,0.10157263294422836,0.04044759867639636,0.053836414981711156,-1
Peru,Panama,Friendly,2011-02-08,-0.12638719516761499,-0.016197678975501617,-0.10076199740596625,0.05260961924078611,0.22508227086514676,1
Argentina,Portugal,Friendly,2011-02-09,0.11635145773219246,-0.02189181642157445,-0.027237354085603238,0.3207251525404148,0.30508398984180707,1
Belgium,Finland,Friendly,2011-02-09,0.2620361041349488,0.2907331371028228,-0.08211738002594038,0.3744116380973521,0.4685673134214497,0
Croatia,Czech Republic,Friendly,2011-02-09,0.1595640710565034,0.05335058445551777,0.21011673151750965,0.010058934028112754,0.30815449148953405,1
Denmark,England,Friendly,2011-02-09,-0.1247587163148054,-0.20470304393242467,-0.31866083009079116,-0.010072220312723479,-0.03505177597215409,-1
El Salvador,Haiti,Friendly,2011-02-09,-0.12719420825140215,-0.16219400024521446,0.08600843060959806,0.21016277076685297,0.349368116789524,1
France,Brazil,Friendly,2011-02-09,0.08346849680686619,0.05183153260354745,0.3424124513618677,0.07559206041758504,0.12348128048284246,1
Germany,Italy,Friendly,2011-02-09,0.05368380702139164,0.003924235991247471,0.05796044098573272,0.19938066252610964,0.48850599103198206,0
Greece,Canada,Friendly,2011-02-09,-0.0920257006271572,0.11379880267700582,0.047097924773022104,0.3349093208565356,0.2038338995815443,1
Honduras,Ecuador,Friendly,2011-02-09,-0.1847052054181091,-0.4227191083907931,0.07433527885862512,0.4614702003924588,0.22077342145844248,0
Iran,Russia,Friendly,2011-02-09,0.07437571068615001,-0.27802838589600753,0.015158884565499187,0.1555665259954644,0.024665203476906317,1
Malta,Switzerland,Friendly,2011-02-09,-0.4548308182765912,-0.4093702663690135,0.16772049286640733,0.20812178054829622,0.14181187688508062,0
Netherlands,Austria,Friendly,2011-02-09,0.12037642005272486,0.15302419516334176,0.015564202334630406,0.383019921348171,0.5039506583902241,1
Norway,Poland,Friendly,2011-02-09,0.09584694468269439,0.15601909610662323,0.29920557717250285,0.26999452568725335,-0.17741856102563375,-1
Scotland,Northern Ireland,Nations Cup,2011-02-09,0.1650192705015927,0.10604902412898332,-0.06655317769131008,-0.06798065561734568,-0.12157549315605182,1
Spain,Colombia,Friendly,2011-02-09,0.16738798434657576,0.19721005936364255,0.36186770428015536,0.10814251526239183,0.29665442346774373,1
Sweden,Ukraine,Cyprus International Tournament,2011-02-09,-0.008562331753588559,0.04938192551813447,-0.10157263294422836,-0.04044759867639636,-0.053836414981711156,0
Argentina,Venezuela,Friendly,2011-03-16,0.3040098603484589,0.30777137775259256,0.0034857328145263544,0.4173175167546287,0.5712484851629125,1
Austria,Belgium,UEFA Euro qualification,2011-03-25,-0.017465430337053167,-0.07643402206838257,0.11284046692606997,-0.440614640994211,-0.6389107130242512,-1
Estonia,Uruguay,Friendly,2011-03-25,-0.44393561583712216,-0.4367798852854081,0.2611057068741894,-0.09033758513678425,-0.15428039052892434,1
Hungary,Netherlands,UEFA Euro qualification,2011-03-25,-0.1934291520383995,-0.18273616427640071,-0.04628728923476,-0.3168169184513121,-0.33360725878742264,-1
South Korea,Honduras,Friendly,2011-03-25,0.17162932648726303,0.2787359487627392,0.10465304798962372,0.039828067766032094,0.0930664447053095,1
Luxembourg,France,UEFA Euro qualification,2011-03-25,-0.5723447943632709,-0.4974505860224565,-0.15134565499351482,-0.2738749582853708,-0.4808479971217275,-1
Montenegro,Uzbekistan,Friendly,2011-03-25,-0.34216211073189995,0.25781350642550693,-0.015158884565499298,-0.06528796669549886,0.3068674081226421,1
Panama,Bolivia,Friendly,2011-03-25,0.16775166304631206,0.06792743166230375,0.10076199740596625,-0.05260961924078611,-0.22508227086514676,1
Spain,Czech Republic,UEFA Euro qualification,2011-03-25,0.3605704469260891,0.2726422230084107,0.23735408560311255,0.4477581140987903,0.7629327985052781,1
Bulgaria,Switzerland,UEFA Euro qualification,2011-03-26,-0.2990225342196111,-0.2606763091112425,0.16772049286640733,0.20812178054829622,0.14181187688508062,0
Colombia,Ecuador,Friendly,2011-03-26,0.035905924208966766,-0.026248005171647826,-0.10894941634241251,0.6642327678780234,0.43178139597277926,1
Georgia,Croatia,UEFA Euro qualification,2011-03-26,-0.23989267868175368,-0.03614433445270526,-0.15134565499351482,0.12679409732272107,-0.05288409096633656,1
Germany,Kazakhstan,UEFA Euro qualification,2011-03-26,0.422761743619813,0.5225469241142195,0.05796044098573272,0.19938066252610964,0.48850599103198206,1
Mexico,Paraguay,Friendly,2011-03-26,0.1007459167064193,-0.027315504340667207,0.2334630350194552,0.8528136685176287,0.7539742144922978,1
Norway,Denmark,UEFA Euro qualification,2011-03-26,0.0007636410683249384,0.053069392622510314,0.29920557717250285,0.26999452568725335,-0.17741856102563375,0
Portugal,Chile,Friendly,2011-03-26,0.23060917961464633,0.3083663724327339,0.030723086900129593,0.09659236421421391,0.2661644953211055,0
South Africa,Egypt,African Cup of Nations qualification,2011-03-26,-0.09572989756604677,-0.14260788257846047,0.11673151750972766,0.19407756453045832,-0.1310395691545272,1
United States,Argentina,Friendly,2011-03-26,-0.2227704590197943,-0.09197218467348778,-0.07003891050583644,-0.0967649699922638,-0.4417691823864992,0
Wales,England,UEFA Euro qualification,2011-03-26,-0.2394829278772881,-0.27323405569374204,-0.31866083009079116,-0.010072220312723479,-0.03505177597215409,-1
Algeria,Morocco,African Cup of Nations qualification,2011-03-27,-0.10409471059763331,-0.08068334527808929,-0.09727626459143979,-0.14099164249806895,-0.07698232600997224,1
Brazil,Scotland,Friendly,2011-03-27,0.1845419672883215,0.1980390070731879,-0.1245136186770428,0.2662635534851314,0.47894220979493685,1
Belarus,Canada,Friendly,2011-03-29,-0.31789573496182233,-0.27915355742491554,0.047097924773022104,0.3349093208565356,0.2038338995815443,-1
Belgium,Azerbaijan,UEFA Euro qualification,2011-03-29,0.3828353842475789,0.4139291877197624,-0.08211738002594038,0.3744116380973521,0.4685673134214497,1
Colombia,Chile,Friendly,2011-03-29,0.21027000740560542,0.17098527304156885,-0.18328469520103763,0.20276256748556465,0.21100797451433678,-1
Costa Rica,Argentina,Friendly,2011-03-29,-0.30373569096238695,-0.38568921547912627,-0.0034857328145263544,-0.4173175167546287,-0.5712484851629125,0
Ecuador,Peru,Friendly,2011-03-29,0.2042825161078654,0.34639819031472774,-0.07433527885862512,-0.4614702003924588,-0.22077342145844248,0
England,Ghana,Friendly,2011-03-29,0.30447569435884225,0.2728345536349588,0.44357976653696507,0.2347852121815741,0.23413335165233273,0
France,Croatia,Friendly,2011-03-29,0.12427718754650563,0.2243145174665777,0.0,0.40066905560809185,0.4279639061553909,0
Germany,Australia,Friendly,2011-03-29,0.03920546758600163,0.3909350232153166,-0.14396887159533067,0.15639417797054112,0.7457931619113389,-1
Republic of Ireland,Uruguay,Friendly,2011-03-29,-0.18569609676971588,-0.10645455278233218,0.2611057068741894,-0.09033758513678425,-0.15428039052892434,-1
Lithuania,Spain,UEFA Euro qualification,2011-03-29,-0.7506906656353274,-0.5732185502086087,-0.17858300907911773,-0.3109050827479565,-0.5076623979820805,-1
Mexico,Venezuela,Friendly,2011-03-29,0.12787201180879637,0.046909483965247745,0.13578145265888453,0.27013118527225743,0.3568202595027106,0
Netherlands,Hungary,UEFA Euro qualification,2011-03-29,0.1934291520383995,0.18273616427640071,0.04628728923476,0.3168169184513121,0.33360725878742264,1
Oman,Tunisia,Friendly,2011-03-29,-0.084452513651466,-0.32654777330037676,0.03931582360570696,0.1195876443996069,-0.2696076331311386,1
Portugal,Finland,Friendly,2011-03-29,0.3821690232304866,0.37412996889144745,0.030723086900129593,0.09659236421421391,0.2661644953211055,1
Qatar,Russia,Friendly,2011-03-29,-0.12292023208705438,-0.36350846609899135,-0.3505998702983139,0.14094039069622344,-0.198852276628324,0
Sweden,Moldova,UEFA Euro qualification,2011-03-29,0.3708071191835467,0.43810021065228355,-0.10157263294422836,-0.04044759867639636,-0.053836414981711156,1
United States,Paraguay,Friendly,2011-03-29,0.054113306226287516,0.14157420477318983,0.03112840466926059,0.9032350300077362,0.5266332577660006,-1
Argentina,Ecuador,Friendly,2011-04-20,0.17259655415020014,0.08924127779794278,0.07782101167315147,0.8787877171470875,0.792021906621355,0
Argentina,Paraguay,Friendly,2011-05-25,0.2768837652460818,0.2335463894466776,0.10116731517509703,1.0,0.9684024401524998,1
Wales,Scotland,Nations Cup,2011-05-25,-0.029843381922206813,9.529065391600255e-05,0.06655317769131008,0.06798065561734568,0.12157549315605182,-1
Mexico,Ecuador,Friendly,2011-05-28,-0.0035412943894623794,-0.17162061598940204,0.21011673151750965,0.7316013856647162,0.577593680961153,0
Germany,Uruguay,Friendly,2011-05-29,0.0569045416072127,0.09856322276873763,0.3190661478599221,0.1090430773893254,0.3342256005030577,1
Republic of Ireland,Scotland,Nations Cup,2011-05-29,-0.06157302795172548,-0.01825136391387927,0.06655317769131008,0.06798065561734568,0.12157549315605182,1
Canada,Ecuador,Friendly,2011-06-01,-0.04637798621303135,-0.14836296334638677,0.027237354085603016,0.1265608795359232,0.016939521876898178,0
Japan,Peru,Kirin Cup,2011-06-01,0.2739810055351053,0.3033218526277648,0.17469195849546038,0.12398556256055704,0.19068323925104352,0
Mexico,New Zealand,Friendly,2011-06-01,0.17635682257611718,0.20789002152881864,0.13229571984435817,0.5595366986400586,0.6610362007546045,1
Nigeria,Argentina,Friendly,2011-06-01,-0.22869125139854218,-0.15181013178232927,-0.0034857328145263544,-0.4173175167546287,-0.5712484851629125,1
Ukraine,Uzbekistan,Friendly,2011-06-01,-0.10083330053638218,0.4594081723287866,-0.015158884565499298,-0.06528796669549886,0.3068674081226421,1
Austria,Germany,UEFA Euro qualification,2011-06-03,-0.12093511957706116,-0.16157856470362475,-0.027237354085603127,-0.2655836654229685,-0.6588493906347835,-1
Belarus,France,UEFA Euro qualification,2011-06-03,-0.49083844140731614,-0.6035014538769818,-0.15134565499351482,-0.2738749582853708,-0.4808479971217275,0
Croatia,Georgia,UEFA Euro qualification,2011-06-03,0.23989267868175368,0.03614433445270526,0.15134565499351482,-0.12679409732272107,0.05288409096633656,1
South Korea,Serbia,Friendly,2011-06-03,0.10511822986965091,-0.10625351192684995,0.10465304798962372,0.039828067766032094,0.0930664447053095,1
Moldova,Sweden,UEFA Euro qualification,2011-06-03,-0.3708071191835467,-0.43810021065228355,0.10157263294422836,0.04044759867639636,0.053836414981711156,-1
Bolivia,Paraguay,Copa Paz del Chaco,2011-06-04,-0.1413597728906808,-0.25382283135279504,0.09768158236057067,0.5826824832453713,0.3971539549895872,-1
Brazil,Netherlands,Friendly,2011-06-04,0.004073056387454699,0.019826964976280337,-0.23735408560311289,-0.11853402058352636,0.023759457851462384,0
England,Switzerland,UEFA Euro qualification,2011-06-04,0.11437760256031648,0.22256542822928127,0.4863813229571985,0.2181940008610197,0.1768636528572347,0
Morocco,Algeria,African Cup of Nations qualification,2011-06-04,0.10409471059763331,0.08068334527808929,0.09727626459143979,0.14099164249806895,0.07698232600997224,1
Peru,Czech Republic,Kirin Cup,2011-06-04,-0.04700597773731885,-0.2447180214983118,0.058771076523994825,0.13685303135083382,0.2552704005231975,0
Portugal,Norway,UEFA Euro qualification,2011-06-04,0.1120463695721321,0.06332300575282934,-0.26848249027237325,-0.17340216147303944,0.4435830563467392,1
United States,Spain,Friendly,2011-06-04,-0.2534678134251367,-0.17369296106753973,-0.2451361867704278,0.009647464014408413,-0.3781830952056672,-1
Australia,New Zealand,Friendly,2011-06-05,0.1802745159420558,0.10145641936903882,0.19844357976653704,0.3323919979233697,0.04692877037253701,1
Egypt,South Africa,African Cup of Nations qualification,2011-06-05,0.09572989756604677,0.14260788257846047,-0.11673151750972766,-0.19407756453045832,0.1310395691545272,0
Mexico,El Salvador,Gold Cup,2011-06-05,0.3109432901074216,0.3260332086534219,0.13578145265888453,0.27013118527225743,0.3568202595027106,1
Poland,Argentina,Friendly,2011-06-05,-0.32424477198701895,-0.19745028543787813,-0.0034857328145263544,-0.4173175167546287,-0.5712484851629125,1
Ukraine,France,Friendly,2011-06-06,-0.2626232439694989,-0.22114820258051227,-0.15134565499351482,-0.2738749582853708,-0.4808479971217275,-1
Australia,Serbia,Friendly,2011-06-07,0.1185705077769732,-0.24032457044797795,0.2019293125810634,0.04298648455556853,-0.2572871708793568,0
Austria,Latvia,Friendly,2011-06-07,0.43623008267891095,0.35563431765348597,0.030723086900129593,-0.06620300289685888,-0.17034339960280148,1
Azerbaijan,Germany,UEFA Euro qualification,2011-06-07,-0.4863050734875869,-0.4990737303550046,-0.05796044098573272,-0.19938066252610964,-0.48850599103198206,-1
Brazil,Romania,Friendly,2011-06-07,0.2825120055892423,0.27360612704206755,-0.1910667963683529,0.19828289786778575,0.35736671663888503,1
Ecuador,Greece,Friendly,2011-06-07,0.13840368684018856,0.03456416066938095,-0.07433527885862512,-0.4614702003924588,-0.22077342145844248,0
Japan,Czech Republic,Kirin Cup,2011-06-07,0.22697502779778644,0.058603831129453,0.2334630350194552,0.26083859391139086,0.445953639774241,0
South Korea,Ghana,Friendly,2011-06-07,0.22320601333564016,-0.0705923457696973,0.22957198443579763,0.2645410596348827,0.29214802038548815,1
Norway,Lithuania,Friendly,2011-06-07,0.49159548392566044,0.45006658448330183,0.29920557717250285,0.26999452568725335,-0.17741856102563375,1
Paraguay,Bolivia,Copa Paz del Chaco,2011-06-07,0.1413597728906808,0.25382283135279504,-0.09768158236057067,-0.5826824832453713,-0.3971539549895872,0
Sweden,Finland,UEFA Euro qualification,2011-06-07,0.18130307132185397,0.26721553071523196,-0.10157263294422836,-0.04044759867639636,-0.053836414981711156,1
United States,Canada,Gold Cup,2011-06-07,-0.0037959186565628134,0.14563205647084176,-0.01945525291828798,0.6554618676189005,0.33331320235795764,1
Venezuela,Spain,Friendly,2011-06-07,-0.3347072147538013,-0.3894921541466445,-0.17858300907911773,-0.3109050827479565,-0.5076623979820805,-1
Uruguay,Netherlands,Copa Confraternidad,2011-06-08,-0.05634584208287641,-0.09000885322845464,-0.3073929961089494,-0.22647933331452785,-0.1793268682584983,0
Poland,France,Friendly,2011-06-09,-0.27821293806928127,-0.2841939407456149,-0.15134565499351482,-0.2738749582853708,-0.4808479971217275,-1
Mexico,Venezuela,Friendly,2011-06-11,0.12787201180879637,0.046909483965247745,0.13578145265888453,0.27013118527225743,0.3568202595027106,-1
Paraguay,Romania,Friendly,2011-06-11,0.13512857106776432,0.005147614891200636,-0.09768158236057067,-0.5826824832453713,-0.3971539549895872,1
United States,Panama,Gold Cup,2011-06-11,0.027721416070656257,0.3274696044636811,-0.16731517509727634,0.373162166003151,0.3545615736415601,-1
Mexico,Costa Rica,Gold Cup,2011-06-12,0.12759784242272443,0.12482732169178146,0.13578145265888453,0.27013118527225743,0.3568202595027106,1
Canada,Panama,Gold Cup,2011-06-14,0.03151733472721907,0.18183754799283935,-0.14785992217898836,-0.28229970161574947,0.021248371283602463,0
Mexico,Guatemala,Gold Cup,2011-06-18,0.204629065345296,0.3942829776450618,0.13578145265888453,0.27013118527225743,0.3568202595027106,1
Panama,El Salvador,Gold Cup,2011-06-19,0.23658926355663357,0.1674533133035978,0.10076199740596625,-0.05260961924078611,-0.22508227086514676,0
United States,Jamaica,Gold Cup,2011-06-19,0.1275898856327049,0.26707564562199426,-0.06655317769131008,0.3205525467623649,0.12947930277641334,1
Argentina,Albania,Friendly,2011-06-20,0.4190274805063554,0.2829341429339225,0.0034857328145263544,0.4173175167546287,0.5712484851629125,1
Honduras,Mexico,Gold Cup,2011-06-22,-0.1811639110286467,-0.25109849240139104,-0.13578145265888453,-0.27013118527225743,-0.3568202595027106,-1
United States,Panama,Gold Cup,2011-06-22,0.027721416070656257,0.3274696044636811,-0.16731517509727634,0.373162166003151,0.3545615736415601,1
Uruguay,Estonia,Friendly,2011-06-23,0.44393561583712216,0.4367798852854081,-0.2611057068741894,0.09033758513678425,0.15428039052892434,1
Paraguay,Chile,Friendly,2011-06-23,0.07007687210075697,0.05292816656448185,-0.09768158236057067,-0.5826824832453713,-0.3971539549895872,0
Colombia,Senegal,Friendly,2011-06-25,0.01607295782060758,-0.061653899868844064,-0.38132295719844334,0.22959255234706122,0.31422743038986944,1
United States,Mexico,Gold Cup,2011-06-25,-0.046632610480131786,0.16888970911385703,-0.2023346303501946,0.05042136149010745,-0.22734095672629728,-1
Bolivia,Mexico,Friendly,2011-06-27,-0.2421056895971001,-0.22650732701212783,-0.13578145265888453,-0.27013118527225743,-0.3568202595027106,-1
Peru,Senegal,Friendly,2011-06-28,-0.2241154824962246,-0.381804085011924,-0.1980382619974057,0.02682998486149657,0.10321945587553266,1
Argentina,Bolivia,Copa América,2011-07-01,0.4182435381367626,0.48736922079947265,0.0034857328145263544,0.4173175167546287,0.5712484851629125,0
Colombia,Costa Rica,Copa América,2011-07-02,0.16704506102115357,0.27019993250953567,-0.18328469520103763,0.20276256748556465,0.21100797451433678,1
Brazil,Venezuela,Copa América,2011-07-03,0.17450952962385502,0.34268350045678186,-0.1910667963683529,0.19828289786778575,0.35736671663888503,0
Paraguay,Ecuador,Copa América,2011-07-03,-0.10428721109588168,-0.14430511164873483,-0.023346303501945553,-0.12121228285291252,-0.17638053353114475,0
Chile,Mexico,Copa América,2011-07-04,-0.17082278880717627,-0.025612662223814642,-0.13578145265888453,-0.27013118527225743,-0.3568202595027106,1
Uruguay,Peru,Copa América,2011-07-04,0.18695984106313057,0.36071577261212484,-0.2611057068741894,0.09033758513678425,0.15428039052892434,0
Argentina,Colombia,Copa América,2011-07-06,0.13669062994123338,0.1154892829695906,0.18677042801556398,0.21455494926906404,0.36024051064857576,0
Peru,Mexico,Copa América,2011-07-08,-0.20074122171840303,-0.1747775743253257,-0.13578145265888453,-0.27013118527225743,-0.3568202595027106,1
Uruguay,Chile,Copa América,2011-07-08,0.15704140815190382,0.21155086051061378,-0.2611057068741894,0.09033758513678425,0.15428039052892434,0
Brazil,Paraguay,Copa América,2011-07-09,0.14738343452147795,0.2684585121508669,-0.09338521400778221,0.780965381113157,0.7545206716284723,0
Venezuela,Ecuador,Copa América,2011-07-09,-0.13141330619825875,-0.21853009995464978,0.07433527885862512,0.4614702003924588,0.22077342145844248,1
Colombia,Bolivia,Copa América,2011-07-10,0.28155290819552925,0.37187993782988205,-0.18328469520103763,0.20276256748556465,0.21100797451433678,1
Argentina,Costa Rica,Copa América,2011-07-11,0.30373569096238695,0.38568921547912627,0.0034857328145263544,0.4173175167546287,0.5712484851629125,1
Uruguay,Mexico,Copa América,2011-07-12,-0.013781380655272457,0.18593819828679914,-0.3968871595330739,-0.17979360013547319,-0.20253986897378629,1
Brazil,Ecuador,Copa América,2011-07-13,0.04309622342559627,0.12415340050213208,-0.11673151750972777,0.6597530982602445,0.5781401380973274,1
Jordan,Saudi Arabia,Friendly,2011-07-13,0.05528568923977706,-0.15201594237243476,0.19455252918287935,0.2776613896518336,0.031188518805234655,0
Paraguay,Venezuela,Copa América,2011-07-13,0.027126095102377068,0.07422498830591495,-0.09768158236057067,-0.5826824832453713,-0.3971539549895872,0
Argentina,Uruguay,Copa América,2011-07-16,0.18991922919493498,0.07492369550054567,0.26459143968871573,0.32697993161784444,0.4169680946339882,0
Colombia,Peru,Copa América,2011-07-16,0.24018844031683217,0.3201501851430799,-0.18328469520103763,0.20276256748556465,0.21100797451433678,-1
Jordan,Iraq,Friendly,2011-07-16,-0.0008672106028972948,-0.09387668194444432,0.06614785992217898,0.0,0.3214177782901954,0
Brazil,Paraguay,Copa América,2011-07-17,0.14738343452147795,0.2684585121508669,-0.09338521400778221,0.780965381113157,0.7545206716284723,0
Qatar,India,Friendly,2011-07-17,0.21777331975229197,0.19261681926667373,-0.3505998702983139,0.14094039069622344,-0.198852276628324,-1
Peru,Uruguay,Copa América,2011-07-19,-0.18695984106313057,-0.36071577261212484,0.2611057068741894,-0.09033758513678425,-0.15428039052892434,-1
Paraguay,Venezuela,Copa América,2011-07-20,0.027126095102377068,0.07422498830591495,-0.09768158236057067,-0.5826824832453713,-0.3971539549895872,0
Qatar,Vietnam,FIFA World Cup qualification,2011-07-23,0.019592265623489924,0.1390840070421988,-0.3505998702983139,0.14094039069622344,-0.198852276628324,1
Saudi Arabia,Hong Kong,FIFA World Cup qualification,2011-07-23,0.212712910986955,0.2699581639767268,-0.16382944228274976,-0.17198043230101145,-0.09043492748667853,1
Uzbekistan,Kyrgyzstan,FIFA World Cup qualification,2011-07-23,0.287408803317734,0.05056047146558873,0.015158884565499298,0.06528796669549886,-0.3068674081226421,1
Uruguay,Paraguay,Copa América,2011-07-24,0.08696453605114685,0.15862269394613193,-0.1634241245136187,0.6730200683821556,0.5514343455185116,1
Hong Kong,Saudi Arabia,FIFA World Cup qualification,2011-07-28,-0.212712910986955,-0.2699581639767268,0.16382944228274976,0.17198043230101145,0.09043492748667853,-1
Kyrgyzstan,Uzbekistan,FIFA World Cup qualification,2011-07-28,-0.287408803317734,-0.05056047146558873,-0.015158884565499298,-0.06528796669549886,0.3068674081226421,-1
Vietnam,Qatar,FIFA World Cup qualification,2011-07-28,-0.019592265623489924,-0.1390840070421988,0.3505998702983139,-0.14094039069622344,0.198852276628324,1
Austria,Slovakia,Friendly,2011-08-10,0.13681277467215014,0.08621970530893819,0.030723086900129593,-0.06620300289685888,-0.17034339960280148,-1
Bolivia,Panama,Friendly,2011-08-10,-0.16775166304631206,-0.06792743166230375,-0.10076199740596625,0.05260961924078611,0.22508227086514676,-1
Costa Rica,Ecuador,Friendly,2011-08-10,-0.1311391368121868,-0.2964479376811835,0.07433527885862512,0.4614702003924588,0.22077342145844248,-1
France,Chile,Friendly,2011-08-10,0.3009288034291011,0.3732182113188962,0.15134565499351482,0.2738749582853708,0.4808479971217275,0
Germany,Brazil,Friendly,2011-08-10,-0.0035143568631184063,-0.011272595435997346,0.2490272373540856,0.0010977646583238965,0.13113927439309703,1
Republic of Ireland,Croatia,Friendly,2011-08-10,-0.20530630450040754,-0.043807386124036896,-0.15134565499351482,0.12679409732272107,-0.05288409096633656,0
Israel,Ivory Coast,Friendly,2011-08-10,-0.18863735698973527,-0.15844764508762177,-0.026832036316471908,0.1195876443996069,0.04405289186114064,-1
Italy,Spain,Friendly,2011-08-10,-0.2173958490144563,-0.06200548511710746,-0.17858300907911773,-0.3109050827479565,-0.5076623979820805,1
Japan,South Korea,Friendly,2011-08-10,0.08277436835808594,0.10090682194109091,0.07003891050583666,0.08415749479452495,0.09761679454573402,1
Norway,Czech Republic,Friendly,2011-08-10,0.10147526521642214,0.14949025728310383,0.35797665369649767,0.40684755703808717,0.07785183949756375,1
Portugal,Luxembourg,Friendly,2011-08-10,0.5020251705488161,0.4325987471362942,0.030723086900129593,0.09659236421421391,0.2661644953211055,1
Scotland,Denmark,Friendly,2011-08-10,-0.08488082964027588,-0.06862630241523338,-0.06655317769131008,-0.06798065561734568,-0.12157549315605182,1
Senegal,Morocco,Friendly,2011-08-10,-0.07091241921295488,0.013280877354096887,-0.042801556420233755,0.15583286801681684,-0.17974827767457646,-1
Slovenia,Belgium,Friendly,2011-08-10,-0.1027331592484364,-0.15118643989968783,0.08211738002594038,-0.3744116380973521,-0.4685673134214497,0
Ukraine,Sweden,Friendly,2011-08-10,0.008562331753588559,-0.04938192551813447,0.10157263294422836,0.04044759867639636,0.053836414981711156,-1
United States,Mexico,Friendly,2011-08-10,-0.046632610480131786,0.16888970911385703,-0.2023346303501946,0.05042136149010745,-0.22734095672629728,0
Wales,Australia,Friendly,2011-08-10,-0.17166552476140828,0.20426390223204205,-0.2019293125810634,-0.04298648455556853,0.2572871708793568,-1
Qatar,Iraq,Friendly,2011-08-19,-0.10569444200531031,-0.006044955099576033,-0.3151750972762645,0.03525943334540127,0.18181191034331529,-1
Jordan,Tunisia,Friendly,2011-08-22,0.014096816659802114,-0.2692773923540126,0.07003891050583655,0.22526860175042906,-0.3288540418125825,0
United Arab Emirates,Qatar,Friendly,2011-08-25,0.031993549577690406,0.10667314929702165,0.3505998702983139,-0.14094039069622344,0.198852276628324,1
Jordan,Indonesia,Friendly,2011-08-27,0.20173552399645645,-0.1873219476617649,0.030723086900129593,0.10568095735082217,-0.059246408681443874,1
Albania,France,UEFA Euro qualification,2011-09-02,-0.3729956465886177,-0.36967779824165925,-0.15134565499351482,-0.2738749582853708,-0.4808479971217275,-1
Argentina,Venezuela,Friendly,2011-09-02,0.3040098603484589,0.30777137775259256,0.0034857328145263544,0.4173175167546287,0.5712484851629125,1
Australia,Thailand,FIFA World Cup qualification,2011-09-02,0.21097745342435625,0.23215568915174112,0.2019293125810634,0.04298648455556853,-0.2572871708793568,1
Azerbaijan,Belgium,UEFA Euro qualification,2011-09-02,-0.3828353842475789,-0.4139291877197624,0.08211738002594038,-0.3744116380973521,-0.4685673134214497,0
Bulgaria,England,UEFA Euro qualification,2011-09-02,-0.4134001367799276,-0.4832417373405238,-0.31866083009079116,-0.010072220312723479,-0.03505177597215409,-1
Cyprus,Portugal,UEFA Euro qualification,2011-09-02,-0.5433589030553603,-0.5036729222907725,-0.030723086900129593,-0.09659236421421391,-0.2661644953211055,-1
Ecuador,Jamaica,Friendly,2011-09-02,0.17776379050229907,0.26980655249753926,-0.07433527885862512,-0.4614702003924588,-0.22077342145844248,1
Germany,Austria,UEFA Euro qualification,2011-09-02,0.12093511957706116,0.16157856470362475,0.027237354085603127,0.2655836654229685,0.6588493906347835,1
Hungary,Sweden,UEFA Euro qualification,2011-09-02,-0.00978512950963295,-0.0826283847938507,0.10157263294422836,0.04044759867639636,0.053836414981711156,1
Iran,Indonesia,FIFA World Cup qualification,2011-09-02,0.2942042353672478,-0.014010140613912814,0.015158884565499187,0.1555665259954644,0.024665203476906317,1
Iraq,Jordan,FIFA World Cup qualification,2011-09-02,0.0008672106028972948,0.09387668194444432,-0.06614785992217898,0.0,-0.3214177782901954,-1
South Korea,Lebanon,FIFA World Cup qualification,2011-09-02,0.31960213571708196,0.397596676301482,0.10465304798962372,0.039828067766032094,0.0930664447053095,1
Malta,Croatia,UEFA Euro qualification,2011-09-02,-0.5033021514305085,-0.3841623704607944,-0.15134565499351482,0.12679409732272107,-0.05288409096633656,-1
Netherlands,San Marino,UEFA Euro qualification,2011-09-02,0.8357292584825988,0.9048826957492493,0.04628728923476,0.3168169184513121,0.33360725878742264,1
Norway,Iceland,UEFA Euro qualification,2011-09-02,0.25705178619618385,0.2534321860171427,0.29920557717250285,0.26999452568725335,-0.17741856102563375,1
Oman,Saudi Arabia,FIFA World Cup qualification,2011-09-02,-0.043263641071491055,-0.20928632331879893,0.16382944228274976,0.17198043230101145,0.09043492748667853,0
Panama,Paraguay,Friendly,2011-09-02,0.02639189015563126,-0.1858953996904913,0.19844357976653693,0.5300728640045852,0.17207168412444046,-1
Poland,Mexico,Friendly,2011-09-02,-0.14810692344735643,0.06341160834946669,-0.13578145265888453,-0.27013118527225743,-0.3568202595027106,0
Spain,Chile,Friendly,2011-09-02,0.3776579917521812,0.3681953324052114,0.17858300907911773,0.3109050827479565,0.5076623979820805,1
Tajikistan,Uzbekistan,FIFA World Cup qualification,2011-09-02,-0.28524977178011857,-0.011868740268800249,-0.015158884565499298,-0.06528796669549886,0.3068674081226421,-1
Ukraine,Uruguay,Friendly,2011-09-02,-0.11873584869230158,-0.05948085177222984,0.2611057068741894,-0.09033758513678425,-0.15428039052892434,-1
United States,Costa Rica,Friendly,2011-09-02,0.08096523194259264,0.2937170308056385,-0.06655317769131008,0.3205525467623649,0.12947930277641334,-1
Honduras,Colombia,Friendly,2011-09-03,-0.22061112962707585,-0.39647110321914525,0.18328469520103763,-0.20276256748556465,-0.21100797451433678,-1
Scotland,Czech Republic,UEFA Euro qualification,2011-09-03,0.015830794507821322,0.027794562245360144,-0.0077821011673152585,0.06887237573348814,0.13369490736714568,0
Senegal,DR Congo,African Cup of Nations qualification,2011-09-03,0.1444709217376674,0.27791801933551863,0.17120622568093358,-0.02682998486149646,0.1936087818610569,1
Mexico,Chile,Friendly,2011-09-04,0.17082278880717627,0.025612662223814642,0.13578145265888453,0.27013118527225743,0.3568202595027106,1
Brazil,Ghana,Friendly,2011-09-05,0.2793781156920825,0.19754421436048863,-0.06614785992217898,0.4229958897366364,0.5564482923190637,1
Argentina,Nigeria,Friendly,2011-09-06,0.22869125139854218,0.15181013178232927,0.0034857328145263544,0.4173175167546287,0.5712484851629125,1
Belgium,United States,Friendly,2011-09-06,-0.01371391780793596,0.030467169306437558,-0.015564202334630295,0.05385909133498723,0.33908801064503635,1
Croatia,Israel,UEFA Euro qualification,2011-09-06,0.2668948971005658,0.14606391862849,0.15134565499351482,-0.12679409732272107,0.05288409096633656,1
Czech Republic,Ukraine,Friendly,2011-09-06,-0.02121801463351014,-0.056516899341583215,-0.058771076523994825,-0.13685303135083382,-0.2552704005231975,1
Denmark,Norway,UEFA Euro qualification,2011-09-06,-0.0007636410683249384,-0.053069392622510314,-0.29920557717250285,-0.26999452568725335,0.17741856102563375,1
Ecuador,Costa Rica,Friendly,2011-09-06,0.1311391368121868,0.2964479376811835,-0.07433527885862512,-0.4614702003924588,-0.22077342145844248,1
England,Wales,UEFA Euro qualification,2011-09-06,0.2394829278772881,0.27323405569374204,0.31866083009079116,0.010072220312723479,0.03505177597215409,1
Finland,Netherlands,UEFA Euro qualification,2011-09-06,-0.3649470938506205,-0.36732331019778197,-0.04628728923476,-0.3168169184513121,-0.33360725878742264,-1
Honduras,Paraguay,Friendly,2011-09-06,-0.0804179943222274,-0.27841399674205825,0.09768158236057067,0.5826824832453713,0.3971539549895872,-1
Jamaica,Colombia,Friendly,2011-09-06,-0.21366971471126583,-0.24355854732589144,0.18328469520103763,-0.20276256748556465,-0.21100797451433678,-1
Nicaragua,Panama,FIFA World Cup qualification,2011-09-06,-0.22963803677517713,-0.3096278994016508,-0.10076199740596625,0.05260961924078611,0.22508227086514676,-1
Poland,Germany,Friendly,2011-09-06,-0.19123008439929667,-0.2210898127060701,-0.05796044098573272,-0.19938066252610964,-0.48850599103198206,0
Puerto Rico,Canada,FIFA World Cup qualification,2011-09-06,-0.2894731258789527,-0.6187325150062537,0.047097924773022104,0.3349093208565356,0.2038338995815443,-1
Qatar,Iran,FIFA World Cup qualification,2011-09-06,-0.1972959427732044,-0.08548008020298381,-0.3657587548638131,-0.01462613529924095,-0.22351748010523032,0
Romania,France,UEFA Euro qualification,2011-09-06,-0.36598050239610846,-0.325437659645615,-0.15134565499351482,-0.2738749582853708,-0.4808479971217275,0
San Marino,Sweden,UEFA Euro qualification,2011-09-06,-0.6520852359538323,-0.8047749162666993,0.10157263294422836,0.04044759867639636,0.053836414981711156,-1
Saudi Arabia,Australia,FIFA World Cup qualification,2011-09-06,-0.1537585681307707,-0.06172064616751305,-0.36575875486381315,-0.21496691685657998,0.1668522433926783,-1
Scotland,Lithuania,UEFA Euro qualification,2011-09-06,0.4059510132170596,0.32837088944555815,-0.06655317769131008,-0.06798065561734568,-0.12157549315605182,1
Singapore,Iraq,FIFA World Cup qualification,2011-09-06,-0.2778896741334249,-0.21181890354873634,0.03542477302204938,-0.10568095735082217,0.3806641869716393,-1
Switzerland,Bulgaria,UEFA Euro qualification,2011-09-06,0.2990225342196111,0.2606763091112425,-0.16772049286640733,-0.20812178054829622,-0.14181187688508062,1
Uzbekistan,Japan,FIFA World Cup qualification,2011-09-06,-0.10492371262789413,-0.4614951041166564,-0.15953307392996108,-0.05869759586505818,-0.49755064737368565,0
Argentina,Brazil,Superclásico de las Américas,2011-09-14,0.12950033072460387,-0.03491212270418931,0.19455252918287924,0.21903461888684295,0.21388176852402752,0
Brazil,Argentina,Superclásico de las Américas,2011-09-28,-0.12950033072460387,0.03491212270418931,-0.19455252918287924,-0.21903461888684295,-0.21388176852402752,1
Thailand,Jordan,Friendly,2011-10-06,-0.1125045745333626,-0.018419100611793304,-0.030723086900129593,-0.10568095735082217,0.059246408681443874,0
Argentina,Chile,FIFA World Cup qualification,2011-10-07,0.3469606373468388,0.28647455601115945,0.0034857328145263544,0.4173175167546287,0.5712484851629125,1
Australia,Malaysia,Friendly,2011-10-07,0.22971440525538656,0.24970949403873366,0.2019293125810634,0.04298648455556853,-0.2572871708793568,1
Azerbaijan,Austria,UEFA Euro qualification,2011-10-07,-0.36536995391052574,-0.3374951656513798,-0.030723086900129593,0.06620300289685888,0.17034339960280148,-1
Belgium,Kazakhstan,UEFA Euro qualification,2011-10-07,0.319292054379805,0.43740238147897736,-0.08211738002594038,0.3744116380973521,0.4685673134214497,1
Costa Rica,Brazil,Friendly,2011-10-07,-0.17423536023778308,-0.4206013381833156,0.1910667963683529,-0.19828289786778575,-0.35736671663888503,-1
Czech Republic,Spain,UEFA Euro qualification,2011-10-07,-0.3605704469260891,-0.2726422230084107,-0.23735408560311255,-0.4477581140987903,-0.7629327985052781,-1
Ecuador,Venezuela,FIFA World Cup qualification,2011-10-07,0.13141330619825875,0.21853009995464978,-0.07433527885862512,-0.4614702003924588,-0.22077342145844248,1
Finland,Sweden,UEFA Euro qualification,2011-10-07,-0.18130307132185397,-0.26721553071523196,0.10157263294422836,0.04044759867639636,0.053836414981711156,-1
France,Albania,UEFA Euro qualification,2011-10-07,0.3729956465886177,0.36967779824165925,0.15134565499351482,0.2738749582853708,0.4808479971217275,1
Greece,Croatia,UEFA Euro qualification,2011-10-07,-0.14069121952614538,0.013765423691517231,-0.15134565499351482,0.12679409732272107,-0.05288409096633656,1
Indonesia,Saudi Arabia,Friendly,2011-10-07,-0.1464498347566794,0.035306005289330145,0.16382944228274976,0.17198043230101145,0.09043492748667853,0
Japan,Vietnam,Friendly,2011-10-07,0.29221446636766024,0.49996674919949724,0.17469195849546038,0.12398556256055704,0.19068323925104352,1
South Korea,Poland,Friendly,2011-10-07,0.13857233890597276,-0.03577415198811851,0.10465304798962372,0.039828067766032094,0.0930664447053095,0
Montenegro,England,UEFA Euro qualification,2011-10-07,-0.44558113602491023,-0.44620167515471465,-0.31866083009079116,-0.010072220312723479,-0.03505177597215409,0
Netherlands,Moldova,UEFA Euro qualification,2011-10-07,0.5544511417123132,0.5382079901348336,0.04628728923476,0.3168169184513121,0.33360725878742264,1
Peru,Paraguay,FIFA World Cup qualification,2011-10-07,-0.09999530501198373,-0.2020930786659929,0.09768158236057067,0.5826824832453713,0.3971539549895872,1
Portugal,Iceland,UEFA Euro qualification,2011-10-07,0.36909815576831595,0.316755191769972,0.030723086900129593,0.09659236421421391,0.2661644953211055,1
Uruguay,Bolivia,FIFA World Cup qualification,2011-10-07,0.22832430894182765,0.412445525298927,-0.2611057068741894,0.09033758513678425,0.15428039052892434,1
Wales,Switzerland,UEFA Euro qualification,2011-10-07,-0.1251053253169716,-0.05066862746446077,0.16772049286640733,0.20812178054829622,0.14181187688508062,1
United States,Honduras,Friendly,2011-10-08,0.13453130054851492,0.41998820151524807,-0.06655317769131008,0.3205525467623649,0.12947930277641334,1
Australia,Oman,FIFA World Cup qualification,2011-10-11,0.19702220920226177,0.271006969486312,0.2019293125810634,0.04298648455556853,-0.2572871708793568,1
Bolivia,Colombia,FIFA World Cup qualification,2011-10-11,-0.28155290819552925,-0.37187993782988205,0.18328469520103763,-0.20276256748556465,-0.21100797451433678,-1
Canada,Puerto Rico,FIFA World Cup qualification,2011-10-11,0.2894731258789527,0.6187325150062537,-0.047097924773022104,-0.3349093208565356,-0.2038338995815443,0
Croatia,Latvia,UEFA Euro qualification,2011-10-11,0.5198708683794511,0.3560024929300778,0.15134565499351482,-0.12679409732272107,0.05288409096633656,1
Denmark,Portugal,UEFA Euro qualification,2011-10-11,-0.11281001064045704,-0.11639239837533966,-0.030723086900129593,-0.09659236421421391,-0.2661644953211055,1
Germany,Belgium,UEFA Euro qualification,2011-10-11,0.10346968924000799,0.08514454263524218,0.1400778210116731,-0.17503097557124248,0.019938677610532363,1
Ghana,Nigeria,Friendly,2011-10-11,-0.18018719501814418,-0.010821959873970055,-0.12491893644617391,-0.22471299186885063,-0.19908157568017865,0
Indonesia,Qatar,FIFA World Cup qualification,2011-10-11,-0.09690829259404343,0.09949022081689662,0.3505998702983139,-0.14094039069622344,0.198852276628324,-1
Japan,Tajikistan,FIFA World Cup qualification,2011-10-11,0.3901734844080127,0.47336384438545664,0.17469195849546038,0.12398556256055704,0.19068323925104352,1
Kazakhstan,Austria,UEFA Euro qualification,2011-10-11,-0.30182662404275185,-0.3609683594105948,-0.030723086900129593,0.06620300289685888,0.17034339960280148,0
South Korea,United Arab Emirates,FIFA World Cup qualification,2011-10-11,0.15785428280839398,0.15330277091918587,0.10465304798962372,0.039828067766032094,0.0930664447053095,1
Lithuania,Czech Republic,UEFA Euro qualification,2011-10-11,-0.3901202187092383,-0.300576327200198,0.058771076523994825,0.13685303135083382,0.2552704005231975,-1
Mexico,Brazil,Friendly,2011-10-11,-0.04663751781505865,-0.2957740164915341,0.3268482490272374,0.07184828740447169,-0.0005464571361744053,-1
Norway,Cyprus,UEFA Euro qualification,2011-10-11,0.4313125334832282,0.4403499165379432,0.29920557717250285,0.26999452568725335,-0.17741856102563375,1
Panama,Nicaragua,FIFA World Cup qualification,2011-10-11,0.22963803677517713,0.3096278994016508,0.10076199740596625,-0.05260961924078611,-0.22508227086514676,1
Paraguay,Uruguay,FIFA World Cup qualification,2011-10-11,-0.08696453605114685,-0.15862269394613193,0.1634241245136187,-0.6730200683821556,-0.5514343455185116,0
Singapore,Jordan,FIFA World Cup qualification,2011-10-11,-0.2770224635305276,-0.11794222160429202,-0.030723086900129593,-0.10568095735082217,0.059246408681443874,-1
Spain,Scotland,UEFA Euro qualification,2011-10-11,0.34473965241826776,0.24484766076305053,0.2451361867704278,0.37888573836530215,0.6292378911381323,1
Sweden,Netherlands,UEFA Euro qualification,2011-10-11,-0.18364402252876655,-0.10010777948255001,-0.14785992217898836,-0.35726451712770846,-0.3874436737691338,1
Switzerland,Montenegro,UEFA Euro qualification,2011-10-11,0.33120353346459375,0.22363624692543338,-0.16772049286640733,-0.20812178054829622,-0.14181187688508062,1
Thailand,Saudi Arabia,FIFA World Cup qualification,2011-10-11,-0.05721888529358554,-0.17043504298422807,0.16382944228274976,0.17198043230101145,0.09043492748667853,0
United States,Ecuador,Friendly,2011-10-11,-0.050173904869594166,-0.0027309068755450028,0.007782101167315036,0.7820227471548237,0.3502527242348558,-1
Venezuela,Argentina,FIFA World Cup qualification,2011-10-11,-0.3040098603484589,-0.30777137775259256,-0.0034857328145263544,-0.4173175167546287,-0.5712484851629125,1
Qatar,Oman,Friendly,2011-11-04,-0.0062779010911449,0.14510210779123245,-0.3505998702983139,0.14094039069622344,-0.198852276628324,0
Iraq,Lebanon,Friendly,2011-11-06,0.23544874533630789,0.1436657111848505,-0.03542477302204938,0.10568095735082217,-0.3806641869716393,1
Argentina,Bolivia,FIFA World Cup qualification,2011-11-11,0.4182435381367626,0.48736922079947265,0.0034857328145263544,0.4173175167546287,0.5712484851629125,0
Belgium,Romania,Friendly,2011-11-11,0.17552795948611588,0.17718898897082802,-0.08211738002594038,0.3744116380973521,0.4685673134214497,1
Colombia,Venezuela,FIFA World Cup qualification,2011-11-11,0.16731923040722552,0.19228209478300196,-0.18328469520103763,0.20276256748556465,0.21100797451433678,0
Cyprus,Scotland,Friendly,2011-11-11,-0.34566806277462736,-0.3186542215001995,0.06655317769131008,0.06798065561734568,0.12157549315605182,-1
Czech Republic,Montenegro,UEFA Euro qualification,2011-11-11,0.22011079556200763,0.14507776656169646,-0.058771076523994825,-0.13685303135083382,-0.2552704005231975,1
Denmark,Sweden,Friendly,2011-11-11,0.08805594126817562,-0.009477960199124169,0.10157263294422836,0.04044759867639636,0.053836414981711156,1
France,United States,Friendly,2011-11-11,0.17673862510205662,0.17871583998122453,0.2178988326848249,-0.0466775884769941,0.35136869434531415,1
Jordan,Singapore,FIFA World Cup qualification,2011-11-11,0.2770224635305276,0.11794222160429202,0.030723086900129593,0.10568095735082217,-0.059246408681443874,1
Mexico,Serbia,Friendly,2011-11-11,0.11465281441103459,-0.13389096828819813,0.13578145265888453,0.27013118527225743,0.3568202595027106,1
Morocco,Uganda,Friendly,2011-11-11,0.38551109913635906,0.5246611168030415,0.24083981841763946,-0.1826628528783134,0.0765288217990438,-1
Netherlands,Switzerland,Friendly,2011-11-11,0.08520696750610202,0.12744812397853078,0.21400778210116733,0.5249386989996083,0.47541913567250327,0
Oman,Australia,FIFA World Cup qualification,2011-11-11,-0.19702220920226177,-0.271006969486312,-0.2019293125810634,-0.04298648455556853,0.2572871708793568,1
Panama,Costa Rica,Friendly,2011-11-11,0.053243815871936384,-0.03375257365804263,0.10076199740596625,-0.05260961924078611,-0.22508227086514676,1
Paraguay,Ecuador,FIFA World Cup qualification,2011-11-11,-0.10428721109588168,-0.14430511164873483,-0.023346303501945553,-0.12121228285291252,-0.17638053353114475,1
Qatar,Indonesia,FIFA World Cup qualification,2011-11-11,0.09690829259404343,-0.09949022081689662,-0.3505998702983139,0.14094039069622344,-0.198852276628324,1
Saudi Arabia,Thailand,FIFA World Cup qualification,2011-11-11,0.05721888529358554,0.17043504298422807,-0.16382944228274976,-0.17198043230101145,-0.09043492748667853,1
Tajikistan,Japan,FIFA World Cup qualification,2011-11-11,-0.3901734844080127,-0.47336384438545664,-0.17469195849546038,-0.12398556256055704,-0.19068323925104352,-1
Ukraine,Germany,Friendly,2011-11-11,-0.17564039029951428,-0.15804407454096747,-0.05796044098573272,-0.19938066252610964,-0.48850599103198206,0
United Arab Emirates,South Korea,FIFA World Cup qualification,2011-11-11,-0.15785428280839398,-0.15330277091918587,-0.10465304798962372,-0.039828067766032094,-0.0930664447053095,-1
Uruguay,Chile,FIFA World Cup qualification,2011-11-11,0.15704140815190382,0.21155086051061378,-0.2611057068741894,0.09033758513678425,0.15428039052892434,1
Algeria,Tunisia,Friendly,2011-11-12,0.09884397157800029,0.16395508640012713,0.18287937743190663,-0.20406685097677546,-0.27006113734206705,1
England,Spain,Friendly,2011-11-12,-0.1351001064631865,0.028481685584607508,0.14007782101167343,-0.300832862435233,-0.47261062200992643,1
South Africa,Ivory Coast,Friendly,2011-11-12,-0.09057765438787135,-0.24117936049878175,-0.05836575875486372,0.02425969556226404,-0.06227813372098778,0
Wales,Norway,Friendly,2011-11-12,-0.11548785263080763,-0.12160040438382769,-0.29920557717250285,-0.26999452568725335,0.17741856102563375,1
Brazil,Egypt,Friendly,2011-11-14,0.11391398767229455,0.2586707363242198,-0.04280155642023342,0.4876884112355869,0.33265817306648626,1
Chile,Paraguay,FIFA World Cup qualification,2011-11-15,-0.07007687210075697,-0.05292816656448185,0.09768158236057067,0.5826824832453713,0.3971539549895872,1
Colombia,Argentina,FIFA World Cup qualification,2011-11-15,-0.13669062994123338,-0.1154892829695906,-0.18677042801556398,-0.21455494926906404,-0.36024051064857576,-1
Costa Rica,Spain,Friendly,2011-11-15,-0.33443304536772933,-0.4674099918731782,-0.17858300907911773,-0.3109050827479565,-0.5076623979820805,0
Ecuador,Peru,FIFA World Cup qualification,2011-11-15,0.2042825161078654,0.34639819031472774,-0.07433527885862512,-0.4614702003924588,-0.22077342145844248,1
England,Sweden,Friendly,2011-11-15,0.21281465758298101,0.1952250837333005,0.4202334630350195,0.050519818989119836,0.08888819095386524,1
France,Belgium,Friendly,2011-11-15,0.19045254290999258,0.14824867067478698,0.2334630350194552,-0.10053667981198133,0.012280683700277795,0
Germany,Netherlands,Friendly,2011-11-15,0.0005586995243362924,0.008554369540282991,0.011673151750972721,-0.11743625592520246,0.1548987322445594,1
Indonesia,Iran,FIFA World Cup qualification,2011-11-15,-0.2942042353672478,0.014010140613912814,-0.015158884565499187,-0.1555665259954644,-0.024665203476906317,-1
Italy,Uruguay,Friendly,2011-11-15,0.003220734585821061,0.09463898677749016,0.2611057068741894,-0.09033758513678425,-0.15428039052892434,-1
Jordan,Iraq,FIFA World Cup qualification,2011-11-15,-0.0008672106028972948,-0.09387668194444432,0.06614785992217898,0.0,0.3214177782901954,-1
Lebanon,South Korea,FIFA World Cup qualification,2011-11-15,-0.31960213571708196,-0.397596676301482,-0.10465304798962372,-0.039828067766032094,-0.0930664447053095,1
Luxembourg,Switzerland,Friendly,2011-11-15,-0.399596273662848,-0.29834396446409794,0.16772049286640733,0.20812178054829622,0.14181187688508062,-1
Montenegro,Czech Republic,UEFA Euro qualification,2011-11-15,-0.22011079556200763,-0.14507776656169646,0.058771076523994825,0.13685303135083382,0.2552704005231975,-1
Saudi Arabia,Oman,FIFA World Cup qualification,2011-11-15,0.043263641071491055,0.20928632331879893,-0.16382944228274976,-0.17198043230101145,-0.09043492748667853,0
Slovenia,United States,Friendly,2011-11-15,-0.11644707705637236,-0.12071927059325027,0.06655317769131008,-0.3205525467623649,-0.12947930277641334,-1
Thailand,Australia,FIFA World Cup qualification,2011-11-15,-0.21097745342435625,-0.23215568915174112,-0.2019293125810634,-0.04298648455556853,0.2572871708793568,-1
Ukraine,Austria,Friendly,2011-11-15,-0.054705270722453125,0.0035344901626572778,-0.030723086900129593,0.06620300289685888,0.17034339960280148,1
Uzbekistan,Tajikistan,FIFA World Cup qualification,2011-11-15,0.28524977178011857,0.011868740268800249,0.015158884565499298,0.06528796669549886,-0.3068674081226421,1
Chile,Paraguay,Friendly,2011-12-21,-0.07007687210075697,-0.05292816656448185,0.09768158236057067,0.5826824832453713,0.3971539549895872,1
Tunisia,Ivory Coast,Friendly,2012-01-13,-0.036223289149445836,-0.18656755643335066,-0.06614785992217886,0.0,0.31366052499227925,-1
Oman,DR Congo,Friendly,2012-01-15,-0.07200785487647732,-0.30654906299717144,-0.02683203631647213,1.1102230246251565e-16,0.29682823773658956,0
Ivory Coast,Libya,Friendly,2012-01-16,0.21232833294755404,0.4163747949971284,0.026832036316471908,-0.1195876443996069,-0.04405289186114064,1
Thailand,Norway,King's Cup,2012-01-18,-0.1547997812937556,-0.5580199957676109,-0.29920557717250285,-0.26999452568725335,0.17741856102563375,-1
United States,Venezuela,Friendly,2012-01-21,0.08123940132866458,0.21579919307910478,-0.06655317769131008,0.3205525467623649,0.12947930277641334,1
Lebanon,Iraq,Friendly,2012-01-22,-0.23544874533630789,-0.1436657111848505,0.03542477302204938,-0.10568095735082217,0.3806641869716393,1
Morocco,Tunisia,African Cup of Nations,2012-01-23,0.2029386821756336,0.24463843167821642,0.2801556420233464,-0.06307520847870651,-0.1930788113320948,-1
Mexico,Venezuela,Friendly,2012-01-25,0.12787201180879637,0.046909483965247745,0.13578145265888453,0.27013118527225743,0.3568202595027106,1
Panama,United States,Friendly,2012-01-25,-0.027721416070656257,-0.3274696044636811,0.16731517509727634,-0.373162166003151,-0.3545615736415601,-1
Libya,Senegal,African Cup of Nations,2012-01-29,-0.3081313067607869,-0.487726547596091,-0.1980382619974057,0.02682998486149657,0.10321945587553266,1
United Arab Emirates,Uzbekistan,Friendly,2012-01-29,-0.13570493853858578,0.20728551125637962,-0.015158884565499298,-0.06528796669549886,0.3068674081226421,1
Ghana,Tunisia,African Cup of Nations,2012-02-05,-0.12408859569216668,0.14912260047676051,-0.08560311284046696,-0.10512534746924374,-0.46868920881131726,1
Paraguay,Chile,Friendly,2012-02-15,0.07007687210075697,0.05292816656448185,-0.09768158236057067,-0.5826824832453713,-0.3971539549895872,1
Paraguay,Guatemala,Friendly,2012-02-22,0.10388314863887671,0.421598481985729,-0.09768158236057067,-0.5826824832453713,-0.3971539549895872,1
Iran,Jordan,Friendly,2012-02-23,0.09246871137079138,0.1733118070478521,-0.015564202334630406,0.04988556864464222,0.08391161215835019,0
Japan,Iceland,Friendly,2012-02-24,0.38255154877754816,0.16254575986349185,0.17469195849546038,0.12398556256055704,0.19068323925104352,1
South Korea,Uzbekistan,Friendly,2012-02-25,0.02214934426980819,0.3605882821755655,0.08949416342412442,-0.025459898929466762,0.39993385282795163,1
Armenia,Canada,Friendly,2012-02-29,-0.40899214084559166,-0.1497662298337925,0.047097924773022104,0.3349093208565356,0.2038338995815443,1
Australia,Saudi Arabia,FIFA World Cup qualification,2012-02-29,0.1537585681307707,0.06172064616751305,0.36575875486381315,0.21496691685657998,-0.1668522433926783,1
Austria,Finland,Friendly,2012-02-29,0.24457067379789565,0.2142991150344402,0.030723086900129593,-0.06620300289685888,-0.17034339960280148,1
Chile,Ghana,Friendly,2012-02-29,0.06191780906984756,-0.12384246435486013,0.12491893644617391,0.22471299186885063,0.19908157568017865,0
Croatia,Sweden,Friendly,2012-02-29,0.1469083881765818,-0.05254824040419992,0.2529182879377432,-0.08634649864632471,0.10672050594804772,-1
Ecuador,Honduras,Friendly,2012-02-29,0.1847052054181091,0.4227191083907931,-0.07433527885862512,-0.4614702003924588,-0.22077342145844248,1
England,Netherlands,Friendly,2012-02-29,0.029170635054214467,0.09511730425075049,0.27237354085603116,-0.3067446981385886,-0.29855548281526856,-1
Germany,France,Friendly,2012-02-29,-0.0869828536699846,-0.0631041280395448,-0.0933852140077821,-0.07449429575926114,0.007657993910254568,-1
Greece,Belgium,Friendly,2012-02-29,-0.07451586416265843,-0.062300423100273505,0.08211738002594038,-0.3744116380973521,-0.4685673134214497,0
Iran,Qatar,FIFA World Cup qualification,2012-02-29,0.1972959427732044,0.08548008020298381,0.3657587548638131,0.01462613529924095,0.22351748010523032,0
Iraq,Singapore,FIFA World Cup qualification,2012-02-29,0.2778896741334249,0.21181890354873634,-0.03542477302204938,0.10568095735082217,-0.3806641869716393,1
Republic of Ireland,Czech Republic,Friendly,2012-02-29,-0.04574223344390416,0.009543198331480873,0.058771076523994825,0.13685303135083382,0.2552704005231975,0
Italy,United States,Friendly,2012-02-29,0.03607196441068039,0.11168747595043227,0.06655317769131008,-0.3205525467623649,-0.12947930277641334,-1
Japan,Uzbekistan,FIFA World Cup qualification,2012-02-29,0.10492371262789413,0.4614951041166564,0.15953307392996108,0.05869759586505818,0.49755064737368565,-1
Mexico,Colombia,Friendly,2012-02-29,-0.039447218598429146,-0.1453726108177542,0.31906614785992216,0.06736861778669279,0.14581228498837384,-1
New Zealand,Jamaica,Friendly,2012-02-29,-0.0021343264632804892,-0.10970408502068141,0.0034857328145263544,-0.2894055133678012,-0.30421594125189383,-1
Northern Ireland,Norway,Friendly,2012-02-29,-0.2506637412101935,-0.227744719166727,-0.29920557717250285,-0.26999452568725335,0.17741856102563375,-1
Paraguay,Panama,Friendly,2012-02-29,-0.02639189015563126,0.1858953996904913,-0.19844357976653693,-0.5300728640045852,-0.17207168412444046,1
Poland,Portugal,Friendly,2012-02-29,-0.2078933142548265,-0.21934210185945258,-0.030723086900129593,-0.09659236421421391,-0.2661644953211055,0
Romania,Uruguay,Friendly,2012-02-29,-0.22209310711891117,-0.16377030883733257,0.2611057068741894,-0.09033758513678425,-0.15428039052892434,0
Slovenia,Scotland,Friendly,2012-02-29,-0.02517523806324129,-0.04956457089773947,0.06655317769131008,0.06798065561734568,0.12157549315605182,0
South Africa,Senegal,Friendly,2012-02-29,-0.18638062820110424,-0.3125311130977444,-0.22957198443579752,-0.06849796397584629,-0.0031115697065957626,0
Spain,Venezuela,Friendly,2012-02-29,0.3347072147538013,0.3894921541466445,0.17858300907911773,0.3109050827479565,0.5076623979820805,1
Switzerland,Argentina,Friendly,2012-02-29,-0.2187803546181606,-0.11236296625062181,-0.1712062256809337,-0.6254392973029249,-0.7130603620479932,-1
Tunisia,Peru,Friendly,2012-02-29,0.09208921953354587,0.12388477597961067,-0.03931582360570696,-0.1195876443996069,0.2696076331311386,0
Egypt,DR Congo,Friendly,2012-03-02,0.05382019110260994,0.1079947888162347,-0.1750972762645916,-0.28940551336780107,0.32153678130898833,0
Egypt,Uganda,Friendly,2012-03-29,0.22394794928834671,0.36801876363785446,-0.14826523994811946,-0.2894055133678012,0.024708543572398767,1
Egypt,Nigeria,Friendly,2012-04-12,-0.014723066998356238,-0.0719484818377012,-0.14826523994811946,-0.2894055133678012,0.024708543572398767,1
Egypt,Iraq,Friendly,2012-04-17,0.026411505064921847,0.26339678892259766,-0.11284046692607008,-0.39508647071862335,0.40537273054403805,0
Guatemala,Paraguay,Friendly,2012-04-25,-0.10388314863887671,-0.421598481985729,0.09768158236057067,0.5826824832453713,0.3971539549895872,-1
Lebanon,Egypt,Friendly,2012-05-11,-0.26186025040122973,-0.40706250010744816,0.14826523994811946,0.2894055133678012,-0.024708543572398767,-1
Lebanon,Jordan,Friendly,2012-05-18,-0.2345815347334106,-0.04978902924040618,-0.030723086900129593,-0.10568095735082217,0.059246408681443874,-1
Albania,Qatar,Friendly,2012-05-22,-0.043507215039224834,0.21026621470828166,0.3505998702983139,-0.14094039069622344,0.198852276628324,1
El Salvador,New Zealand,Friendly,2012-05-23,-0.13458646753130443,-0.11814318712460326,-0.0034857328145263544,0.2894055133678012,0.30421594125189383,0
Japan,Azerbaijan,Friendly,2012-05-23,0.5164216963523489,0.3431165876019069,0.17469195849546038,0.12398556256055704,0.19068323925104352,1
Belgium,Montenegro,Friendly,2012-05-25,0.31349951125502407,0.27449419780900497,-0.08211738002594038,0.3744116380973521,0.4685673134214497,0
Croatia,Estonia,Friendly,2012-05-25,0.4635458235678138,0.37413271862711284,0.15134565499351482,-0.12679409732272107,0.05288409096633656,1
Morocco,Senegal,Friendly,2012-05-25,0.07091241921295488,-0.013280877354096887,0.042801556420233755,-0.15583286801681684,0.17974827767457646,-1
Russia,Uruguay,Friendly,2012-05-25,-0.06268080418514121,-0.05476819604266714,0.2611057068741894,-0.09033758513678425,-0.15428039052892434,0
Czech Republic,Israel,Friendly,2012-05-26,0.10733082604406241,0.09271333417297223,-0.058771076523994825,-0.13685303135083382,-0.2552704005231975,1
Denmark,Brazil,Friendly,2012-05-26,-0.09966113764804563,-0.1294127046579545,0.1910667963683529,-0.19828289786778575,-0.35736671663888503,-1
Honduras,New Zealand,Friendly,2012-05-26,-0.004807088452529529,-0.0432084708725724,-0.0034857328145263544,0.2894055133678012,0.30421594125189383,-1
Netherlands,Bulgaria,Friendly,2012-05-26,0.38422950172571313,0.3881244330897733,0.04628728923476,0.3168169184513121,0.33360725878742264,-1
Norway,England,Friendly,2012-05-26,-0.12399507524648046,-0.15163365130991435,-0.019455252918288313,0.25992230537452987,-0.21247033699778783,-1
Portugal,North Macedonia,Friendly,2012-05-26,0.3326620582360713,0.41096489003307735,0.030723086900129593,0.09659236421421391,0.2661644953211055,0
Spain,Serbia,Friendly,2012-05-26,0.3214880173560395,0.20869170189319863,0.17858300907911773,0.3109050827479565,0.5076623979820805,1
Switzerland,Germany,Friendly,2012-05-26,-0.08576566703043831,-0.13600249351881377,-0.22568093385214005,-0.40750244307440586,-0.6303178679170627,1
United States,Scotland,Friendly,2012-05-26,0.09127183899313107,0.0711546996955108,0.0,0.38853320237971056,0.25105479593246516,1
Albania,Iran,Friendly,2012-05-27,-0.24080315781242922,0.12478613450529785,-0.015158884565499187,-0.1555665259954644,-0.024665203476906317,1
France,Iceland,Friendly,2012-05-27,0.43941777958277073,0.3816070306561343,0.15134565499351482,0.2738749582853708,0.4808479971217275,1
Jamaica,Panama,Friendly,2012-05-27,-0.09986846956204865,0.06039395884168686,-0.10076199740596625,0.05260961924078611,0.22508227086514676,-1
Mexico,Wales,Friendly,2012-05-27,0.16774783139546967,-0.09783030007226223,0.13578145265888453,0.27013118527225743,0.3568202595027106,1
Netherlands,Slovakia,Friendly,2012-05-30,0.257189194724875,0.23924390047227995,0.04628728923476,0.3168169184513121,0.33360725878742264,1
Spain,South Korea,Friendly,2012-05-30,0.21636978748638858,0.3149452138200486,0.07392996108949401,0.2710770149819244,0.414595953276771,1
Sweden,Iceland,Friendly,2012-05-30,0.1682322038596833,0.20984075359375653,-0.10157263294422836,-0.04044759867639636,-0.053836414981711156,1
Switzerland,Romania,Friendly,2012-05-30,0.19323198169568556,0.12633103808725643,-0.16772049286640733,-0.20812178054829622,-0.14181187688508062,-1
United States,Brazil,Friendly,2012-05-30,-0.09327012829519044,-0.12688430737767709,0.1245136186770428,0.12226964889457914,-0.2278874138624717,-1
France,Serbia,Friendly,2012-05-31,0.24475882903295942,0.21371458080688344,0.15134565499351482,0.2738749582853708,0.4808479971217275,1
Germany,Israel,Friendly,2012-05-31,0.30418923097708683,0.3072743080555229,0.05796044098573272,0.19938066252610964,0.48850599103198206,1
Austria,Ukraine,Friendly,2012-06-01,0.054705270722453125,-0.0035344901626572778,0.030723086900129593,-0.06620300289685888,-0.17034339960280148,1
Czech Republic,Hungary,Friendly,2012-06-01,-0.002870553370288631,-0.023270440065866982,-0.058771076523994825,-0.13685303135083382,-0.2552704005231975,-1
Panama,Jamaica,Friendly,2012-06-01,0.09986846956204865,-0.06039395884168686,0.10076199740596625,-0.05260961924078611,-0.22508227086514676,1
Argentina,Ecuador,FIFA World Cup qualification,2012-06-02,0.17259655415020014,0.08924127779794278,0.07782101167315147,0.8787877171470875,0.792021906621355,1
Denmark,Australia,Friendly,2012-06-02,-0.05694131319892559,0.2727949139933594,-0.2019293125810634,-0.04298648455556853,0.2572871708793568,1
England,Belgium,Friendly,2012-06-02,0.13208162476988616,0.17170747734570968,0.40077821011673154,-0.36433941778462864,-0.4335155374492956,1
Fiji,New Zealand,Oceania Nations Cup,2012-06-02,-0.15149909475993217,-0.2918722486445282,-0.0034857328145263544,0.2894055133678012,0.30421594125189383,-1
Netherlands,Northern Ireland,Friendly,2012-06-02,0.3454881814024595,0.28426106622589087,0.04628728923476,0.3168169184513121,0.33360725878742264,1
Norway,Croatia,Friendly,2012-06-02,-0.05808880584008125,0.09613967282758606,0.14785992217898802,0.3967886230099744,-0.2303026519919703,0
Uruguay,Venezuela,FIFA World Cup qualification,2012-06-02,0.11409063115352391,0.23284768225204688,-0.2611057068741894,0.09033758513678425,0.15428039052892434,0
Canada,United States,Friendly,2012-06-03,0.0037959186565628134,-0.14563205647084176,0.01945525291828798,-0.6554618676189005,-0.33331320235795764,0
Japan,Oman,FIFA World Cup qualification,2012-06-03,0.2663442996530254,0.5059848499485309,0.17469195849546038,0.12398556256055704,0.19068323925104352,1
Jordan,Iraq,FIFA World Cup qualification,2012-06-03,-0.0008672106028972948,-0.09387668194444432,0.06614785992217898,0.0,0.3214177782901954,0
Lebanon,Qatar,FIFA World Cup qualification,2012-06-03,-0.12975430333099758,-0.13762075608527446,0.3505998702983139,-0.14094039069622344,0.198852276628324,-1
Mexico,Brazil,Friendly,2012-06-03,-0.04663751781505865,-0.2957740164915341,0.3268482490272374,0.07184828740447169,-0.0005464571361744053,1
Peru,Colombia,FIFA World Cup qualification,2012-06-03,-0.24018844031683217,-0.3201501851430799,0.18328469520103763,-0.20276256748556465,-0.21100797451433678,-1
South Africa,Ethiopia,FIFA World Cup qualification,2012-06-03,0.23211460814858653,0.37731301691354524,-0.03153372243839181,-0.09532794883734286,-0.10633102558212842,0
Uzbekistan,Iran,FIFA World Cup qualification,2012-06-03,-0.0295974546569282,-0.18609244216234178,1.1102230246251565e-16,-0.09027855929996553,-0.33153261159954844,-1
Austria,Romania,Friendly,2012-06-05,0.1580625291490627,0.10075496690244545,0.030723086900129593,-0.06620300289685888,-0.17034339960280148,0
France,Estonia,Friendly,2012-06-05,0.5878230111143194,0.5984472360936905,0.15134565499351482,0.2738749582853708,0.4808479971217275,1
Sweden,Serbia,Friendly,2012-06-05,-0.02642674669012801,0.041948303744505644,-0.10157263294422836,-0.04044759867639636,-0.053836414981711156,1
Honduras,Panama,FIFA World Cup qualification,2012-06-08,-0.10680988447785866,-0.09251859705156695,-0.10076199740596625,0.05260961924078611,0.22508227086514676,-1
Japan,Jordan,FIFA World Cup qualification,2012-06-08,0.1677949693417573,0.4487144690021667,0.14396887159533078,0.01830460520973487,0.2499296479324874,1
Lebanon,Uzbekistan,FIFA World Cup qualification,2012-06-08,-0.29745279144727377,-0.0370083941259165,-0.015158884565499298,-0.06528796669549886,0.3068674081226421,0
Oman,Australia,FIFA World Cup qualification,2012-06-08,-0.19702220920226177,-0.271006969486312,-0.2019293125810634,-0.04298648455556853,0.2572871708793568,0
Qatar,South Korea,FIFA World Cup qualification,2012-06-08,-0.18984783238608438,-0.2599759202162075,-0.4552529182879376,0.10111232293019135,-0.2919187213336335,-1
Russia,Czech Republic,UEFA Euro,2012-06-08,0.07727305914067051,0.061229555071145914,0.058771076523994825,0.13685303135083382,0.2552704005231975,1
Bolivia,Paraguay,FIFA World Cup qualification,2012-06-09,-0.1413597728906808,-0.25382283135279504,0.09768158236057067,0.5826824832453713,0.3971539549895872,1
Brazil,Argentina,Friendly,2012-06-09,-0.12950033072460387,0.03491212270418931,-0.19455252918287924,-0.21903461888684295,-0.21388176852402752,-1
Cape Verde,Tunisia,FIFA World Cup qualification,2012-06-09,-0.08166345353896998,-0.0585754913576233,-0.12840466926070027,0.11958764439960679,-0.6983591479682261,-1
Germany,Portugal,UEFA Euro,2012-06-09,-0.016663229855529815,0.0017477108466175117,0.027237354085603127,0.10278829831189573,0.22234149571087658,1
Morocco,Ivory Coast,FIFA World Cup qualification,2012-06-09,0.16671539302618776,0.05807087524486576,0.21400778210116755,-0.06307520847870651,0.12058171366018444,0
Netherlands,Denmark,UEFA Euro,2012-06-09,0.09558808126059093,0.10958573968167418,0.04628728923476,0.3168169184513121,0.33360725878742264,-1
Uganda,Senegal,FIFA World Cup qualification,2012-06-09,-0.3145986799234042,-0.5379419941571384,-0.1980382619974057,0.02682998486149657,0.10321945587553266,0
Ecuador,Colombia,FIFA World Cup qualification,2012-06-10,-0.035905924208966766,0.026248005171647826,0.10894941634241251,-0.6642327678780234,-0.43178139597277926,1
Republic of Ireland,Croatia,UEFA Euro,2012-06-10,-0.20530630450040754,-0.043807386124036896,-0.15134565499351482,0.12679409732272107,-0.05288409096633656,-1
Spain,Italy,UEFA Euro,2012-06-10,0.2173958490144563,0.06200548511710746,0.17858300907911773,0.3109050827479565,0.5076623979820805,0
Uruguay,Peru,FIFA World Cup qualification,2012-06-10,0.18695984106313057,0.36071577261212484,-0.2611057068741894,0.09033758513678425,0.15428039052892434,1
France,England,UEFA Euro,2012-06-11,0.05837091814010642,-0.023458806670922705,-0.16731517509727634,0.2638027379726473,0.4457962211495734,0
Ukraine,Sweden,UEFA Euro,2012-06-11,0.008562331753588559,-0.04938192551813447,0.10157263294422836,0.04044759867639636,0.053836414981711156,1
Australia,Japan,FIFA World Cup qualification,2012-06-12,-0.06932209045076365,-0.2349778804622189,0.027237354085603016,-0.08099907800498851,-0.44797041013040034,0
Canada,Honduras,FIFA World Cup qualification,2012-06-12,0.13832721920507773,0.2743561450444063,-0.047097924773022104,-0.3349093208565356,-0.2038338995815443,0
El Salvador,Mexico,FIFA World Cup qualification,2012-06-12,-0.3109432901074216,-0.3260332086534219,-0.13578145265888453,-0.27013118527225743,-0.3568202595027106,-1
Greece,Czech Republic,UEFA Euro,2012-06-12,0.018872851530358004,0.067116008147035,0.058771076523994825,0.13685303135083382,0.2552704005231975,-1
Guatemala,United States,FIFA World Cup qualification,2012-06-12,-0.15799645486516423,-0.5631726867589189,0.06655317769131008,-0.3205525467623649,-0.12947930277641334,0
Iran,Qatar,FIFA World Cup qualification,2012-06-12,0.1972959427732044,0.08548008020298381,0.3657587548638131,0.01462613529924095,0.22351748010523032,0
Iraq,Oman,FIFA World Cup qualification,2012-06-12,0.09941654091416541,0.15114706289080848,-0.03542477302204938,0.10568095735082217,-0.3806641869716393,0
South Korea,Lebanon,FIFA World Cup qualification,2012-06-12,0.31960213571708196,0.397596676301482,0.10465304798962372,0.039828067766032094,0.0930664447053095,1
Denmark,Portugal,UEFA Euro,2012-06-13,-0.11281001064045704,-0.11639239837533966,-0.030723086900129593,-0.09659236421421391,-0.2661644953211055,-1
Netherlands,Germany,UEFA Euro,2012-06-13,-0.0005586995243362924,-0.008554369540282991,-0.011673151750972721,0.11743625592520246,-0.1548987322445594,-1
Italy,Croatia,UEFA Euro,2012-06-14,-0.016389473144870603,0.15728615343578545,-0.15134565499351482,0.12679409732272107,-0.05288409096633656,0
Spain,Republic of Ireland,UEFA Euro,2012-06-14,0.40631268036999324,0.2630990246769298,0.17858300907911773,0.3109050827479565,0.5076623979820805,1
Sweden,England,UEFA Euro,2012-06-15,-0.21281465758298101,-0.1952250837333005,-0.4202334630350195,-0.050519818989119836,-0.08888819095386524,-1
Ukraine,France,UEFA Euro,2012-06-15,-0.2626232439694989,-0.22114820258051227,-0.15134565499351482,-0.2738749582853708,-0.4808479971217275,-1
Poland,Czech Republic,UEFA Euro,2012-06-16,0.005628320533727749,-0.006528838823519401,0.058771076523994825,0.13685303135083382,0.2552704005231975,-1
Denmark,Germany,UEFA Euro,2012-06-17,-0.09614678078492722,-0.11814010922195717,-0.05796044098573272,-0.19938066252610964,-0.48850599103198206,-1
Portugal,Netherlands,UEFA Euro,2012-06-17,0.017221929379866108,0.006806658693665479,-0.015564202334630406,-0.2202245542370982,-0.06744276346631717,1
Croatia,Spain,UEFA Euro,2012-06-18,-0.2010063758695857,-0.2192916385528929,-0.027237354085602905,-0.43769918007067754,-0.45477830701574395,-1
Saudi Arabia,Morocco,Friendly,2012-06-18,-0.24412755475560854,-0.36189988165979425,-0.4046692607003892,0.010682420577301954,-0.16696374928572233,1
Sweden,France,UEFA Euro,2012-06-19,-0.27118557572308744,-0.1717662770623778,-0.2529182879377432,-0.31432255696176714,-0.5346844121034386,1
Ukraine,England,UEFA Euro,2012-06-19,-0.20425232582939246,-0.24460700925143497,-0.31866083009079116,-0.010072220312723479,-0.03505177597215409,-1
Czech Republic,Portugal,UEFA Euro,2012-06-21,-0.21352163478855424,-0.21281326303593318,-0.08949416342412442,-0.23344539556504773,-0.5214348958443029,-1
Germany,Greece,UEFA Euro,2012-06-22,0.17798555340266642,0.1474449657355157,0.05796044098573272,0.19938066252610964,0.48850599103198206,1
Spain,France,UEFA Euro,2012-06-23,0.07672918832308007,-0.005022878913684803,0.027237354085602905,0.03703012446258569,0.026814400860353027,1
England,Italy,UEFA Euro,2012-06-24,0.08229574255126981,0.09048717070171497,0.31866083009079116,0.010072220312723479,0.03505177597215409,0
Iraq,Lebanon,Arab Cup,2012-06-24,0.23544874533630789,0.1436657111848505,-0.03542477302204938,0.10568095735082217,-0.3806641869716393,1
Portugal,Spain,UEFA Euro,2012-06-27,-0.14704881213753485,-0.0598289599724775,-0.14785992217898813,-0.21431271853374256,-0.24149790266097504,0
Germany,Italy,UEFA Euro,2012-06-28,0.05368380702139164,0.003924235991247471,0.05796044098573272,0.19938066252610964,0.48850599103198206,-1
Spain,Italy,UEFA Euro,2012-07-01,0.2173958490144563,0.06200548511710746,0.17858300907911773,0.3109050827479565,0.5076623979820805,1
Saudi Arabia,Libya,Arab Cup,2012-07-03,0.13491617121813326,0.11254578858219988,-0.16382944228274976,-0.17198043230101145,-0.09043492748667853,-1
Saudi Arabia,Iraq,Arab Cup,2012-07-05,-0.05615289984267435,0.05813926042799045,-0.12840466926070038,-0.2776613896518336,0.29022925948496076,-1
Jordan,Uzbekistan,Friendly,2012-08-13,-0.06287125671386318,0.01278063511448968,0.015564202334630295,0.04039299065532331,0.24762099944119825,-1
Belgium,Netherlands,Friendly,2012-08-15,-0.1029109897156717,-0.07659017309495919,-0.12840466926070038,0.057594719646040016,0.13496005463402705,1
Croatia,Switzerland,Friendly,2012-08-15,0.04847133315391727,-0.025207895908219147,0.31906614785992216,0.08132768322557515,0.19469596785141718,-1
Ecuador,Chile,Friendly,2012-08-15,0.17436408319663865,0.19723327821321668,-0.07433527885862512,-0.4614702003924588,-0.22077342145844248,1
England,Italy,Friendly,2012-08-15,0.08229574255126981,0.09048717070171497,0.31866083009079116,0.010072220312723479,0.03505177597215409,1
France,Uruguay,Friendly,2012-08-15,0.1438873952771973,0.16166735080828243,0.4124513618677042,0.18353737314858654,0.32656760659280315,0
Germany,Argentina,Friendly,2012-08-15,-0.13301468758772228,0.023639527268191962,0.054474708171206365,-0.21793685422851905,-0.08274249413093049,-1
Guatemala,Paraguay,Friendly,2012-08-15,-0.10388314863887671,-0.421598481985729,0.09768158236057067,0.5826824832453713,0.3971539549895872,0
Iran,Tunisia,Friendly,2012-08-15,0.10656552803059349,-0.0959655853061605,0.05447470817120614,0.2751541703950713,-0.2449424296542323,0
Japan,Venezuela,Friendly,2012-08-15,0.20111179562549863,0.17545376226768683,0.17469195849546038,0.12398556256055704,0.19068323925104352,0
Jordan,Uzbekistan,Friendly,2012-08-15,-0.06287125671386318,0.01278063511448968,0.015564202334630295,0.04039299065532331,0.24762099944119825,1
Mexico,United States,Friendly,2012-08-15,0.046632610480131786,-0.16888970911385703,0.2023346303501946,-0.05042136149010745,0.22734095672629728,-1
Norway,Greece,Friendly,2012-08-15,0.08260241368606414,0.08237424913606883,0.29920557717250285,0.26999452568725335,-0.17741856102563375,-1
Oman,Egypt,Friendly,2012-08-15,-0.12582804597908726,-0.41454385181340614,0.14826523994811946,0.2894055133678012,-0.024708543572398767,0
Portugal,Panama,Friendly,2012-08-15,0.1341404173582581,0.44133360555874335,-0.07003891050583666,0.14920198345500002,0.49124676618625224,1
Puerto Rico,Spain,Friendly,2012-08-15,-0.5391450206475266,-0.9380575325446352,-0.17858300907911773,-0.3109050827479565,-0.5076623979820805,-1
Russia,Ivory Coast,Friendly,2012-08-15,-0.004033471805002353,-0.004504755843503627,-0.026832036316471908,0.1195876443996069,0.04405289186114064,0
Scotland,Australia,Friendly,2012-08-15,-0.14182214283920147,0.20416861157812605,-0.2684824902723735,-0.1109671401729142,0.135711677723305,1
Sweden,Brazil,Friendly,2012-08-15,-0.18771707891622125,-0.11993474445883034,0.08949416342412453,-0.2387304965441821,-0.4112031316205962,-1
Ukraine,Czech Republic,Friendly,2012-08-15,0.02121801463351014,0.056516899341583215,0.058771076523994825,0.13685303135083382,0.2552704005231975,0
Jordan,Iran,Friendly,2012-09-05,-0.09246871137079138,-0.1733118070478521,0.015564202334630406,-0.04988556864464222,-0.08391161215835019,0
Japan,United Arab Emirates,Friendly,2012-09-06,0.2406286511664799,0.2542095928602768,0.17469195849546038,0.12398556256055704,0.19068323925104352,1
Lebanon,Australia,Friendly,2012-09-06,-0.33305441362440424,-0.263525617780354,-0.2019293125810634,-0.04298648455556853,0.2572871708793568,-1
Qatar,Tajikistan,Friendly,2012-09-06,0.11755128366384238,0.11248110222815821,-0.3505998702983139,0.14094039069622344,-0.198852276628324,-1
Argentina,Paraguay,FIFA World Cup qualification,2012-09-07,0.2768837652460818,0.2335463894466776,0.10116731517509703,1.0,0.9684024401524998,1
Brazil,South Africa,Friendly,2012-09-07,0.20964388523834132,0.40127861890268024,-0.15953307392996108,0.2936108467051286,0.46369774222101345,1
Canada,Panama,FIFA World Cup qualification,2012-09-07,0.03151733472721907,0.18183754799283935,-0.14785992217898836,-0.28229970161574947,0.021248371283602463,1
Colombia,Uruguay,FIFA World Cup qualification,2012-09-07,0.0532285992537016,-0.04056558746904493,0.07782101167315175,0.1124249823487804,0.056727583985412444,1
Costa Rica,Mexico,FIFA World Cup qualification,2012-09-07,-0.12759784242272443,-0.12482732169178146,-0.13578145265888453,-0.27013118527225743,-0.3568202595027106,-1
Croatia,North Macedonia,FIFA World Cup qualification,2012-09-07,0.27870449450402046,0.25150221145266194,0.15134565499351482,-0.12679409732272107,0.05288409096633656,1
Ecuador,Bolivia,FIFA World Cup qualification,2012-09-07,0.24564698398656248,0.39812794300152987,-0.07433527885862512,-0.4614702003924588,-0.22077342145844248,1
Finland,France,FIFA World Cup qualification,2012-09-07,-0.4524886470449414,-0.43898180777760976,-0.15134565499351482,-0.2738749582853708,-0.4808479971217275,-1
Germany,Faroe Islands,FIFA World Cup qualification,2012-09-07,0.4937653583778123,0.6528076750043494,0.05796044098573272,0.19938066252610964,0.48850599103198206,1
Iceland,Norway,FIFA World Cup qualification,2012-09-07,-0.25705178619618385,-0.2534321860171427,-0.29920557717250285,-0.26999452568725335,0.17741856102563375,1
Jamaica,United States,FIFA World Cup qualification,2012-09-07,-0.1275898856327049,-0.26707564562199426,0.06655317769131008,-0.3205525467623649,-0.12947930277641334,1
Luxembourg,Portugal,FIFA World Cup qualification,2012-09-07,-0.5020251705488161,-0.4325987471362942,-0.030723086900129593,-0.09659236421421391,-0.2661644953211055,-1
Moldova,England,FIFA World Cup qualification,2012-09-07,-0.5836217767665277,-0.633325294385584,-0.31866083009079116,-0.010072220312723479,-0.03505177597215409,-1
Slovenia,Switzerland,FIFA World Cup qualification,2012-09-07,-0.12043718145800608,-0.10032848901611624,0.16772049286640733,0.20812178054829622,0.14181187688508062,-1
Spain,Saudi Arabia,Friendly,2012-09-07,0.356676077709837,0.5107369185086896,0.3424124513618675,0.48288551504896793,0.598097325468759,1
Wales,Belgium,FIFA World Cup qualification,2012-09-07,-0.10740130310740192,-0.10152657834803236,0.08211738002594038,-0.3744116380973521,-0.4685673134214497,-1
Denmark,Czech Republic,FIFA World Cup qualification,2012-09-08,0.1007116241480972,0.09642086466059352,0.058771076523994825,0.13685303135083382,0.2552704005231975,0
Scotland,Serbia,FIFA World Cup qualification,2012-09-08,-0.02325163506222827,-0.0361559588698519,-0.06655317769131008,-0.06798065561734568,-0.12157549315605182,0
Ivory Coast,Senegal,African Cup of Nations qualification,2012-09-08,-0.09580297381323288,-0.07135175259896265,-0.1712062256809338,-0.09275765953811033,0.05916656401439202,1
Libya,Algeria,African Cup of Nations qualification,2012-09-09,-0.2749490153761085,-0.39376232496390484,-0.14356355382619967,0.32365449537638236,0.00045350421092843485,-1
Austria,Germany,FIFA World Cup qualification,2012-09-11,-0.12093511957706116,-0.16157856470362475,-0.027237354085603127,-0.2655836654229685,-0.6588493906347835,-1
Belgium,Croatia,FIFA World Cup qualification,2012-09-11,-0.06617535536348695,0.07606584679179074,-0.2334630350194552,0.5012057354200732,0.41568322245511313,0
Chile,Colombia,FIFA World Cup qualification,2012-09-11,-0.21027000740560542,-0.17098527304156885,0.18328469520103763,-0.20276256748556465,-0.21100797451433678,-1
Czech Republic,Finland,Friendly,2012-09-11,0.1686473884419324,0.16131670585551428,-0.058771076523994825,-0.13685303135083382,-0.2552704005231975,-1
England,Ukraine,FIFA World Cup qualification,2012-09-11,0.20425232582939246,0.24460700925143497,0.31866083009079116,0.010072220312723479,0.03505177597215409,0
France,Belarus,FIFA World Cup qualification,2012-09-11,0.49083844140731614,0.6035014538769818,0.15134565499351482,0.2738749582853708,0.4808479971217275,1
Georgia,Spain,FIFA World Cup qualification,2012-09-11,-0.4408990545513394,-0.25543597300559817,-0.17858300907911773,-0.3109050827479565,-0.5076623979820805,-1
Haiti,Puerto Rico,CFU Caribbean Cup qualification,2012-09-11,0.1485607358465022,0.431635653955031,-0.08600843060959806,-0.21016277076685297,-0.349368116789524,1
Hungary,Netherlands,FIFA World Cup qualification,2012-09-11,-0.1934291520383995,-0.18273616427640071,-0.04628728923476,-0.3168169184513121,-0.33360725878742264,-1
Japan,Iraq,FIFA World Cup qualification,2012-09-11,0.16692775873886,0.3548377870577224,0.21011673151750976,0.01830460520973487,0.5713474262226828,1
Jordan,Australia,FIFA World Cup qualification,2012-09-11,-0.09847287889099365,-0.2137365885399478,-0.1712062256809338,0.06269447279525364,0.19804076219791295,1
Lebanon,Iran,FIFA World Cup qualification,2012-09-11,-0.32705024610420197,-0.22310083628825828,-0.015158884565499187,-0.1555665259954644,-0.024665203476906317,1
Mexico,Costa Rica,FIFA World Cup qualification,2012-09-11,0.12759784242272443,0.12482732169178146,0.13578145265888453,0.27013118527225743,0.3568202595027106,1
Norway,Slovenia,FIFA World Cup qualification,2012-09-11,0.11081970877184211,0.17126026593548316,0.29920557717250285,0.26999452568725335,-0.17741856102563375,1
Panama,Canada,FIFA World Cup qualification,2012-09-11,-0.03151733472721907,-0.18183754799283935,0.14785992217898836,0.28229970161574947,-0.021248371283602463,1
Paraguay,Venezuela,FIFA World Cup qualification,2012-09-11,0.027126095102377068,0.07422498830591495,-0.09768158236057067,-0.5826824832453713,-0.3971539549895872,-1
Peru,Argentina,FIFA World Cup qualification,2012-09-11,-0.37687907025806555,-0.4356394681126705,-0.0034857328145263544,-0.4173175167546287,-0.5712484851629125,0
Portugal,Azerbaijan,FIFA World Cup qualification,2012-09-11,0.5029683033431167,0.49732601950838706,0.030723086900129593,0.09659236421421391,0.2661644953211055,1
Scotland,North Macedonia,FIFA World Cup qualification,2012-09-11,0.1349712179553384,0.22594618924250431,-0.06655317769131008,-0.06798065561734568,-0.12157549315605182,0
Sweden,Kazakhstan,FIFA World Cup qualification,2012-09-11,0.23855902156671016,0.41388477509138655,-0.10157263294422836,-0.04044759867639636,-0.053836414981711156,1
Switzerland,Albania,FIFA World Cup qualification,2012-09-11,0.20024712588819482,0.17057117668330068,-0.16772049286640733,-0.20812178054829622,-0.14181187688508062,1
Uruguay,Ecuador,FIFA World Cup qualification,2012-09-11,-0.017322675044734837,0.014317582297397102,-0.18677042801556426,0.551807785529243,0.3750538119873668,0
United States,Jamaica,FIFA World Cup qualification,2012-09-11,0.1275898856327049,0.26707564562199426,-0.06655317769131008,0.3205525467623649,0.12947930277641334,1
Uzbekistan,South Korea,FIFA World Cup qualification,2012-09-11,-0.02214934426980819,-0.3605882821755655,-0.08949416342412442,0.025459898929466762,-0.39993385282795163,0
Brazil,Argentina,Superclásico de las Américas,2012-09-19,-0.12950033072460387,0.03491212270418931,-0.19455252918287924,-0.21903461888684295,-0.21388176852402752,1
Brazil,Iraq,Friendly,2012-10-11,0.1403254927372164,0.5220675252468174,-0.1556420233463035,0.09260194051696358,0.7380309036105244,1
Argentina,Uruguay,FIFA World Cup qualification,2012-10-12,0.18991922919493498,0.07492369550054567,0.26459143968871573,0.32697993161784444,0.4169680946339882,1
Belarus,Spain,FIFA World Cup qualification,2012-10-12,-0.5675676297303962,-0.598478574963297,-0.17858300907911773,-0.3109050827479565,-0.5076623979820805,-1
Colombia,Paraguay,FIFA World Cup qualification,2012-10-12,0.14019313530484845,0.118057106477087,-0.08560311284046696,0.785445050730936,0.608161929503924,1
Czech Republic,Malta,FIFA World Cup qualification,2012-10-12,0.3437380803740051,0.3308117860052766,-0.058771076523994825,-0.13685303135083382,-0.2552704005231975,1
Ecuador,Chile,FIFA World Cup qualification,2012-10-12,0.17436408319663865,0.19723327821321668,-0.07433527885862512,-0.4614702003924588,-0.22077342145844248,1
England,San Marino,FIFA World Cup qualification,2012-10-12,0.8648998935368133,0.9999999999999998,0.31866083009079116,0.010072220312723479,0.03505177597215409,1
Faroe Islands,Sweden,FIFA World Cup qualification,2012-10-12,-0.3095626363247095,-0.5441455259815164,0.10157263294422836,0.04044759867639636,0.053836414981711156,-1
France,Japan,Friendly,2012-10-12,0.05686623080522257,0.21906127079264248,-0.023346303501945553,0.14988939572481375,0.29016475787068396,-1
Republic of Ireland,Germany,FIFA World Cup qualification,2012-10-12,-0.24260063837692858,-0.20501777555106981,-0.05796044098573272,-0.19938066252610964,-0.48850599103198206,-1
Kazakhstan,Austria,FIFA World Cup qualification,2012-10-12,-0.30182662404275185,-0.3609683594105948,-0.030723086900129593,0.06620300289685888,0.17034339960280148,0
North Macedonia,Croatia,FIFA World Cup qualification,2012-10-12,-0.27870449450402046,-0.25150221145266194,-0.15134565499351482,0.12679409732272107,-0.05288409096633656,-1
Netherlands,Andorra,FIFA World Cup qualification,2012-10-12,0.7119579029833765,0.727116867186957,0.04628728923476,0.3168169184513121,0.33360725878742264,1
Panama,Honduras,FIFA World Cup qualification,2012-10-12,0.10680988447785866,0.09251859705156695,0.10076199740596625,-0.05260961924078611,-0.22508227086514676,0
Poland,South Africa,Friendly,2012-10-12,0.014899443975926241,0.1689162107606128,0.03153372243839181,0.09532794883734286,0.10633102558212842,1
Russia,Portugal,FIFA World Cup qualification,2012-10-12,-0.13624857564788373,-0.15158370796478726,-0.030723086900129593,-0.09659236421421391,-0.2661644953211055,1
Serbia,Belgium,FIFA World Cup qualification,2012-10-12,-0.05430628612296684,-0.06546591013209646,0.08211738002594038,-0.3744116380973521,-0.4685673134214497,-1
Switzerland,Norway,FIFA World Cup qualification,2012-10-12,0.009617472686163975,-0.07093177691936692,-0.4669260700389102,-0.47811630623554957,0.035606684140553124,0
United Arab Emirates,Uzbekistan,Friendly,2012-10-12,-0.13570493853858578,0.20728551125637962,-0.015158884565499298,-0.06528796669549886,0.3068674081226421,0
Wales,Scotland,FIFA World Cup qualification,2012-10-12,-0.029843381922206813,9.529065391600255e-05,0.06655317769131008,0.06798065561734568,0.12157549315605182,1
Senegal,Ivory Coast,African Cup of Nations qualification,2012-10-13,0.09580297381323288,0.07135175259896265,0.1712062256809338,0.09275765953811033,-0.05916656401439202,-1
Algeria,Libya,African Cup of Nations qualification,2012-10-14,0.2749490153761085,0.39376232496390484,0.14356355382619967,-0.32365449537638236,-0.00045350421092843485,1
Austria,Kazakhstan,FIFA World Cup qualification,2012-10-16,0.30182662404275185,0.3609683594105948,0.030723086900129593,-0.06620300289685888,-0.17034339960280148,1
Belgium,Scotland,FIFA World Cup qualification,2012-10-16,0.07755792118519511,0.10162186900194836,-0.015564202334630295,0.4423922937146978,0.5901428065775015,1
Bolivia,Uruguay,FIFA World Cup qualification,2012-10-16,-0.22832430894182765,-0.412445525298927,0.2611057068741894,-0.09033758513678425,-0.15428039052892434,1
Chile,Argentina,FIFA World Cup qualification,2012-10-16,-0.3469606373468388,-0.28647455601115945,-0.0034857328145263544,-0.4173175167546287,-0.5712484851629125,-1
Croatia,Wales,FIFA World Cup qualification,2012-10-16,0.17357665847088888,0.025460731556241623,0.15134565499351482,-0.12679409732272107,0.05288409096633656,1
Cyprus,Norway,FIFA World Cup qualification,2012-10-16,-0.4313125334832282,-0.4403499165379432,-0.29920557717250285,-0.26999452568725335,0.17741856102563375,-1
Czech Republic,Bulgaria,FIFA World Cup qualification,2012-10-16,0.187929796317025,0.1821178287475056,-0.058771076523994825,-0.13685303135083382,-0.2552704005231975,0
Egypt,Tunisia,Friendly,2012-10-16,0.041375532327621256,0.08799607851302937,-0.10894941634241251,-0.16981786896819429,-0.24489908955873985,-1
Germany,Sweden,FIFA World Cup qualification,2012-10-16,0.18420272205310284,0.108662149022833,0.15953307392996108,0.239828261202506,0.5423424060136932,0
Honduras,Canada,FIFA World Cup qualification,2012-10-16,-0.13832721920507773,-0.2743561450444063,0.047097924773022104,0.3349093208565356,0.2038338995815443,1
Iceland,Switzerland,FIFA World Cup qualification,2012-10-16,-0.2666692588823478,-0.18250040909777576,0.16772049286640733,0.20812178054829622,0.14181187688508062,-1
Iran,South Korea,FIFA World Cup qualification,2012-10-16,0.0074481103871200105,-0.1744958400132237,-0.08949416342412453,0.1157384582294323,-0.06840124122840319,1
Iraq,Australia,FIFA World Cup qualification,2012-10-16,-0.09760566828809636,-0.1198599065955035,-0.23735408560311277,0.06269447279525364,-0.12337701609228247,-1
Japan,Brazil,Friendly,2012-10-16,0.026602266001643615,-0.16722973818909503,0.36575875486381326,-0.0742973353072287,-0.1666834773878415,-1
Mexico,El Salvador,FIFA World Cup qualification,2012-10-16,0.3109432901074216,0.3260332086534219,0.13578145265888453,0.27013118527225743,0.3568202595027106,1
Oman,Jordan,FIFA World Cup qualification,2012-10-16,-0.09854933031126811,-0.05727038094636416,-0.030723086900129593,-0.10568095735082217,0.059246408681443874,1
Paraguay,Peru,FIFA World Cup qualification,2012-10-16,0.09999530501198373,0.2020930786659929,-0.09768158236057067,-0.5826824832453713,-0.3971539549895872,1
Portugal,Northern Ireland,FIFA World Cup qualification,2012-10-16,0.3627101107823256,0.29106772491955635,0.030723086900129593,0.09659236421421391,0.2661644953211055,0
Qatar,Uzbekistan,FIFA World Cup qualification,2012-10-16,-0.1676984881162762,0.10061236195935797,-0.3657587548638132,0.07565242400072458,0.10801513149431813,-1
Romania,Netherlands,FIFA World Cup qualification,2012-10-16,-0.2784389492017876,-0.2537791620657872,-0.04628728923476,-0.3168169184513121,-0.33360725878742264,-1
Spain,France,FIFA World Cup qualification,2012-10-16,0.07672918832308007,-0.005022878913684803,0.027237354085602905,0.03703012446258569,0.026814400860353027,0
United States,Guatemala,FIFA World Cup qualification,2012-10-16,0.15799645486516423,0.5631726867589189,-0.06655317769131008,0.3205525467623649,0.12947930277641334,1
Venezuela,Ecuador,FIFA World Cup qualification,2012-10-16,-0.13141330619825875,-0.21853009995464978,0.07433527885862512,0.4614702003924588,0.22077342145844248,0
Poland,England,FIFA World Cup qualification,2012-10-17,-0.21984201992917485,-0.3076527474165376,-0.31866083009079116,-0.010072220312723479,-0.03505177597215409,0
Iran,Tajikistan,Friendly,2012-11-06,0.31484722643704677,0.19796118243114202,0.015158884565499187,0.1555665259954644,0.024665203476906317,1
Austria,Ivory Coast,Friendly,2012-11-14,-0.0053832455897095954,-0.012751901735723603,0.0038910505836576847,0.05338464150274802,-0.12629050774166084,-1
Brazil,Colombia,Friendly,2012-11-14,0.007190299216629503,0.1504014056737799,-0.0077821011673152585,-0.004479669617778903,0.14635874212454825,0
Cape Verde,Ghana,Friendly,2012-11-14,0.042425142153196704,-0.2076980918343838,-0.04280155642023331,0.22471299186885052,-0.2296699391569088,-1
Czech Republic,Slovakia,Friendly,2012-11-14,0.06088948931618687,0.03323729613001225,-0.058771076523994825,-0.13685303135083382,-0.2552704005231975,1
Georgia,Egypt,Friendly,2012-11-14,-0.16678738174909857,0.05004341700848425,0.14826523994811946,0.2894055133678012,-0.024708543572398767,0
Hungary,Norway,Friendly,2012-11-14,-0.09860471184613351,-0.12621981721723685,-0.29920557717250285,-0.26999452568725335,0.17741856102563375,-1
Iran,Uzbekistan,FIFA World Cup qualification,2012-11-14,0.0295974546569282,0.18609244216234178,-1.1102230246251565e-16,0.09027855929996553,0.33153261159954844,-1
Iraq,Jordan,FIFA World Cup qualification,2012-11-14,0.0008672106028972948,0.09387668194444432,-0.06614785992217898,0.0,-0.3214177782901954,1
Italy,France,Friendly,2012-11-14,-0.14066666069137623,-0.06702836403079226,-0.15134565499351482,-0.2738749582853708,-0.4808479971217275,-1
South Korea,Australia,Friendly,2012-11-14,-0.013452277907322285,0.134071058521128,-0.09727626459143968,-0.0031584167895364335,0.3503536155846663,-1
Luxembourg,Scotland,Friendly,2012-11-14,-0.3043343302680832,-0.24758004634572117,0.06655317769131008,0.06798065561734568,0.12157549315605182,-1
Netherlands,Germany,Friendly,2012-11-14,-0.0005586995243362924,-0.008554369540282991,-0.011673151750972721,0.11743625592520246,-0.1548987322445594,0
Oman,Japan,FIFA World Cup qualification,2012-11-14,-0.2663442996530254,-0.5059848499485309,-0.17469195849546038,-0.12398556256055704,-0.19068323925104352,-1
Panama,Spain,Friendly,2012-11-14,-0.28118922949579295,-0.5011625655312208,-0.07782101167315147,-0.3635147019887426,-0.7327446688472272,-1
Paraguay,Guatemala,Friendly,2012-11-14,0.10388314863887671,0.421598481985729,-0.09768158236057067,-0.5826824832453713,-0.3971539549895872,1
Poland,Uruguay,Friendly,2012-11-14,-0.13432554279208397,-0.12252658993733245,0.2611057068741894,-0.09033758513678425,-0.15428039052892434,-1
Qatar,Lebanon,FIFA World Cup qualification,2012-11-14,0.12975430333099758,0.13762075608527446,-0.3505998702983139,0.14094039069622344,-0.198852276628324,1
Romania,Belgium,Friendly,2012-11-14,-0.17552795948611588,-0.17718898897082802,0.08211738002594038,-0.3744116380973521,-0.4685673134214497,1
Russia,United States,Friendly,2012-11-14,-0.029829574360281885,-0.037719706869725034,0.06655317769131008,-0.3205525467623649,-0.12947930277641334,0
Saudi Arabia,Argentina,Friendly,2012-11-14,-0.3259787233044946,-0.4290161421146377,-0.16731517509727611,-0.5892979490556401,-0.6616834126495911,0
Sweden,England,Friendly,2012-11-14,-0.21281465758298101,-0.1952250837333005,-0.4202334630350195,-0.050519818989119836,-0.08888819095386524,1
Tunisia,Switzerland,Friendly,2012-11-14,-0.06600949610635909,-0.19939172588243803,0.12840466926070038,0.08853413614868932,0.41141951001621924,-1
Argentina,Brazil,Superclásico de las Américas,2012-11-21,0.12950033072460387,-0.03491212270418931,0.19455252918287924,0.21903461888684295,0.21388176852402752,1
Hong Kong,Australia,EAFF Championship,2012-12-03,-0.3664714791177257,-0.33167881014423983,-0.2019293125810634,-0.04298648455556853,0.2572871708793568,-1
Dominican Republic,Haiti,CFU Caribbean Cup,2012-12-09,-0.09857366337446116,-0.06231194876087143,0.08600843060959806,0.21016277076685297,0.349368116789524,-1
Iran,Saudi Arabia,WAFF Championship,2012-12-09,0.14775440061056844,0.02129586467541733,0.17898832684824895,0.32754695829647584,0.11510013096358485,0
Iraq,Jordan,WAFF Championship,2012-12-10,0.0008672106028972948,0.09387668194444432,-0.06614785992217898,0.0,-0.3214177782901954,1
Oman,Iraq,WAFF Championship,2012-12-18,-0.09941654091416541,-0.15114706289080848,0.03542477302204938,-0.10568095735082217,0.3806641869716393,-1
Qatar,Egypt,Friendly,2012-12-28,-0.13210594707023215,-0.2694417440221737,-0.20233463035019444,0.4303459040640246,-0.22356082020072277,-1
Iraq,Tunisia,Friendly,2012-12-30,0.014964027262699409,-0.17540071040956828,0.0038910505836575737,0.22526860175042906,-0.650271820102778,-1
Qatar,United Arab Emirates,Gulf Cup,2013-01-05,-0.031993549577690406,-0.10667314929702165,-0.3505998702983139,0.14094039069622344,-0.198852276628324,-1
Saudi Arabia,Iraq,Gulf Cup,2013-01-06,-0.05615289984267435,0.05813926042799045,-0.12840466926070038,-0.2776613896518336,0.29022925948496076,-1
Tunisia,Ethiopia,Friendly,2013-01-07,0.28646897338701205,0.43192482097897633,-0.03931582360570696,-0.1195876443996069,0.2696076331311386,0
Qatar,Oman,Gulf Cup,2013-01-08,-0.0062779010911449,0.14510210779123245,-0.3505998702983139,0.14094039069622344,-0.198852276628324,1
South Africa,Norway,Friendly,2013-01-08,-0.11074638865862063,-0.32493530686723604,-0.33073929961089465,-0.3653224745245962,0.07108753544350532,-1
Cape Verde,Nigeria,Friendly,2013-01-09,-0.13776205286494747,-0.21852005170835387,-0.16772049286640722,-1.1102230246251565e-16,-0.42875151483708746,0
Ghana,Egypt,Friendly,2013-01-10,-0.16546412801978794,0.06112652196373114,0.023346303501945553,0.06469252149895055,-0.2237901192525774,1
Panama,Guatemala,Friendly,2013-01-10,0.13027503879450797,0.23570308229523773,0.10076199740596625,-0.05260961924078611,-0.22508227086514676,1
South Africa,Algeria,Friendly,2013-01-12,-0.1531983368164258,-0.21856689046555822,-0.17509727626459148,0.2283265465390395,-0.10587752137119999,0
Ghana,Tunisia,Friendly,2013-01-13,-0.12408859569216668,0.14912260047676051,-0.08560311284046696,-0.10512534746924374,-0.46868920881131726,1
Panama,Guatemala,Friendly,2013-01-13,0.13027503879450797,0.23570308229523773,0.10076199740596625,-0.05260961924078611,-0.22508227086514676,1
Ivory Coast,Egypt,Friendly,2013-01-14,-0.00515224317817542,0.09857147792032128,0.17509727626459137,0.16981786896819429,-0.06876143543353941,1
United Arab Emirates,Iraq,Gulf Cup,2013-01-18,-0.0737008924276199,0.10062819419744562,0.03542477302204938,-0.10568095735082217,0.3806641869716393,1
Chile,Haiti,Friendly,2013-01-19,0.012926293048843185,0.13822654618439278,0.08600843060959806,0.21016277076685297,0.349368116789524,1
South Africa,Cape Verde,African Cup of Nations,2013-01-19,0.02730908830054446,0.003963687292192208,0.1361867704280154,-0.09532794883734275,0.32242048925495903,0
El Salvador,Panama,UNCAF Cup,2013-01-20,-0.23658926355663357,-0.1674533133035978,-0.10076199740596625,0.05260961924078611,0.22508227086514676,0
Ghana,DR Congo,African Cup of Nations,2013-01-20,-0.111643936917178,0.16912131077996584,-0.15175097276264604,-0.22471299186885052,0.09774666205641092,0
Panama,Honduras,UNCAF Cup,2013-01-22,0.10680988447785866,0.09251859705156695,0.10076199740596625,-0.05260961924078611,-0.22508227086514676,0
Tunisia,Algeria,African Cup of Nations,2013-01-22,-0.09884397157800029,-0.16395508640012713,-0.18287937743190663,0.20406685097677546,0.27006113734206705,1
Morocco,Cape Verde,African Cup of Nations,2013-01-23,0.2846021357146036,0.3032139230358397,0.4085603112840467,-0.1826628528783133,0.5052803366361313,0
Guatemala,Panama,UNCAF Cup,2013-01-25,-0.13027503879450797,-0.23570308229523773,-0.10076199740596625,0.05260961924078611,0.22508227086514676,-1
Ivory Coast,Tunisia,African Cup of Nations,2013-01-26,0.036223289149445836,0.18656755643335066,0.06614785992217886,0.0,-0.31366052499227925,1
Sweden,Finland,King's Cup,2013-01-26,0.18130307132185397,0.26721553071523196,-0.10157263294422836,-0.04044759867639636,-0.053836414981711156,1
South Africa,Morocco,African Cup of Nations,2013-01-27,-0.2572930474140591,-0.2992502357436475,-0.27237354085603127,0.08733490404097055,-0.18285984738117222,0
United States,Canada,Friendly,2013-01-29,-0.0037959186565628134,0.14563205647084176,-0.01945525291828798,0.6554618676189005,0.33331320235795764,0
Algeria,Ivory Coast,African Cup of Nations,2013-01-30,0.06262068242855445,-0.02261247003322353,0.11673151750972777,-0.20406685097677546,0.04359938765021221,0
Jordan,Indonesia,Friendly,2013-01-31,0.20173552399645645,-0.1873219476617649,0.030723086900129593,0.10568095735082217,-0.059246408681443874,1
Qatar,Lebanon,Friendly,2013-01-31,0.12975430333099758,0.13762075608527446,-0.3505998702983139,0.14094039069622344,-0.198852276628324,1
Uzbekistan,Azerbaijan,Friendly,2013-02-01,0.4114979837244548,-0.11837851651474951,0.015158884565499298,0.06528796669549886,-0.3068674081226421,0
Ghana,Cape Verde,African Cup of Nations,2013-02-02,-0.042425142153196704,0.2076980918343838,0.04280155642023331,-0.22471299186885052,0.2296699391569088,1
Ivory Coast,Nigeria,African Cup of Nations,2013-02-03,-0.019875310176531658,0.026622996082620087,0.026832036316471908,-0.1195876443996069,-0.04405289186114064,-1
Belgium,Slovakia,Friendly,2013-02-06,0.1542782050092033,0.16265372737732076,-0.08211738002594038,0.3744116380973521,0.4685673134214497,1
Chile,Egypt,Friendly,2013-02-06,-0.10354631894994037,-0.06271594239112899,0.14826523994811946,0.2894055133678012,-0.024708543572398767,1
Croatia,South Korea,Friendly,2013-02-06,0.01536341161680288,0.09565357526715568,0.04669260700389111,-0.16662216508875316,-0.04018235373897294,1
England,Brazil,Friendly,2013-02-06,0.025097578666759768,0.07529033927447015,0.509727626459144,-0.18821067755506227,-0.32231494066673094,1
France,Germany,Friendly,2013-02-06,0.0869828536699846,0.0631041280395448,0.0933852140077821,0.07449429575926114,-0.007657993910254568,-1
Greece,Switzerland,Friendly,2013-02-06,-0.09221988637222811,-0.011442472216701915,0.16772049286640733,0.20812178054829622,0.14181187688508062,0
Honduras,United States,FIFA World Cup qualification,2013-02-06,-0.13453130054851492,-0.41998820151524807,0.06655317769131008,-0.3205525467623649,-0.12947930277641334,1
Iran,Lebanon,AFC Asian Cup qualification,2013-02-06,0.32705024610420197,0.22310083628825828,0.015158884565499187,0.1555665259954644,0.024665203476906317,1
Iraq,Indonesia,AFC Asian Cup qualification,2013-02-06,0.20260273459935374,-0.09344526571732059,-0.03542477302204938,0.10568095735082217,-0.3806641869716393,1
Japan,Latvia,Friendly,2013-02-06,0.5872818251207341,0.361255739604013,0.17469195849546038,0.12398556256055704,0.19068323925104352,1
Jordan,Singapore,AFC Asian Cup qualification,2013-02-06,0.2770224635305276,0.11794222160429202,0.030723086900129593,0.10568095735082217,-0.059246408681443874,1
Mexico,Jamaica,FIFA World Cup qualification,2013-02-06,0.1742224961128367,0.09818593650813723,0.13578145265888453,0.27013118527225743,0.3568202595027106,0
Netherlands,Italy,Friendly,2013-02-06,0.053125107497055346,-0.00463013354903552,0.04628728923476,0.3168169184513121,0.33360725878742264,0
Norway,Ukraine,Friendly,2013-02-06,0.080257250582912,0.09297335794152062,0.29920557717250285,0.26999452568725335,-0.17741856102563375,-1
Panama,Costa Rica,FIFA World Cup qualification,2013-02-06,0.053243815871936384,-0.03375257365804263,0.10076199740596625,-0.05260961924078611,-0.22508227086514676,0
Portugal,Ecuador,Friendly,2013-02-06,0.05624509641800768,0.11113309421951723,0.10505836575875471,0.5580625646066727,0.48693791677954795,-1
Qatar,Malaysia,AFC Asian Cup qualification,2013-02-06,0.02641429496197989,0.12380463234365413,-0.3505998702983139,0.14094039069622344,-0.198852276628324,1
Romania,Australia,Friendly,2013-02-06,-0.23979218114012224,0.1286014916092464,-0.2019293125810634,-0.04298648455556853,0.2572871708793568,1
Scotland,Estonia,Friendly,2013-02-06,0.31981254701913175,0.3485766964169552,-0.06655317769131008,-0.06798065561734568,-0.12157549315605182,1
Spain,Uruguay,Friendly,2013-02-06,0.22061658360027736,0.15664447189459763,0.4396887159533071,0.22056749761117223,0.3533820074531562,1
Sweden,Argentina,Friendly,2013-02-06,-0.3172174096408251,-0.08502262175464104,-0.10505836575875471,-0.45776511543102505,-0.6250849001446237,-1
Uzbekistan,Hong Kong,AFC Asian Cup qualification,2013-02-06,0.33086985694059523,0.10516158648980234,0.015158884565499298,0.06528796669549886,-0.3068674081226421,0
Wales,Austria,Friendly,2013-02-06,-0.08993587277034876,-0.02509255627964979,-0.030723086900129593,0.06620300289685888,0.17034339960280148,1
Qatar,Egypt,Friendly,2013-03-07,-0.13210594707023215,-0.2694417440221737,-0.20233463035019444,0.4303459040640246,-0.22356082020072277,1
Senegal,Libya,Friendly,2013-03-16,0.3081313067607869,0.487726547596091,0.1980382619974057,-0.02682998486149657,-0.10321945587553266,-1
Malaysia,Saudi Arabia,Friendly,2013-03-17,-0.07595583712461584,-0.1879888478712206,0.16382944228274976,0.17198043230101145,0.09043492748667853,-1
Qatar,Thailand,Friendly,2013-03-17,0.007677343130949588,0.10625082745666159,-0.3505998702983139,0.14094039069622344,-0.198852276628324,1
Oman,Haiti,Friendly,2013-03-20,-0.009355433980303696,-0.21360136323788437,0.08600843060959806,0.21016277076685297,0.349368116789524,1
Ecuador,El Salvador,Friendly,2013-03-21,0.314484584496884,0.4976538246428239,-0.07433527885862512,-0.4614702003924588,-0.22077342145844248,1
Italy,Brazil,Friendly,2013-03-21,-0.057198163884510045,-0.015196831427244817,0.1910667963683529,-0.19828289786778575,-0.35736671663888503,0
Jordan,Belarus,Friendly,2013-03-21,0.26617724126033626,-0.06427428591782736,0.030723086900129593,0.10568095735082217,-0.059246408681443874,1
Argentina,Venezuela,FIFA World Cup qualification,2013-03-22,0.3040098603484589,0.30777137775259256,0.0034857328145263544,0.4173175167546287,0.5712484851629125,1
Austria,Faroe Islands,FIFA World Cup qualification,2013-03-22,0.37283023880075117,0.4912291103007247,0.030723086900129593,-0.06620300289685888,-0.17034339960280148,1
Colombia,Bolivia,FIFA World Cup qualification,2013-03-22,0.28155290819552925,0.37187993782988205,-0.18328469520103763,0.20276256748556465,0.21100797451433678,1
Croatia,Serbia,FIFA World Cup qualification,2013-03-22,0.1204816414864538,-0.010599936659694276,0.15134565499351482,-0.12679409732272107,0.05288409096633656,1
Czech Republic,Denmark,FIFA World Cup qualification,2013-03-22,-0.1007116241480972,-0.09642086466059352,-0.058771076523994825,-0.13685303135083382,-0.2552704005231975,-1
France,Georgia,FIFA World Cup qualification,2013-03-22,0.3641698662282593,0.260458851919283,0.15134565499351482,0.2738749582853708,0.4808479971217275,1
Honduras,Mexico,FIFA World Cup qualification,2013-03-22,-0.1811639110286467,-0.25109849240139104,-0.13578145265888453,-0.27013118527225743,-0.3568202595027106,0
Israel,Portugal,FIFA World Cup qualification,2013-03-22,-0.32085246083261665,-0.3055265972089054,-0.030723086900129593,-0.09659236421421391,-0.2661644953211055,0
Jamaica,Panama,FIFA World Cup qualification,2013-03-22,-0.09986846956204865,0.06039395884168686,-0.10076199740596625,0.05260961924078611,0.22508227086514676,0
Japan,Canada,Friendly,2013-03-22,0.11607647564027124,0.10528662565942382,0.22178988326848248,0.4588948834170926,0.3945171388325878,1
Kazakhstan,Germany,FIFA World Cup qualification,2013-03-22,-0.422761743619813,-0.5225469241142195,-0.05796044098573272,-0.19938066252610964,-0.48850599103198206,-1
North Macedonia,Belgium,FIFA World Cup qualification,2013-03-22,-0.2125291391405335,-0.3275680582444527,0.08211738002594038,-0.3744116380973521,-0.4685673134214497,-1
Netherlands,Estonia,FIFA World Cup qualification,2013-03-22,0.5002814579199986,0.5267887385138628,0.04628728923476,0.3168169184513121,0.33360725878742264,1
Norway,Albania,FIFA World Cup qualification,2013-03-22,0.19062965320203085,0.2415029536026676,0.29920557717250285,0.26999452568725335,-0.17741856102563375,-1
San Marino,England,FIFA World Cup qualification,2013-03-22,-0.8648998935368133,-0.9999999999999998,-0.31866083009079116,-0.010072220312723479,-0.03505177597215409,-1
Scotland,Wales,FIFA World Cup qualification,2013-03-22,0.029843381922206813,-9.529065391600255e-05,-0.06655317769131008,-0.06798065561734568,-0.12157549315605182,-1
Spain,Finland,FIFA World Cup qualification,2013-03-22,0.5292178353680215,0.43395892886392495,0.17858300907911773,0.3109050827479565,0.5076623979820805,0
Sweden,Republic of Ireland,FIFA World Cup qualification,2013-03-22,0.05839791632382574,0.09635562652823682,-0.10157263294422836,-0.04044759867639636,-0.053836414981711156,0
United Arab Emirates,Uzbekistan,AFC Asian Cup qualification,2013-03-22,-0.13570493853858578,0.20728551125637962,-0.015158884565499298,-0.06528796669549886,0.3068674081226421,1
Uruguay,Paraguay,FIFA World Cup qualification,2013-03-22,0.08696453605114685,0.15862269394613193,-0.1634241245136187,0.6730200683821556,0.5514343455185116,0
United States,Costa Rica,FIFA World Cup qualification,2013-03-22,0.08096523194259264,0.2937170308056385,-0.06655317769131008,0.3205525467623649,0.12947930277641334,1
Cyprus,Switzerland,FIFA World Cup qualification,2013-03-23,-0.44093000616939215,-0.3694181396185763,0.16772049286640733,0.20812178054829622,0.14181187688508062,0
Indonesia,Saudi Arabia,AFC Asian Cup qualification,2013-03-23,-0.1464498347566794,0.035306005289330145,0.16382944228274976,0.17198043230101145,0.09043492748667853,-1
DR Congo,Libya,FIFA World Cup qualification,2013-03-24,0.16366038502311953,0.2098085282605724,0.02683203631647213,-1.1102230246251565e-16,-0.29682823773658956,0
Dominican Republic,Haiti,Friendly,2013-03-24,-0.09857366337446116,-0.06231194876087143,0.08600843060959806,0.21016277076685297,0.349368116789524,1
Canada,Belarus,Friendly,2013-03-25,0.31789573496182233,0.27915355742491554,-0.047097924773022104,-0.3349093208565356,-0.2038338995815443,-1
Russia,Brazil,Friendly,2013-03-25,-0.12309970265547232,-0.16460401424740212,0.1910667963683529,-0.19828289786778575,-0.35736671663888503,0
Armenia,Czech Republic,FIFA World Cup qualification,2013-03-26,-0.29809358868807645,-0.19644902436376332,0.058771076523994825,0.13685303135083382,0.2552704005231975,-1
Australia,Oman,FIFA World Cup qualification,2013-03-26,0.19702220920226177,0.271006969486312,0.2019293125810634,0.04298648455556853,-0.2572871708793568,0
Azerbaijan,Portugal,FIFA World Cup qualification,2013-03-26,-0.5029683033431167,-0.49732601950838706,-0.030723086900129593,-0.09659236421421391,-0.2661644953211055,-1
Belgium,North Macedonia,FIFA World Cup qualification,2013-03-26,0.2125291391405335,0.3275680582444527,-0.08211738002594038,0.3744116380973521,0.4685673134214497,1
Bolivia,Argentina,FIFA World Cup qualification,2013-03-26,-0.4182435381367626,-0.48736922079947265,-0.0034857328145263544,-0.4173175167546287,-0.5712484851629125,0
Chile,Uruguay,FIFA World Cup qualification,2013-03-26,-0.15704140815190382,-0.21155086051061378,0.2611057068741894,-0.09033758513678425,-0.15428039052892434,1
Ecuador,Paraguay,FIFA World Cup qualification,2013-03-26,0.10428721109588168,0.14430511164873483,0.023346303501945553,0.12121228285291252,0.17638053353114475,1
France,Spain,FIFA World Cup qualification,2013-03-26,-0.07672918832308007,0.005022878913684803,-0.027237354085602905,-0.03703012446258569,-0.026814400860353027,-1
Germany,Kazakhstan,FIFA World Cup qualification,2013-03-26,0.422761743619813,0.5225469241142195,0.05796044098573272,0.19938066252610964,0.48850599103198206,1
Republic of Ireland,Austria,FIFA World Cup qualification,2013-03-26,-0.12166551879986742,-0.043439210847445064,-0.030723086900129593,0.06620300289685888,0.17034339960280148,0
Jordan,Japan,FIFA World Cup qualification,2013-03-26,-0.1677949693417573,-0.4487144690021667,-0.14396887159533078,-0.01830460520973487,-0.2499296479324874,1
South Korea,Qatar,FIFA World Cup qualification,2013-03-26,0.18984783238608438,0.2599759202162075,0.4552529182879376,-0.10111232293019135,0.2919187213336335,1
Mexico,United States,FIFA World Cup qualification,2013-03-26,0.046632610480131786,-0.16888970911385703,0.2023346303501946,-0.05042136149010745,0.22734095672629728,0
Montenegro,England,FIFA World Cup qualification,2013-03-26,-0.44558113602491023,-0.44620167515471465,-0.31866083009079116,-0.010072220312723479,-0.03505177597215409,0
Netherlands,Romania,FIFA World Cup qualification,2013-03-26,0.2784389492017876,0.2537791620657872,0.04628728923476,0.3168169184513121,0.33360725878742264,1
Panama,Honduras,FIFA World Cup qualification,2013-03-26,0.10680988447785866,0.09251859705156695,0.10076199740596625,-0.05260961924078611,-0.22508227086514676,1
Serbia,Scotland,FIFA World Cup qualification,2013-03-26,0.02325163506222827,0.0361559588698519,0.06655317769131008,0.06798065561734568,0.12157549315605182,1
Slovakia,Sweden,Friendly,2013-03-26,-0.07354517219610845,-0.13913612098972994,0.10157263294422836,0.04044759867639636,0.053836414981711156,0
Uzbekistan,Lebanon,FIFA World Cup qualification,2013-03-26,0.29745279144727377,0.0370083941259165,0.015158884565499298,0.06528796669549886,-0.3068674081226421,1
Venezuela,Colombia,FIFA World Cup qualification,2013-03-26,-0.16731923040722552,-0.19228209478300196,0.18328469520103763,-0.20276256748556465,-0.21100797451433678,1
Wales,Croatia,FIFA World Cup qualification,2013-03-26,-0.17357665847088888,-0.025460731556241623,-0.15134565499351482,0.12679409732272107,-0.05288409096633656,-1
Bolivia,Brazil,Friendly,2013-04-06,-0.28874320741215875,-0.522281343503662,0.1910667963683529,-0.19828289786778575,-0.35736671663888503,-1
Mexico,Peru,Friendly,2013-04-17,0.20074122171840303,0.1747775743253257,0.13578145265888453,0.27013118527225743,0.3568202595027106,0
Brazil,Chile,Friendly,2013-04-24,0.21746030662223492,0.32138667871534876,-0.1910667963683529,0.19828289786778575,0.35736671663888503,0
Oman,Iran,Friendly,2013-05-22,-0.1910180416820595,-0.23058218799421626,-0.015158884565499187,-0.1555665259954644,-0.024665203476906317,1
Qatar,Latvia,Friendly,2013-05-24,0.3146596243765638,0.0003729974467145958,-0.3505998702983139,0.14094039069622344,-0.198852276628324,1
Jordan,Libya,Friendly,2013-05-27,0.19020186045791032,-0.039470153790234885,0.030723086900129593,0.10568095735082217,-0.059246408681443874,1
Canada,Costa Rica,Friendly,2013-05-28,0.08476115059915545,0.14808497433479673,-0.047097924773022104,-0.3349093208565356,-0.2038338995815443,-1
Ecuador,Germany,Friendly,2013-05-29,-0.03958186656247786,-0.11288080506613474,-0.13229571984435784,-0.6608508629185684,-0.7092794124904245,-1
England,Republic of Ireland,Friendly,2013-05-29,0.27121257390680675,0.2915807102615373,0.31866083009079116,0.010072220312723479,0.03505177597215409,0
Qatar,Azerbaijan,Friendly,2013-05-29,0.2437994956081786,-0.017766154555391545,-0.3505998702983139,0.14094039069622344,-0.198852276628324,0
United States,Belgium,Friendly,2013-05-29,0.01371391780793596,-0.030467169306437558,0.015564202334630295,-0.05385909133498723,-0.33908801064503635,-1
Japan,Bulgaria,Kirin Challenge Cup,2013-05-30,0.41490482411481144,0.2407216598769586,0.17469195849546038,0.12398556256055704,0.19068323925104352,-1
Mexico,Nigeria,Friendly,2013-05-31,0.05255340285887966,-0.10905176200501554,0.13578145265888453,0.27013118527225743,0.3568202595027106,0
Panama,Peru,Friendly,2013-06-01,0.12638719516761499,0.016197678975501617,0.10076199740596625,-0.05260961924078611,-0.22508227086514676,-1
Brazil,England,Friendly,2013-06-02,-0.025097578666759768,-0.07529033927447015,-0.509727626459144,0.18821067755506227,0.32231494066673094,0
United States,Germany,Friendly,2013-06-02,-0.08975577143207203,-0.11561171194167974,-0.1245136186770428,0.12117188423625525,-0.3590266882555687,1
Sweden,North Macedonia,Friendly,2013-06-03,0.13179610632743866,0.30405045185686186,-0.10157263294422836,-0.04044759867639636,-0.053836414981711156,1
Jamaica,Mexico,FIFA World Cup qualification,2013-06-04,-0.1742224961128367,-0.09818593650813723,-0.13578145265888453,-0.27013118527225743,-0.3568202595027106,-1
Japan,Australia,FIFA World Cup qualification,2013-06-04,0.06932209045076365,0.2349778804622189,-0.027237354085603016,0.08099907800498851,0.44797041013040034,0
Lebanon,South Korea,FIFA World Cup qualification,2013-06-04,-0.31960213571708196,-0.397596676301482,-0.10465304798962372,-0.039828067766032094,-0.0930664447053095,0
Oman,Iraq,FIFA World Cup qualification,2013-06-04,-0.09941654091416541,-0.15114706289080848,0.03542477302204938,-0.10568095735082217,0.3806641869716393,1
Qatar,Iran,FIFA World Cup qualification,2013-06-04,-0.1972959427732044,-0.08548008020298381,-0.3657587548638131,-0.01462613529924095,-0.22351748010523032,-1
Uruguay,France,Friendly,2013-06-05,-0.1438873952771973,-0.16166735080828243,-0.4124513618677042,-0.18353737314858654,-0.32656760659280315,1
Albania,Norway,FIFA World Cup qualification,2013-06-07,-0.19062965320203085,-0.2415029536026676,-0.29920557717250285,-0.26999452568725335,0.17741856102563375,0
Argentina,Colombia,FIFA World Cup qualification,2013-06-07,0.13669062994123338,0.1154892829695906,0.18677042801556398,0.21455494926906404,0.36024051064857576,0
Austria,Sweden,FIFA World Cup qualification,2013-06-07,0.06326760247604168,-0.05291641568079175,0.13229571984435795,-0.02575540422046252,-0.11650698462109033,1
Belgium,Serbia,FIFA World Cup qualification,2013-06-07,0.05430628612296684,0.06546591013209646,-0.08211738002594038,0.3744116380973521,0.4685673134214497,1
Croatia,Scotland,FIFA World Cup qualification,2013-06-07,0.14373327654868207,0.025556022210157625,0.2178988326848249,-0.05881344170537539,0.17445958412238838,-1
Czech Republic,Italy,FIFA World Cup qualification,2013-06-07,-0.14317459791163278,-0.21063673789130322,-0.058771076523994825,-0.13685303135083382,-0.2552704005231975,0
Indonesia,Netherlands,Friendly,2013-06-07,-0.33885517094911544,-0.4087952945532165,-0.04628728923476,-0.3168169184513121,-0.33360725878742264,-1
Jamaica,United States,FIFA World Cup qualification,2013-06-07,-0.1275898856327049,-0.26707564562199426,0.06655317769131008,-0.3205525467623649,-0.12947930277641334,-1
Libya,DR Congo,FIFA World Cup qualification,2013-06-07,-0.16366038502311953,-0.2098085282605724,-0.02683203631647213,1.1102230246251565e-16,0.29682823773658956,0
Panama,Mexico,FIFA World Cup qualification,2013-06-07,-0.07435402655078804,-0.15857989534982408,-0.035019455252918275,-0.32274080451304354,-0.5819025303678573,0
Paraguay,Chile,FIFA World Cup qualification,2013-06-07,0.07007687210075697,0.05292816656448185,-0.09768158236057067,-0.5826824832453713,-0.3971539549895872,-1
Peru,Ecuador,FIFA World Cup qualification,2013-06-07,-0.2042825161078654,-0.34639819031472774,0.07433527885862512,0.4614702003924588,0.22077342145844248,1
Portugal,Russia,FIFA World Cup qualification,2013-06-07,0.13624857564788373,0.15158370796478726,0.030723086900129593,0.09659236421421391,0.2661644953211055,1
Haiti,Spain,Friendly,2013-06-08,-0.39058428480102436,-0.5064218785896042,-0.2645914396887158,-0.5210678535148094,-0.8570305147716045,-1
Switzerland,Cyprus,FIFA World Cup qualification,2013-06-08,0.44093000616939215,0.3694181396185763,-0.16772049286640733,-0.20812178054829622,-0.14181187688508062,1
Brazil,France,Friendly,2013-06-09,-0.08346849680686619,-0.05183153260354745,-0.3424124513618677,-0.07559206041758504,-0.12348128048284246,1
Croatia,Portugal,Friendly,2013-06-10,-0.05395756373205085,-0.1594626785804154,0.12062256809338523,-0.22338646153693498,-0.21328040435476892,-1
Australia,Jordan,FIFA World Cup qualification,2013-06-11,0.09847287889099365,0.2137365885399478,0.1712062256809338,-0.06269447279525364,-0.19804076219791295,1
Colombia,Peru,FIFA World Cup qualification,2013-06-11,0.24018844031683217,0.3201501851430799,-0.18328469520103763,0.20276256748556465,0.21100797451433678,1
Ecuador,Argentina,FIFA World Cup qualification,2013-06-11,-0.17259655415020014,-0.08924127779794278,-0.07782101167315147,-0.8787877171470875,-0.792021906621355,0
Iran,Lebanon,FIFA World Cup qualification,2013-06-11,0.32705024610420197,0.22310083628825828,0.015158884565499187,0.1555665259954644,0.024665203476906317,1
Iraq,Japan,FIFA World Cup qualification,2013-06-11,-0.16692775873886,-0.3548377870577224,-0.21011673151750976,-0.01830460520973487,-0.5713474262226828,-1
Italy,Haiti,Friendly,2013-06-11,0.17318843578656806,0.44441639347249673,0.08600843060959806,0.21016277076685297,0.349368116789524,0
South Korea,Uzbekistan,FIFA World Cup qualification,2013-06-11,0.02214934426980819,0.3605882821755655,0.08949416342412442,-0.025459898929466762,0.39993385282795163,1
Mexico,Costa Rica,FIFA World Cup qualification,2013-06-11,0.12759784242272443,0.12482732169178146,0.13578145265888453,0.27013118527225743,0.3568202595027106,0
Norway,North Macedonia,Friendly,2013-06-11,0.2206156886639392,0.347641884280248,0.29920557717250285,0.26999452568725335,-0.17741856102563375,1
Spain,Republic of Ireland,Friendly,2013-06-11,0.40631268036999324,0.2630990246769298,0.17858300907911773,0.3109050827479565,0.5076623979820805,1
Sweden,Faroe Islands,FIFA World Cup qualification,2013-06-11,0.3095626363247095,0.5441455259815164,-0.10157263294422836,-0.04044759867639636,-0.053836414981711156,1
United States,Panama,FIFA World Cup qualification,2013-06-11,0.027721416070656257,0.3274696044636811,-0.16731517509727634,0.373162166003151,0.3545615736415601,1
Venezuela,Uruguay,FIFA World Cup qualification,2013-06-11,-0.11409063115352391,-0.23284768225204688,0.2611057068741894,-0.09033758513678425,-0.15428039052892434,-1
Ghana,Ivory Coast,Friendly,2013-06-12,-0.16031188484161252,-0.03744495595659014,-0.15175097276264582,-0.10512534746924374,-0.155028683819038,1
Ghana,Ivory Coast,Friendly,2013-06-14,-0.16031188484161252,-0.03744495595659014,-0.15175097276264582,-0.10512534746924374,-0.155028683819038,0
Guatemala,Argentina,Friendly,2013-06-14,-0.38076691388495854,-0.6551448714324066,-0.0034857328145263544,-0.4173175167546287,-0.5712484851629125,-1
Brazil,Japan,Confederations Cup,2013-06-15,-0.026602266001643615,0.16722973818909503,-0.36575875486381326,0.0742973353072287,0.1666834773878415,1
Ethiopia,South Africa,FIFA World Cup qualification,2013-06-16,-0.23211460814858653,-0.37731301691354524,0.03153372243839181,0.09532794883734286,0.10633102558212842,1
Mexico,Italy,Confederations Cup,2013-06-16,0.010560646069451396,-0.2805771850642893,0.13578145265888453,0.27013118527225743,0.3568202595027106,-1
Spain,Uruguay,Confederations Cup,2013-06-16,0.22061658360027736,0.15664447189459763,0.4396887159533071,0.22056749761117223,0.3533820074531562,1
Australia,Iraq,FIFA World Cup qualification,2013-06-18,0.09760566828809636,0.1198599065955035,0.23735408560311277,-0.06269447279525364,0.12337701609228247,1
Costa Rica,Panama,FIFA World Cup qualification,2013-06-18,-0.053243815871936384,0.03375257365804263,-0.10076199740596625,0.05260961924078611,0.22508227086514676,1
Jordan,Oman,FIFA World Cup qualification,2013-06-18,0.09854933031126811,0.05727038094636416,0.030723086900129593,0.10568095735082217,-0.059246408681443874,1
South Korea,Iran,FIFA World Cup qualification,2013-06-18,-0.0074481103871200105,0.1744958400132237,0.08949416342412453,-0.1157384582294323,0.06840124122840319,-1
United States,Honduras,FIFA World Cup qualification,2013-06-18,0.13453130054851492,0.41998820151524807,-0.06655317769131008,0.3205525467623649,0.12947930277641334,1
Uzbekistan,Qatar,FIFA World Cup qualification,2013-06-18,0.1676984881162762,-0.10061236195935797,0.3657587548638132,-0.07565242400072458,-0.10801513149431813,1
Brazil,Mexico,Confederations Cup,2013-06-19,0.04663751781505865,0.2957740164915341,-0.3268482490272374,-0.07184828740447169,0.0005464571361744053,1
Italy,Japan,Confederations Cup,2013-06-19,-0.08380042988615366,0.15203290676185022,-0.17469195849546038,-0.12398556256055704,-0.19068323925104352,1
Nigeria,Uruguay,Confederations Cup,2013-06-20,-0.038772022203607204,-0.0768864362817836,0.2611057068741894,-0.09033758513678425,-0.15428039052892434,-1
Brazil,Italy,Confederations Cup,2013-06-22,0.057198163884510045,0.015196831427244817,-0.1910667963683529,0.19828289786778575,0.35736671663888503,1
Japan,Mexico,Confederations Cup,2013-06-22,0.07323978381670226,0.12854427830243909,0.03891050583657585,-0.1461456227117004,-0.1661370202516671,-1
Nigeria,Spain,Confederations Cup,2013-06-23,-0.25938860580388456,-0.23353090817638122,-0.17858300907911773,-0.3109050827479565,-0.5076623979820805,-1
Brazil,Uruguay,Confederations Cup,2013-06-26,0.060418898470331106,0.10983581820473498,0.0700389105058365,0.1079453127310015,0.2030863261099607,1
Spain,Italy,Confederations Cup,2013-06-27,0.2173958490144563,0.06200548511710746,0.17858300907911773,0.3109050827479565,0.5076623979820805,0
Brazil,Spain,Confederations Cup,2013-06-30,-0.16019768512994625,-0.046808653689862645,-0.3696498054474706,-0.11262218488017073,-0.1502956813431955,1
Uruguay,Italy,Confederations Cup,2013-06-30,-0.003220734585821061,-0.09463898677749016,-0.2611057068741894,0.09033758513678425,0.15428039052892434,0
Mexico,Panama,Gold Cup,2013-07-07,0.07435402655078804,0.15857989534982408,0.035019455252918275,0.32274080451304354,0.5819025303678573,-1
Haiti,Honduras,Gold Cup,2013-07-08,-0.0025851708273727514,0.08725928399318361,-0.08600843060959806,-0.21016277076685297,-0.349368116789524,-1
Mexico,Canada,Gold Cup,2013-07-11,0.04283669182356897,-0.02325765264301527,0.18287937743190663,0.605040506128793,0.5606541590842549,1
Panama,Canada,Gold Cup,2013-07-14,-0.03151733472721907,-0.18183754799283935,0.14785992217898836,0.28229970161574947,-0.021248371283602463,0
El Salvador,Haiti,Gold Cup,2013-07-15,-0.12719420825140215,-0.16219400024521446,0.08600843060959806,0.21016277076685297,0.349368116789524,1
United States,Costa Rica,Gold Cup,2013-07-16,0.08096523194259264,0.2937170308056385,-0.06655317769131008,0.3205525467623649,0.12947930277641334,1
South Korea,Australia,EAFF Championship,2013-07-20,-0.013452277907322285,0.134071058521128,-0.09727626459143968,-0.0031584167895364335,0.3503536155846663,0
United States,El Salvador,Gold Cup,2013-07-21,0.2643106796272898,0.4949229177672789,-0.06655317769131008,0.3205525467623649,0.12947930277641334,1
Panama,Mexico,Gold Cup,2013-07-24,-0.07435402655078804,-0.15857989534982408,-0.035019455252918275,-0.32274080451304354,-0.5819025303678573,1
United States,Honduras,Gold Cup,2013-07-24,0.13453130054851492,0.41998820151524807,-0.06655317769131008,0.3205525467623649,0.12947930277641334,1
Japan,Australia,EAFF Championship,2013-07-25,0.06932209045076365,0.2349778804622189,-0.027237354085603016,0.08099907800498851,0.44797041013040034,1
South Korea,Japan,EAFF Championship,2013-07-28,-0.08277436835808594,-0.10090682194109091,-0.07003891050583666,-0.08415749479452495,-0.09761679454573402,-1
United States,Panama,Gold Cup,2013-07-28,0.027721416070656257,0.3274696044636811,-0.16731517509727634,0.373162166003151,0.3545615736415601,1
Jordan,Libya,Friendly,2013-08-09,0.19020186045791032,-0.039470153790234885,0.030723086900129593,0.10568095735082217,-0.059246408681443874,1
Austria,Greece,Friendly,2013-08-14,0.05705043382560526,-0.014133598968109062,0.030723086900129593,-0.06620300289685888,-0.17034339960280148,-1
Belgium,France,Friendly,2013-08-14,-0.19045254290999258,-0.14824867067478698,-0.2334630350194552,0.10053667981198133,-0.012280683700277795,0
Chile,Iraq,Friendly,2013-08-14,-0.07713481388501853,0.20068084653146867,0.03542477302204938,-0.10568095735082217,0.3806641869716393,1
Colombia,Serbia,Friendly,2013-08-14,0.15410003300946373,0.01148164252955608,-0.18328469520103763,0.20276256748556465,0.21100797451433678,1
Ecuador,Spain,Friendly,2013-08-14,-0.20329390855554252,-0.17096205419199473,-0.25291828793774285,-0.7723752831404153,-0.7284358194405229,-1
Egypt,Uganda,Friendly,2013-08-14,0.22394794928834671,0.36801876363785446,-0.14826523994811946,-0.2894055133678012,0.024708543572398767,1
England,Scotland,Friendly,2013-08-14,0.20963954595508127,0.27332934634765804,0.38521400778210124,0.07805287593006915,0.1566272691282059,1
Germany,Paraguay,Friendly,2013-08-14,0.14386907765835955,0.25718591671486957,0.1556420233463034,0.782063145771481,0.8856599460215693,0
Hungary,Czech Republic,Friendly,2013-08-14,0.002870553370288631,0.023270440065866982,0.058771076523994825,0.13685303135083382,0.2552704005231975,0
Italy,Argentina,Friendly,2013-08-14,-0.18669849460911392,0.01971529127694449,-0.0034857328145263544,-0.4173175167546287,-0.5712484851629125,-1
Japan,Uruguay,Friendly,2013-08-14,0.08702116447197472,-0.05739391998436005,0.43579766536964976,0.03364797742377279,0.036402848722119185,-1
South Korea,Peru,Friendly,2013-08-14,0.19120663717701936,0.20241503068667388,0.10465304798962372,0.039828067766032094,0.0930664447053095,0
Mexico,Ivory Coast,Friendly,2013-08-14,0.07242871303541132,-0.13567475808763563,0.10894941634241262,0.38971882967186433,0.40087315136385127,1
Portugal,Netherlands,Friendly,2013-08-14,0.017221929379866108,0.006806658693665479,-0.015564202334630406,-0.2202245542370982,-0.06744276346631717,0
South Africa,Nigeria,Friendly,2013-08-14,-0.11045296456440301,-0.21455636441616166,-0.03153372243839181,-0.09532794883734286,-0.10633102558212842,-1
Sweden,Norway,Friendly,2013-08-14,-0.08881958233650056,-0.043591432423386145,-0.4007782101167312,-0.3104421243636497,0.12358214604392259,1
Switzerland,Brazil,Friendly,2013-08-14,-0.08928002389355671,-0.14727508895481112,0.023346303501945553,-0.40640467841608197,-0.49917859352396565,1
Libya,Ghana,Friendly,2013-08-30,-0.052016448105941526,-0.37892983904053823,0.12491893644617391,0.22471299186885063,0.19908157568017865,1
Saudi Arabia,New Zealand,OSN Cup,2013-09-05,0.02651594781128508,0.03973577320152577,-0.16731517509727611,0.11742508106678973,0.2137810137652153,-1
Colombia,Ecuador,FIFA World Cup qualification,2013-09-06,0.035905924208966766,-0.026248005171647826,-0.10894941634241251,0.6642327678780234,0.43178139597277926,1
Costa Rica,United States,FIFA World Cup qualification,2013-09-06,-0.08096523194259264,-0.2937170308056385,0.06655317769131008,-0.3205525467623649,-0.12947930277641334,1
Czech Republic,Armenia,FIFA World Cup qualification,2013-09-06,0.29809358868807645,0.19644902436376332,-0.058771076523994825,-0.13685303135083382,-0.2552704005231975,-1
England,Moldova,FIFA World Cup qualification,2013-09-06,0.5836217767665277,0.633325294385584,0.31866083009079116,0.010072220312723479,0.03505177597215409,1
Estonia,Netherlands,FIFA World Cup qualification,2013-09-06,-0.5002814579199986,-0.5267887385138628,-0.04628728923476,-0.3168169184513121,-0.33360725878742264,0
Finland,Spain,FIFA World Cup qualification,2013-09-06,-0.5292178353680215,-0.43395892886392495,-0.17858300907911773,-0.3109050827479565,-0.5076623979820805,-1
Georgia,France,FIFA World Cup qualification,2013-09-06,-0.3641698662282593,-0.260458851919283,-0.15134565499351482,-0.2738749582853708,-0.4808479971217275,0
Germany,Austria,FIFA World Cup qualification,2013-09-06,0.12093511957706116,0.16157856470362475,0.027237354085603127,0.2655836654229685,0.6588493906347835,1
Republic of Ireland,Sweden,FIFA World Cup qualification,2013-09-06,-0.05839791632382574,-0.09635562652823682,0.10157263294422836,0.04044759867639636,0.053836414981711156,-1
Japan,Guatemala,Friendly,2013-09-06,0.2778688491619983,0.5228272559475009,0.17469195849546038,0.12398556256055704,0.19068323925104352,1
Jordan,Uzbekistan,FIFA World Cup qualification,2013-09-06,-0.06287125671386318,0.01278063511448968,0.015564202334630295,0.04039299065532331,0.24762099944119825,0
South Korea,Haiti,Friendly,2013-09-06,0.17421449731463579,0.1914766647695556,0.19066147859922178,0.24999083853288506,0.4424345614948335,1
Mexico,Honduras,FIFA World Cup qualification,2013-09-06,0.1811639110286467,0.25109849240139104,0.13578145265888453,0.27013118527225743,0.3568202595027106,-1
Northern Ireland,Portugal,FIFA World Cup qualification,2013-09-06,-0.3627101107823256,-0.29106772491955635,-0.030723086900129593,-0.09659236421421391,-0.2661644953211055,-1
Norway,Cyprus,FIFA World Cup qualification,2013-09-06,0.4313125334832282,0.4403499165379432,0.29920557717250285,0.26999452568725335,-0.17741856102563375,1
Panama,Jamaica,FIFA World Cup qualification,2013-09-06,0.09986846956204865,-0.06039395884168686,0.10076199740596625,-0.05260961924078611,-0.22508227086514676,0
Paraguay,Bolivia,FIFA World Cup qualification,2013-09-06,0.1413597728906808,0.25382283135279504,-0.09768158236057067,-0.5826824832453713,-0.3971539549895872,1
Peru,Uruguay,FIFA World Cup qualification,2013-09-06,-0.18695984106313057,-0.36071577261212484,0.2611057068741894,-0.09033758513678425,-0.15428039052892434,-1
Scotland,Belgium,FIFA World Cup qualification,2013-09-06,-0.07755792118519511,-0.10162186900194836,0.015564202334630295,-0.4423922937146978,-0.5901428065775015,-1
Serbia,Croatia,FIFA World Cup qualification,2013-09-06,-0.1204816414864538,0.010599936659694276,-0.15134565499351482,0.12679409732272107,-0.05288409096633656,0
Switzerland,Iceland,FIFA World Cup qualification,2013-09-06,0.2666692588823478,0.18250040909777576,-0.16772049286640733,-0.20812178054829622,-0.14181187688508062,0
Brazil,Australia,Friendly,2013-09-07,0.042719824449120036,0.40220761865131394,-0.3929961089494163,0.15529641331221722,0.6146538875182419,1
Ivory Coast,Morocco,FIFA World Cup qualification,2013-09-07,-0.16671539302618776,-0.05807087524486576,-0.21400778210116755,0.06307520847870651,-0.12058171366018444,0
Senegal,Uganda,FIFA World Cup qualification,2013-09-07,0.3145986799234042,0.5379419941571384,0.1980382619974057,-0.02682998486149657,-0.10321945587553266,1
Tunisia,Cape Verde,FIFA World Cup qualification,2013-09-07,0.08166345353896998,0.0585754913576233,0.12840466926070027,-0.11958764439960679,0.6983591479682261,1
Qatar,Lebanon,Friendly,2013-09-09,0.12975430333099758,0.13762075608527446,-0.3505998702983139,0.14094039069622344,-0.198852276628324,0
United Arab Emirates,New Zealand,OSN Cup,2013-09-09,0.00896795522633953,0.08222470697098094,-0.0034857328145263544,0.2894055133678012,0.30421594125189383,1
Andorra,Netherlands,FIFA World Cup qualification,2013-09-10,-0.7119579029833765,-0.727116867186957,-0.04628728923476,-0.3168169184513121,-0.33360725878742264,-1
Austria,Republic of Ireland,FIFA World Cup qualification,2013-09-10,0.12166551879986742,0.043439210847445064,0.030723086900129593,-0.06620300289685888,-0.17034339960280148,1
Belarus,France,FIFA World Cup qualification,2013-09-10,-0.49083844140731614,-0.6035014538769818,-0.15134565499351482,-0.2738749582853708,-0.4808479971217275,-1
Bolivia,Ecuador,FIFA World Cup qualification,2013-09-10,-0.24564698398656248,-0.39812794300152987,0.07433527885862512,0.4614702003924588,0.22077342145844248,0
Brazil,Portugal,Friendly,2013-09-10,-0.013148872992411409,0.013020306282614857,-0.22178988326848248,0.10169053365357184,0.09120222131777955,1
Faroe Islands,Germany,FIFA World Cup qualification,2013-09-10,-0.4937653583778123,-0.6528076750043494,-0.05796044098573272,-0.19938066252610964,-0.48850599103198206,-1
Honduras,Panama,FIFA World Cup qualification,2013-09-10,-0.10680988447785866,-0.09251859705156695,-0.10076199740596625,0.05260961924078611,0.22508227086514676,0
Italy,Czech Republic,FIFA World Cup qualification,2013-09-10,0.14317459791163278,0.21063673789130322,0.058771076523994825,0.13685303135083382,0.2552704005231975,1
Japan,Ghana,Friendly,2013-09-10,0.3059803816937261,0.0303144761713936,0.2996108949416343,0.34869855442940767,0.38976481493122217,1
Kazakhstan,Sweden,FIFA World Cup qualification,2013-09-10,-0.23855902156671016,-0.41388477509138655,0.10157263294422836,0.04044759867639636,0.053836414981711156,-1
South Korea,Croatia,Friendly,2013-09-10,-0.01536341161680288,-0.09565357526715568,-0.04669260700389111,0.16662216508875316,0.04018235373897294,-1
North Macedonia,Scotland,FIFA World Cup qualification,2013-09-10,-0.1349712179553384,-0.22594618924250431,0.06655317769131008,0.06798065561734568,0.12157549315605182,-1
Norway,Switzerland,FIFA World Cup qualification,2013-09-10,-0.009617472686163975,0.07093177691936692,0.4669260700389102,0.47811630623554957,-0.035606684140553124,-1
Paraguay,Argentina,FIFA World Cup qualification,2013-09-10,-0.2768837652460818,-0.2335463894466776,-0.10116731517509703,-1.0,-0.9684024401524998,-1
Spain,Chile,Friendly,2013-09-10,0.3776579917521812,0.3681953324052114,0.17858300907911773,0.3109050827479565,0.5076623979820805,0
Ukraine,England,FIFA World Cup qualification,2013-09-10,-0.20425232582939246,-0.24460700925143497,-0.31866083009079116,-0.010072220312723479,-0.03505177597215409,0
Uruguay,Colombia,FIFA World Cup qualification,2013-09-10,-0.0532285992537016,0.04056558746904493,-0.07782101167315175,-0.1124249823487804,-0.056727583985412444,1
United States,Mexico,FIFA World Cup qualification,2013-09-10,-0.046632610480131786,0.16888970911385703,-0.2023346303501946,0.05042136149010745,-0.22734095672629728,1
Uzbekistan,Jordan,FIFA World Cup qualification,2013-09-10,0.06287125671386318,-0.01278063511448968,-0.015564202334630295,-0.04039299065532331,-0.24762099944119825,0
Egypt,Uganda,Friendly,2013-09-30,0.22394794928834671,0.36801876363785446,-0.14826523994811946,-0.2894055133678012,0.024708543572398767,1
Lebanon,Iraq,Friendly,2013-10-08,-0.23544874533630789,-0.1436657111848505,0.03542477302204938,-0.10568095735082217,0.3806641869716393,0
Qatar,Vietnam,Friendly,2013-10-09,0.019592265623489924,0.1390840070421988,-0.3505998702983139,0.14094039069622344,-0.198852276628324,-1
Albania,Switzerland,FIFA World Cup qualification,2013-10-11,-0.20024712588819482,-0.17057117668330068,0.16772049286640733,0.20812178054829622,0.14181187688508062,-1
Argentina,Peru,FIFA World Cup qualification,2013-10-11,0.37687907025806555,0.4356394681126705,0.0034857328145263544,0.4173175167546287,0.5712484851629125,1
Colombia,Chile,FIFA World Cup qualification,2013-10-11,0.21027000740560542,0.17098527304156885,-0.18328469520103763,0.20276256748556465,0.21100797451433678,0
Croatia,Belgium,FIFA World Cup qualification,2013-10-11,0.06617535536348695,-0.07606584679179074,0.2334630350194552,-0.5012057354200732,-0.41568322245511313,-1
Ecuador,Uruguay,FIFA World Cup qualification,2013-10-11,0.017322675044734837,-0.014317582297397102,0.18677042801556426,-0.551807785529243,-0.3750538119873668,1
England,Montenegro,FIFA World Cup qualification,2013-10-11,0.44558113602491023,0.44620167515471465,0.31866083009079116,0.010072220312723479,0.03505177597215409,1
France,Australia,Friendly,2013-10-11,0.12618832125598622,0.4540391512548614,-0.05058365758754857,0.23088847372980226,0.7381351680010844,1
Germany,Republic of Ireland,FIFA World Cup qualification,2013-10-11,0.24260063837692858,0.20501777555106981,0.05796044098573272,0.19938066252610964,0.48850599103198206,1
Malta,Czech Republic,FIFA World Cup qualification,2013-10-11,-0.3437380803740051,-0.3308117860052766,0.058771076523994825,0.13685303135083382,0.2552704005231975,-1
Mexico,Panama,FIFA World Cup qualification,2013-10-11,0.07435402655078804,0.15857989534982408,0.035019455252918275,0.32274080451304354,0.5819025303678573,1
Morocco,South Africa,Friendly,2013-10-11,0.2572930474140591,0.2992502357436475,0.27237354085603127,-0.08733490404097055,0.18285984738117222,0
Netherlands,Hungary,FIFA World Cup qualification,2013-10-11,0.1934291520383995,0.18273616427640071,0.04628728923476,0.3168169184513121,0.33360725878742264,1
Portugal,Israel,FIFA World Cup qualification,2013-10-11,0.32085246083261665,0.3055265972089054,0.030723086900129593,0.09659236421421391,0.2661644953211055,0
Serbia,Japan,Friendly,2013-10-11,-0.18789259822773685,0.0053466899857590455,-0.17469195849546038,-0.12398556256055704,-0.19068323925104352,1
Slovenia,Norway,FIFA World Cup qualification,2013-10-11,-0.11081970877184211,-0.17126026593548316,-0.29920557717250285,-0.26999452568725335,0.17741856102563375,1
Spain,Belarus,FIFA World Cup qualification,2013-10-11,0.5675676297303962,0.598478574963297,0.17858300907911773,0.3109050827479565,0.5076623979820805,1
Sweden,Austria,FIFA World Cup qualification,2013-10-11,-0.06326760247604168,0.05291641568079175,-0.13229571984435795,0.02575540422046252,0.11650698462109033,1
United States,Jamaica,FIFA World Cup qualification,2013-10-11,0.1275898856327049,0.26707564562199426,-0.06655317769131008,0.3205525467623649,0.12947930277641334,1
Venezuela,Paraguay,FIFA World Cup qualification,2013-10-11,-0.027126095102377068,-0.07422498830591495,0.09768158236057067,0.5826824832453713,0.3971539549895872,0
Ivory Coast,Senegal,FIFA World Cup qualification,2013-10-12,-0.09580297381323288,-0.07135175259896265,-0.1712062256809338,-0.09275765953811033,0.05916656401439202,1
South Korea,Brazil,Friendly,2013-10-12,-0.05617210235644232,-0.26813656013018594,0.2957198443579766,-0.15845483010175365,-0.2643002719335755,-1
Australia,Canada,Friendly,2013-10-15,0.046754385189507586,-0.1296912548027951,0.2490272373540855,0.3778958054121041,-0.05345327129781252,1
Belarus,Japan,Friendly,2013-10-15,-0.43397221060209357,-0.38444018308433936,-0.17469195849546038,-0.12398556256055704,-0.19068323925104352,1
Belgium,Wales,FIFA World Cup qualification,2013-10-15,0.10740130310740192,0.10152657834803236,-0.08211738002594038,0.3744116380973521,0.4685673134214497,0
Bulgaria,Czech Republic,FIFA World Cup qualification,2013-10-15,-0.187929796317025,-0.1821178287475056,0.058771076523994825,0.13685303135083382,0.2552704005231975,-1
Chile,Ecuador,FIFA World Cup qualification,2013-10-15,-0.17436408319663865,-0.19723327821321668,0.07433527885862512,0.4614702003924588,0.22077342145844248,1
Costa Rica,Mexico,FIFA World Cup qualification,2013-10-15,-0.12759784242272443,-0.12482732169178146,-0.13578145265888453,-0.27013118527225743,-0.3568202595027106,1
England,Poland,FIFA World Cup qualification,2013-10-15,0.21984201992917485,0.3076527474165376,0.31866083009079116,0.010072220312723479,0.03505177597215409,1
Faroe Islands,Austria,FIFA World Cup qualification,2013-10-15,-0.37283023880075117,-0.4912291103007247,-0.030723086900129593,0.06620300289685888,0.17034339960280148,-1
France,Finland,FIFA World Cup qualification,2013-10-15,0.4524886470449414,0.43898180777760976,0.15134565499351482,0.2738749582853708,0.4808479971217275,1
Ghana,Egypt,FIFA World Cup qualification,2013-10-15,-0.16546412801978794,0.06112652196373114,0.023346303501945553,0.06469252149895055,-0.2237901192525774,1
Iran,Thailand,AFC Asian Cup qualification,2013-10-15,0.20497328590415398,0.1917309076596454,0.015158884565499187,0.1555665259954644,0.024665203476906317,1
Iraq,Saudi Arabia,AFC Asian Cup qualification,2013-10-15,0.05615289984267435,-0.05813926042799045,0.12840466926070038,0.2776613896518336,-0.29022925948496076,-1
Jordan,Oman,AFC Asian Cup qualification,2013-10-15,0.09854933031126811,0.05727038094636416,0.030723086900129593,0.10568095735082217,-0.059246408681443874,0
Norway,Iceland,FIFA World Cup qualification,2013-10-15,0.25705178619618385,0.2534321860171427,0.29920557717250285,0.26999452568725335,-0.17741856102563375,0
Panama,United States,FIFA World Cup qualification,2013-10-15,-0.027721416070656257,-0.3274696044636811,0.16731517509727634,-0.373162166003151,-0.3545615736415601,-1
Paraguay,Colombia,FIFA World Cup qualification,2013-10-15,-0.14019313530484845,-0.118057106477087,0.08560311284046696,-0.785445050730936,-0.608161929503924,-1
Portugal,Luxembourg,FIFA World Cup qualification,2013-10-15,0.5020251705488161,0.4325987471362942,0.030723086900129593,0.09659236421421391,0.2661644953211055,1
Scotland,Croatia,FIFA World Cup qualification,2013-10-15,-0.14373327654868207,-0.025556022210157625,-0.2178988326848249,0.05881344170537539,-0.17445958412238838,1
Spain,Georgia,FIFA World Cup qualification,2013-10-15,0.4408990545513394,0.25543597300559817,0.17858300907911773,0.3109050827479565,0.5076623979820805,1
Sweden,Germany,FIFA World Cup qualification,2013-10-15,-0.18420272205310284,-0.108662149022833,-0.15953307392996108,-0.239828261202506,-0.5423424060136932,-1
Switzerland,Slovenia,FIFA World Cup qualification,2013-10-15,0.12043718145800608,0.10032848901611624,-0.16772049286640733,-0.20812178054829622,-0.14181187688508062,1
Uruguay,Argentina,FIFA World Cup qualification,2013-10-15,-0.18991922919493498,-0.07492369550054567,-0.26459143968871573,-0.32697993161784444,-0.4169680946339882,1
Uzbekistan,Vietnam,AFC Asian Cup qualification,2013-10-15,0.1872907537397661,0.038471645082840844,0.015158884565499298,0.06528796669549886,-0.3068674081226421,1
Jordan,Nigeria,Friendly,2013-10-28,-0.04200178266617538,-0.42922195270474317,0.030723086900129593,0.10568095735082217,-0.059246408681443874,1
Jordan,Uruguay,FIFA World Cup qualification,2013-11-13,-0.08077380486978258,-0.5061083889865268,0.291828793774319,0.01534337221403792,-0.2135267992103682,-1
Mexico,New Zealand,FIFA World Cup qualification,2013-11-13,0.17635682257611718,0.20789002152881864,0.13229571984435817,0.5595366986400586,0.6610362007546045,1
Belgium,Colombia,Friendly,2013-11-14,-0.09979374688649689,0.05398426760254038,0.10116731517509725,0.17164907061178747,0.2575593389071129,-1
Argentina,Ecuador,Friendly,2013-11-15,0.17259655415020014,0.08924127779794278,0.07782101167315147,0.8787877171470875,0.792021906621355,0
Czech Republic,Canada,Friendly,2013-11-15,-0.1108985521575152,0.04668279452997082,-0.011673151750972721,0.19805628950570175,-0.051436500941653196,1
Denmark,Norway,Friendly,2013-11-15,-0.0007636410683249384,-0.053069392622510314,-0.29920557717250285,-0.26999452568725335,0.17741856102563375,1
England,Chile,Friendly,2013-11-15,0.2425578852889947,0.3966770179898189,0.31866083009079116,0.010072220312723479,0.03505177597215409,-1
Iceland,Croatia,FIFA World Cup qualification,2013-11-15,-0.3151405920362651,-0.15729251318955662,-0.15134565499351482,0.12679409732272107,-0.05288409096633656,0
Italy,Germany,Friendly,2013-11-15,-0.05368380702139164,-0.003924235991247471,-0.05796044098573272,-0.19938066252610964,-0.48850599103198206,0
South Korea,Switzerland,Friendly,2013-11-15,0.03310792153711439,-0.12086147117537482,0.27237354085603105,0.2479498483143283,0.23487832159039013,1
Portugal,Sweden,FIFA World Cup qualification,2013-11-15,0.20086595190863266,0.10691443817621549,0.13229571984435795,0.13703996289061027,0.32000091030281663,1
Saudi Arabia,Iraq,AFC Asian Cup qualification,2013-11-15,-0.05615289984267435,0.05813926042799045,-0.12840466926070038,-0.2776613896518336,0.29022925948496076,1
Scotland,United States,Friendly,2013-11-15,-0.09127183899313107,-0.0711546996955108,0.0,-0.38853320237971056,-0.25105479593246516,0
Thailand,Iran,AFC Asian Cup qualification,2013-11-15,-0.20497328590415398,-0.1917309076596454,-0.015158884565499187,-0.1555665259954644,-0.024665203476906317,-1
Ukraine,France,FIFA World Cup qualification,2013-11-15,-0.2626232439694989,-0.22114820258051227,-0.15134565499351482,-0.2738749582853708,-0.4808479971217275,1
Vietnam,Uzbekistan,AFC Asian Cup qualification,2013-11-15,-0.1872907537397661,-0.038471645082840844,-0.015158884565499298,-0.06528796669549886,0.3068674081226421,-1
Honduras,Brazil,Friendly,2013-11-16,-0.22780142884370536,-0.5468725088929252,0.1910667963683529,-0.19828289786778575,-0.35736671663888503,-1
Netherlands,Japan,Friendly,2013-11-16,-0.030675322389098314,0.1474027732128147,-0.12840466926070038,0.19283135589075506,0.14292401953637912,0
Senegal,Ivory Coast,FIFA World Cup qualification,2013-11-16,0.09580297381323288,0.07135175259896265,0.1712062256809338,0.09275765953811033,-0.05916656401439202,0
Australia,Costa Rica,Friendly,2013-11-19,0.13151553578866304,0.01839371953200164,0.2019293125810634,0.04298648455556853,-0.2572871708793568,1
Austria,United States,Friendly,2013-11-19,-0.031179348144989127,-0.04596685276194501,0.09727626459143968,-0.38675554965922376,-0.2998227023792148,1
Belgium,Japan,Friendly,2013-11-19,-0.13358631210477,0.0708126001178555,-0.25680933852140075,0.2504260755367951,0.27788407417040617,-1
Brazil,Chile,Friendly,2013-11-19,0.21746030662223492,0.32138667871534876,-0.1910667963683529,0.19828289786778575,0.35736671663888503,1
Croatia,Iceland,FIFA World Cup qualification,2013-11-19,0.3151405920362651,0.15729251318955662,0.15134565499351482,-0.12679409732272107,0.05288409096633656,1
Egypt,Ghana,FIFA World Cup qualification,2013-11-19,0.16546412801978794,-0.06112652196373114,-0.023346303501945553,-0.06469252149895055,0.2237901192525774,1
England,Germany,Friendly,2013-11-19,0.028611935529878174,0.0865629347104675,0.26070038910505844,-0.18930844221338616,-0.45345421505982797,-1
France,Ukraine,FIFA World Cup qualification,2013-11-19,0.2626232439694989,0.22114820258051227,0.15134565499351482,0.2738749582853708,0.4808479971217275,1
Honduras,Ecuador,Friendly,2013-11-19,-0.1847052054181091,-0.4227191083907931,0.07433527885862512,0.4614702003924588,0.22077342145844248,0
Hong Kong,Uzbekistan,AFC Asian Cup qualification,2013-11-19,-0.33086985694059523,-0.10516158648980234,-0.015158884565499298,-0.06528796669549886,0.3068674081226421,-1
Indonesia,Iraq,AFC Asian Cup qualification,2013-11-19,-0.20260273459935374,0.09344526571732059,0.03542477302204938,-0.10568095735082217,0.3806641869716393,-1
Lebanon,Iran,AFC Asian Cup qualification,2013-11-19,-0.32705024610420197,-0.22310083628825828,-0.015158884565499187,-0.1555665259954644,-0.024665203476906317,-1
Malaysia,Qatar,AFC Asian Cup qualification,2013-11-19,-0.02641429496197989,-0.12380463234365413,0.3505998702983139,-0.14094039069622344,0.198852276628324,-1
Netherlands,Colombia,Friendly,2013-11-19,0.0031172428291748044,0.13057444069749957,0.22957198443579763,0.11405435096574745,0.12259928427308586,0
Norway,Scotland,Friendly,2013-11-19,0.08564447070860082,0.12169569503774369,0.36575875486381293,0.337975181304599,-0.05584306786958193,-1
Russia,South Korea,Friendly,2013-11-19,-0.06692760029903,0.10353254588278382,-0.10465304798962372,-0.039828067766032094,-0.0930664447053095,1
Slovenia,Canada,Friendly,2013-11-19,-0.12024299571293517,0.024912785877591492,0.047097924773022104,0.3349093208565356,0.2038338995815443,1
South Africa,Spain,Friendly,2013-11-19,-0.3698415703682876,-0.4480872725925429,-0.21011673151750954,-0.40623303158529933,-0.6139934235642089,1
Sweden,Portugal,FIFA World Cup qualification,2013-11-19,-0.20086595190863266,-0.10691443817621549,-0.13229571984435795,-0.13703996289061027,-0.32000091030281663,-1
New Zealand,Mexico,FIFA World Cup qualification,2013-11-20,-0.17635682257611718,-0.20789002152881864,-0.13229571984435817,-0.5595366986400586,-0.6610362007546045,-1
Uruguay,Jordan,FIFA World Cup qualification,2013-11-20,0.08077380486978258,0.5061083889865268,-0.291828793774319,-0.01534337221403792,0.2135267992103682,0
Jordan,Lebanon,WAFF Championship,2013-12-26,0.2345815347334106,0.04978902924040618,0.030723086900129593,0.10568095735082217,-0.059246408681443874,0
Iraq,Oman,WAFF Championship,2013-12-31,0.09941654091416541,0.15114706289080848,-0.03542477302204938,0.10568095735082217,-0.3806641869716393,0
Qatar,Saudi Arabia,WAFF Championship,2013-12-31,-0.049541542162635954,-0.06418421552756648,-0.18677042801556415,0.3129208229972349,-0.10841734914164547,1
Qatar,Jordan,WAFF Championship,2014-01-07,-0.10482723140241301,0.08783172684486829,-0.3813229571984435,0.03525943334540127,-0.13960586794688012,1
Moldova,Norway,Friendly,2014-01-15,-0.45962670152004725,-0.4816916430756697,-0.29920557717250285,-0.26999452568725335,0.17741856102563375,-1
Moldova,Sweden,Friendly,2014-01-17,-0.3708071191835467,-0.43810021065228355,0.10157263294422836,0.04044759867639636,0.053836414981711156,-1
Norway,Poland,Friendly,2014-01-18,0.09584694468269439,0.15601909610662323,0.29920557717250285,0.26999452568725335,-0.17741856102563375,-1
Iceland,Sweden,Friendly,2014-01-21,-0.1682322038596833,-0.20984075359375653,0.10157263294422836,0.04044759867639636,0.053836414981711156,-1
Costa Rica,South Korea,Friendly,2014-01-25,-0.11806325788134076,-0.15246477805312963,-0.10465304798962372,-0.039828067766032094,-0.0930664447053095,-1
Mexico,South Korea,Friendly,2014-01-29,0.009534584541383673,-0.02763745636134818,0.031128404669260812,0.23030311750622534,0.2637538147974011,1
Oman,Jordan,AFC Asian Cup qualification,2014-01-31,-0.09854933031126811,-0.05727038094636416,-0.030723086900129593,-0.10568095735082217,0.059246408681443874,0
United States,South Korea,Friendly,2014-02-01,-0.037098025938748114,0.14125225275250886,-0.1712062256809338,0.2807244789963328,0.03641285807110384,1
Singapore,Jordan,AFC Asian Cup qualification,2014-02-04,-0.2770224635305276,-0.11794222160429202,-0.030723086900129593,-0.10568095735082217,0.059246408681443874,-1
Algeria,Slovenia,Friendly,2014-03-05,0.15327165692964728,0.06489184953380533,0.14356355382619967,-0.32365449537638236,-0.00045350421092843485,1
Australia,Ecuador,Friendly,2014-03-05,0.0003763989764762332,-0.27805421814918185,0.2762645914396885,0.5044566849480273,-0.03651374942091434,-1
Austria,Uruguay,Friendly,2014-03-05,-0.06403057796984846,-0.06301534193488711,0.291828793774319,-0.15654058803364312,-0.3246237901317258,0
Belgium,Ivory Coast,Friendly,2014-03-05,0.012082184747343572,0.06368212033265896,-0.10894941634241229,0.493999282496959,0.5126202052825903,0
Colombia,Tunisia,Friendly,2014-03-05,0.1480992207832863,0.19626540916346924,-0.14396887159533067,0.32235021188517154,-0.05859965861680183,0
Czech Republic,Norway,Friendly,2014-03-05,-0.10147526521642214,-0.14949025728310383,-0.35797665369649767,-0.40684755703808717,-0.07785183949756375,0
England,Denmark,Friendly,2014-03-05,0.1247587163148054,0.20470304393242467,0.31866083009079116,0.010072220312723479,0.03505177597215409,1
France,Netherlands,Friendly,2014-03-05,0.08754155319432089,0.07165849757982778,0.10505836575875482,-0.04294196016594132,0.14724073833430484,1
Germany,Chile,Friendly,2014-03-05,0.21394594975911652,0.3101140832793514,0.05796044098573272,0.19938066252610964,0.48850599103198206,1
Greece,South Korea,Friendly,2014-03-05,-0.1253278079093425,0.10941899895867291,-0.10465304798962372,-0.039828067766032094,-0.0930664447053095,-1
Japan,New Zealand,Friendly,2014-03-05,0.24959660639281944,0.3364342998312577,0.17120622568093402,0.4133910759283582,0.49489918050293735,1
Kosovo,Haiti,Friendly,2014-03-05,0.004062098921065571,0.20957805744333013,0.08600843060959806,0.21016277076685297,0.349368116789524,0
Luxembourg,Cape Verde,Friendly,2014-03-05,-0.25192332401751893,-0.04037674722403661,0.16772049286640722,1.1102230246251565e-16,0.42875151483708746,0
Montenegro,Ghana,Friendly,2014-03-05,-0.14110544166606798,-0.17336712151975586,0.12491893644617391,0.22471299186885063,0.19908157568017865,1
Poland,Scotland,Friendly,2014-03-05,-0.010202473974093573,-0.034323401068879544,0.06655317769131008,0.06798065561734568,0.12157549315605182,-1
Romania,Argentina,Friendly,2014-03-05,-0.41201233631384615,-0.23869400433787824,-0.0034857328145263544,-0.4173175167546287,-0.5712484851629125,0
Saudi Arabia,Indonesia,AFC Asian Cup qualification,2014-03-05,0.1464498347566794,-0.035306005289330145,-0.16382944228274976,-0.17198043230101145,-0.09043492748667853,1
South Africa,Brazil,Friendly,2014-03-05,-0.20964388523834132,-0.40127861890268024,0.15953307392996108,-0.2936108467051286,-0.46369774222101345,-1
Spain,Italy,Friendly,2014-03-05,0.2173958490144563,0.06200548511710746,0.17858300907911773,0.3109050827479565,0.5076623979820805,1
Switzerland,Croatia,Friendly,2014-03-05,-0.04847133315391727,0.025207895908219147,-0.31906614785992216,-0.08132768322557515,-0.19469596785141718,0
Ukraine,United States,Friendly,2014-03-05,-0.08588461886744225,-0.04243236259928773,0.06655317769131008,-0.3205525467623649,-0.12947930277641334,1
Uzbekistan,United Arab Emirates,AFC Asian Cup qualification,2014-03-05,0.13570493853858578,-0.20728551125637962,0.015158884565499298,0.06528796669549886,-0.3068674081226421,0
Germany,Poland,Friendly,2014-05-13,0.19123008439929667,0.2210898127060701,0.05796044098573272,0.19938066252610964,0.48850599103198206,0
Netherlands,Ecuador,Friendly,2014-05-17,0.03902316703814157,0.10432643552585175,0.12062256809338512,0.7782871188437709,0.5543806802458651,0
Belarus,Iran,Friendly,2014-05-18,-0.35864595263112764,-0.10903752113002474,-0.015158884565499187,-0.1555665259954644,-0.024665203476906317,0
Finland,Czech Republic,Friendly,2014-05-21,-0.1686473884419324,-0.16131670585551428,0.058771076523994825,0.13685303135083382,0.2552704005231975,0
Bulgaria,Canada,Friendly,2014-05-23,-0.2988283484745402,-0.13543503421753478,0.047097924773022104,0.3349093208565356,0.2038338995815443,0
Moldova,Saudi Arabia,Friendly,2014-05-24,-0.3620458055198772,-0.09410669029228691,0.16382944228274976,0.17198043230101145,0.09043492748667853,1
Kosovo,Senegal,Friendly,2014-05-25,-0.20306124371277545,-0.16128766165147557,-0.1980382619974057,0.02682998486149657,0.10321945587553266,-1
Australia,South Africa,Friendly,2014-05-26,0.16692406078922128,-0.0009289997486336965,0.2334630350194552,0.13831443339291138,-0.1509561452972284,0
Belgium,Luxembourg,Friendly,2014-05-26,0.3818922514532783,0.34920191534766953,-0.08211738002594038,0.3744116380973521,0.4685673134214497,1
Montenegro,Iran,Friendly,2014-05-26,-0.37175956538882815,0.07172106426316516,-0.015158884565499187,-0.1555665259954644,-0.024665203476906317,0
France,Norway,Friendly,2014-05-27,0.18236599338658688,0.12817484463899165,-0.14785992217898802,0.0038804325981174337,0.6582665581473612,1
Japan,Cyprus,Friendly,2014-05-27,0.5568122960645925,0.34946349038429236,0.17469195849546038,0.12398556256055704,0.19068323925104352,1
Moldova,Canada,Friendly,2014-05-27,-0.4690499884611403,-0.28551859126259505,0.047097924773022104,0.3349093208565356,0.2038338995815443,0
Uzbekistan,Oman,Friendly,2014-05-27,0.1614205870251313,0.04448974583187448,0.015158884565499298,0.06528796669549886,-0.3068674081226421,-1
Denmark,Sweden,Friendly,2014-05-28,0.08805594126817562,-0.009477960199124169,0.10157263294422836,0.04044759867639636,0.053836414981711156,1
South Korea,Tunisia,Friendly,2014-05-28,0.09911741764347348,0.07853025470706321,0.14396887159533067,0.159415712165639,-0.1765411884258291,-1
Nigeria,Scotland,Friendly,2014-05-28,0.0853510466143832,0.01131675258666931,0.06655317769131008,0.06798065561734568,0.12157549315605182,0
Georgia,Saudi Arabia,Friendly,2014-05-29,-0.08422297684150237,0.25530094550309146,0.16382944228274976,0.17198043230101145,0.09043492748667853,1
Uzbekistan,Oman,Friendly,2014-05-29,0.1614205870251313,0.04448974583187448,0.015158884565499298,0.06528796669549886,-0.3068674081226421,-1
Austria,Iceland,Friendly,2014-05-30,0.23149980633572498,0.15692433791296478,0.030723086900129593,-0.06620300289685888,-0.17034339960280148,0
England,Peru,Friendly,2014-05-30,0.27247631820022145,0.54584193009133,0.31866083009079116,0.010072220312723479,0.03505177597215409,1
North Macedonia,Qatar,Friendly,2014-05-30,-0.0734932505011332,0.10412728403070126,0.3505998702983139,-0.14094039069622344,0.198852276628324,0
New Zealand,South Africa,Friendly,2014-05-30,-0.013350455152834506,-0.10238541911767252,0.035019455252918164,-0.19407756453045832,-0.1978849156697654,0
Spain,Bolivia,Friendly,2014-05-30,0.448940892542105,0.5690899971935246,0.17858300907911773,0.3109050827479565,0.5076623979820805,1
Switzerland,Jamaica,Friendly,2014-05-30,0.13157999003433862,0.24668486404486023,-0.16772049286640733,-0.20812178054829622,-0.14181187688508062,1
Uruguay,Northern Ireland,Friendly,2014-05-30,0.2891423393195831,0.19425221299743622,-0.2611057068741894,0.09033758513678425,0.15428039052892434,1
Armenia,Algeria,Friendly,2014-05-31,-0.44202080206230376,-0.23957086524518934,-0.14356355382619967,0.32365449537638236,0.00045350421092843485,-1
Colombia,Senegal,Friendly,2014-05-31,0.01607295782060758,-0.061653899868844064,-0.38132295719844334,0.22959255234706122,0.31422743038986944,0
Mexico,Ecuador,Friendly,2014-05-31,-0.0035412943894623794,-0.17162061598940204,0.21011673151750965,0.7316013856647162,0.577593680961153,1
Netherlands,Ghana,Friendly,2014-05-31,0.2753050593046278,0.1777172493842083,0.1712062256809339,0.5415299103201627,0.5326888344676013,1
Norway,Russia,Friendly,2014-05-31,0.02420220607575163,0.08826070221195792,0.29920557717250285,0.26999452568725335,-0.17741856102563375,0
Portugal,Greece,Friendly,2014-05-31,0.19464878325819623,0.14569725488889818,0.030723086900129593,0.09659236421421391,0.2661644953211055,0
France,Paraguay,Friendly,2014-06-01,0.23085193132834414,0.32029004475441436,0.2490272373540855,0.8565574415307421,0.8780019521113147,0
Sweden,Belgium,Friendly,2014-06-01,-0.08073303281309485,-0.023517606387590817,-0.01945525291828798,-0.4148592367737485,-0.5224037284031608,-1
Costa Rica,Japan,Friendly,2014-06-02,-0.2008376262394267,-0.25337159999422054,-0.17469195849546038,-0.12398556256055704,-0.19068323925104352,-1
Brazil,Panama,Friendly,2014-06-03,0.12099154436584669,0.4543539118413582,-0.29182879377431914,0.25089251710857186,0.5824489875040317,1
Czech Republic,Austria,Friendly,2014-06-03,-0.07592328535596327,-0.05298240917892594,-0.08949416342412442,-0.07065002845397494,-0.08492700092039601,-1
Switzerland,Peru,Friendly,2014-06-03,0.15809871563990496,0.3232765018620487,-0.16772049286640733,-0.20812178054829622,-0.14181187688508062,1
Ecuador,England,Friendly,2014-06-04,-0.06819380209235604,-0.19944373977660224,-0.3929961089494163,-0.47154242070518226,-0.25582519743059656,0
El Salvador,Ivory Coast,Friendly,2014-06-04,-0.2385145770720103,-0.4617079667410575,-0.026832036316471908,0.1195876443996069,0.04405289186114064,-1
Jamaica,Egypt,Friendly,2014-06-04,-0.10694602625560079,-0.13528921667545157,0.14826523994811946,0.2894055133678012,-0.024708543572398767,0
Netherlands,Wales,Friendly,2014-06-04,0.21031229282307362,0.17811675144299155,0.04628728923476,0.3168169184513121,0.33360725878742264,1
Romania,Algeria,Friendly,2014-06-04,-0.22606645716732676,-0.09089439860494553,-0.14356355382619967,0.32365449537638236,0.00045350421092843485,-1
Uruguay,Slovenia,Friendly,2014-06-04,0.1492983068812317,0.13776775976619238,-0.2611057068741894,0.09033758513678425,0.15428039052892434,1
Brazil,Serbia,Friendly,2014-06-06,0.16129033222609324,0.161883048203336,-0.1910667963683529,0.19828289786778575,0.35736671663888503,1
Colombia,Jordan,Friendly,2014-06-06,0.1340024041234842,0.46554280151748184,-0.21400778210116722,0.09708161013474248,0.27025438319578066,1
Croatia,Australia,Friendly,2014-06-06,0.0019111337094805947,0.22972463378828367,-0.05058365758754857,-0.1697805818782896,0.3101712618456934,1
Germany,Armenia,Friendly,2014-06-06,0.49495199362110087,0.411009998246314,0.05796044098573272,0.19938066252610964,0.48850599103198206,1
Mexico,Portugal,Friendly,2014-06-06,-0.05978639080747006,-0.28275371020891926,0.10505836575875493,0.17353882105804352,0.09065576418160515,-1
Russia,Morocco,Friendly,2014-06-06,-0.17074886483119012,-0.06257563108836939,-0.24083981841763946,0.1826628528783134,-0.0765288217990438,1
Argentina,Slovenia,Friendly,2014-06-07,0.33921753607616667,0.21269145526673805,0.0034857328145263544,0.4173175167546287,0.5712484851629125,1
Belgium,Tunisia,Friendly,2014-06-07,0.04830547389678941,0.2502496767660096,-0.04280155642023342,0.493999282496959,0.19895968029031108,1
El Salvador,Spain,Friendly,2014-06-07,-0.5177784930524265,-0.6686158788348187,-0.17858300907911773,-0.3109050827479565,-0.5076623979820805,-1
Honduras,England,Friendly,2014-06-07,-0.2528990075104651,-0.6221628481673953,-0.31866083009079116,-0.010072220312723479,-0.03505177597215409,0
United States,Nigeria,Friendly,2014-06-07,0.0059207923787478745,0.059837947108841494,-0.06655317769131008,0.3205525467623649,0.12947930277641334,1
France,Jamaica,Friendly,2014-06-08,0.3043285107347615,0.4457914856032188,0.15134565499351482,0.2738749582853708,0.4808479971217275,1
Ghana,South Korea,Friendly,2014-06-09,-0.22320601333564016,0.0705923457696973,-0.22957198443579763,-0.2645410596348827,-0.29214802038548815,1
Republic of Ireland,Portugal,Friendly,2014-06-10,-0.2592638682324584,-0.2032700647044523,-0.030723086900129593,-0.09659236421421391,-0.2661644953211055,-1
Brazil,Croatia,FIFA World Cup,2014-06-12,0.04080869073963944,0.17248298486303026,-0.3424124513618677,0.3250769951905068,0.30448262567254847,1
Chile,Australia,FIFA World Cup,2014-06-13,-0.17474048217311489,0.08082093993596517,-0.2019293125810634,-0.04298648455556853,0.2572871708793568,1
Spain,Netherlands,FIFA World Cup,2014-06-13,0.16427074151740095,0.06663561866614298,0.13229571984435773,-0.005911835703355628,0.17405513919465787,-1
Colombia,Greece,FIFA World Cup,2014-06-14,0.17430961104915532,0.008316155497733124,-0.18328469520103763,0.20276256748556465,0.21100797451433678,1
England,Italy,FIFA World Cup,2014-06-14,0.08229574255126981,0.09048717070171497,0.31866083009079116,0.010072220312723479,0.03505177597215409,-1
Ivory Coast,Japan,FIFA World Cup,2014-06-14,-0.14566849685211358,0.007130479785196542,-0.14785992217898847,-0.24357320696016393,-0.23473613111218417,1
Uruguay,Costa Rica,FIFA World Cup,2014-06-14,0.11381646176745197,0.3107655199785806,-0.2611057068741894,0.09033758513678425,0.15428039052892434,-1
France,Honduras,FIFA World Cup,2014-06-15,0.31126992565057154,0.5987040414964726,0.15134565499351482,0.2738749582853708,0.4808479971217275,1
Switzerland,Ecuador,FIFA World Cup,2014-06-15,-0.046183800467960445,-0.023121688452679034,-0.09338521400778221,0.25334841984416256,0.07896154457336185,1
Germany,Portugal,FIFA World Cup,2014-06-16,-0.016663229855529815,0.0017477108466175117,0.027237354085603127,0.10278829831189573,0.22234149571087658,1
Ghana,United States,FIFA World Cup,2014-06-16,-0.18610798739689205,-0.07065990698281155,-0.05836575875486383,-0.5452655386312155,-0.328560878456592,-1
Iran,Nigeria,FIFA World Cup,2014-06-16,0.050466928704616,-0.2559101456568911,0.015158884565499187,0.1555665259954644,0.024665203476906317,0
Belgium,Algeria,FIFA World Cup,2014-06-17,-0.05053849768121088,0.0862945903658825,-0.22568093385214005,0.6980661334737345,0.46902081763237813,1
Brazil,Mexico,FIFA World Cup,2014-06-17,0.04663751781505865,0.2957740164915341,-0.3268482490272374,-0.07184828740447169,0.0005464571361744053,0
Russia,South Korea,FIFA World Cup,2014-06-17,-0.06692760029903,0.10353254588278382,-0.10465304798962372,-0.039828067766032094,-0.0930664447053095,0
Australia,Netherlands,FIFA World Cup,2014-06-18,-0.03864676806166534,-0.3823806536750336,0.1556420233463034,-0.2738304338957436,-0.5908944296667795,-1
Spain,Chile,FIFA World Cup,2014-06-18,0.3776579917521812,0.3681953324052114,0.17858300907911773,0.3109050827479565,0.5076623979820805,-1
Colombia,Ivory Coast,FIFA World Cup,2014-06-19,0.11187593163384046,0.009697852730118584,-0.21011673151750954,0.32235021188517154,0.2550608663754774,1
Japan,Greece,FIFA World Cup,2014-06-19,0.20810217626742844,-0.008512177017582001,0.17469195849546038,0.12398556256055704,0.19068323925104352,0
Uruguay,England,FIFA World Cup,2014-06-19,-0.08551647713709087,-0.18512615747920513,-0.5797665369649805,0.08026536482406077,0.11922861455677025,1
Honduras,Ecuador,FIFA World Cup,2014-06-20,-0.1847052054181091,-0.4227191083907931,0.07433527885862512,0.4614702003924588,0.22077342145844248,-1
Switzerland,France,FIFA World Cup,2014-06-20,-0.1727485207004229,-0.19910662155835857,-0.31906614785992216,-0.481996738833667,-0.6226598740068081,-1
Argentina,Iran,FIFA World Cup,2014-06-21,0.17822432269392618,0.40772027743922035,-0.011673151750972832,0.2617509907591643,0.5465832816860062,1
Germany,Ghana,FIFA World Cup,2014-06-21,0.2758637588289641,0.1862716189244913,0.18287937743190663,0.4240936543949603,0.6875875667121607,0
Belgium,Russia,FIFA World Cup,2014-06-22,0.016115656552345925,0.06818687617616259,-0.08211738002594038,0.3744116380973521,0.4685673134214497,1
South Korea,Algeria,FIFA World Cup,2014-06-22,0.00027344606547319295,-0.08542483169306392,-0.03891050583657596,0.36348256314241445,0.09351994891623794,-1
United States,Portugal,FIFA World Cup,2014-06-22,-0.10641900128760184,-0.11386400109506223,-0.09727626459143968,0.22396018254815098,-0.13668519254469214,0
Australia,Spain,FIFA World Cup,2014-06-23,-0.2029175095790663,-0.4490162723411766,0.023346303501945664,-0.26791859819238795,-0.7649495688614374,-1
Croatia,Mexico,FIFA World Cup,2014-06-23,0.005828827075419207,0.12329103162850386,0.015564202334630295,-0.3969252825949785,-0.30393616853637406,-1
Netherlands,Chile,FIFA World Cup,2014-06-23,0.21338725023478022,0.3015597137390684,0.04628728923476,0.3168169184513121,0.33360725878742264,1
Costa Rica,England,FIFA World Cup,2014-06-24,-0.19933293890454284,-0.49589167745778573,-0.31866083009079116,-0.010072220312723479,-0.03505177597215409,0
Greece,Ivory Coast,FIFA World Cup,2014-06-24,-0.06243367941531486,0.0013816972323854593,-0.026832036316471908,0.1195876443996069,0.04405289186114064,1
Italy,Uruguay,FIFA World Cup,2014-06-24,0.003220734585821061,0.09463898677749016,0.2611057068741894,-0.09033758513678425,-0.15428039052892434,-1
Japan,Colombia,FIFA World Cup,2014-06-24,0.03379256521827312,-0.016828332515315125,0.357976653696498,-0.07877700492500761,-0.02032473526329326,-1
Ecuador,France,FIFA World Cup,2014-06-25,-0.12656472023246246,-0.17598493310567953,-0.22568093385213994,-0.7353451586778296,-0.7016214185801699,0
Honduras,Switzerland,FIFA World Cup,2014-06-25,-0.13852140495014864,-0.39959741993811404,0.16772049286640733,0.20812178054829622,0.14181187688508062,-1
Nigeria,Argentina,FIFA World Cup,2014-06-25,-0.22869125139854218,-0.15181013178232927,-0.0034857328145263544,-0.4173175167546287,-0.5712484851629125,-1
Algeria,Russia,FIFA World Cup,2014-06-26,0.0666541542335568,-0.018107714189719903,0.14356355382619967,-0.32365449537638236,-0.00045350421092843485,0
South Korea,Belgium,FIFA World Cup,2014-06-26,0.050811943746684074,-0.1717194220589464,0.1867704280155641,-0.33458357033132,-0.3755008687161402,-1
Portugal,Ghana,FIFA World Cup,2014-06-26,0.2925269886844939,0.18452390807787378,0.1556420233463035,0.32130535608306454,0.4652460710012841,1
United States,Germany,FIFA World Cup,2014-06-26,-0.08975577143207203,-0.11561171194167974,-0.1245136186770428,0.12117188423625525,-0.3590266882555687,-1
Brazil,Chile,FIFA World Cup,2014-06-28,0.21746030662223492,0.32138667871534876,-0.1910667963683529,0.19828289786778575,0.35736671663888503,0
Colombia,Uruguay,FIFA World Cup,2014-06-28,0.0532285992537016,-0.04056558746904493,0.07782101167315175,0.1124249823487804,0.056727583985412444,1
Netherlands,Mexico,FIFA World Cup,2014-06-29,0.04256446142760395,0.2759470515152538,-0.08949416342412453,0.04668573317905467,-0.02321300071528798,1
France,Nigeria,FIFA World Cup,2014-06-30,0.1826594174808045,0.23855378709006603,0.15134565499351482,0.2738749582853708,0.4808479971217275,1
Germany,Algeria,FIFA World Cup,2014-06-30,0.05293119155879711,0.17143913300112468,-0.08560311284046696,0.523035157902492,0.4889594952429105,1
Argentina,Switzerland,FIFA World Cup,2014-07-01,0.2187803546181606,0.11236296625062181,0.1712062256809337,0.6254392973029249,0.7130603620479932,1
Belgium,United States,FIFA World Cup,2014-07-01,-0.01371391780793596,0.030467169306437558,-0.015564202334630295,0.05385909133498723,0.33908801064503635,1
Brazil,Colombia,FIFA World Cup,2014-07-04,0.007190299216629503,0.1504014056737799,-0.0077821011673152585,-0.004479669617778903,0.14635874212454825,1
France,Germany,FIFA World Cup,2014-07-04,0.0869828536699846,0.0631041280395448,0.0933852140077821,0.07449429575926114,-0.007657993910254568,-1
Argentina,Belgium,FIFA World Cup,2014-07-05,0.23648437682773027,0.06150501536705022,0.08560311284046673,0.042905878657276575,0.10268117174146285,1
Netherlands,Costa Rica,FIFA World Cup,2014-07-05,0.17016230385032838,0.40077437320703524,0.04628728923476,0.3168169184513121,0.33360725878742264,0
Brazil,Germany,FIFA World Cup,2014-07-08,0.0035143568631184063,0.011272595435997346,-0.2490272373540856,-0.0010977646583238965,-0.13113927439309703,-1
Netherlands,Argentina,FIFA World Cup,2014-07-09,-0.13357338711205857,0.015085157727908971,0.042801556420233644,-0.10050059830331659,-0.2376412263754899,0
Brazil,Netherlands,FIFA World Cup,2014-07-12,0.004073056387454699,0.019826964976280337,-0.23735408560311289,-0.11853402058352636,0.023759457851462384,-1
Germany,Argentina,FIFA World Cup,2014-07-13,-0.13301468758772228,0.023639527268191962,0.054474708171206365,-0.21793685422851905,-0.08274249413093049,1
Qatar,Indonesia,Friendly,2014-07-14,0.09690829259404343,-0.09949022081689662,-0.3505998702983139,0.14094039069622344,-0.198852276628324,0
Peru,Panama,Friendly,2014-08-06,-0.12638719516761499,-0.016197678975501617,-0.10076199740596625,0.05260961924078611,0.22508227086514676,1
Azerbaijan,Uzbekistan,Friendly,2014-08-20,-0.4114979837244548,0.11837851651474951,-0.015158884565499298,-0.06528796669549886,0.3068674081226421,0
Norway,United Arab Emirates,Friendly,2014-08-27,0.11512888858511561,0.3450960190139276,0.29920557717250285,0.26999452568725335,-0.17741856102563375,0
Czech Republic,United States,Friendly,2014-09-03,-0.1071026335009524,-0.09894926194087095,0.0077821011673152585,-0.4574055781131987,-0.38474970329961083,-1
England,Norway,Friendly,2014-09-03,0.12399507524648046,0.15163365130991435,0.019455252918288313,-0.25992230537452987,0.21247033699778783,1
Germany,Argentina,Friendly,2014-09-03,-0.13301468758772228,0.023639527268191962,0.054474708171206365,-0.21793685422851905,-0.08274249413093049,-1
Morocco,Qatar,Friendly,2014-09-03,0.2936690969182445,0.42608409718736073,0.5914396887159534,-0.32360324357453685,0.2753810984273678,0
Belgium,Australia,Friendly,2014-09-04,-0.06426422165400636,0.3057904805800744,-0.28404669260700377,0.3314251535417836,0.7258544843008066,1
Croatia,Cyprus,Friendly,2014-09-04,0.4894013393233094,0.34421024371035713,0.15134565499351482,-0.12679409732272107,0.05288409096633656,1
France,Spain,Friendly,2014-09-04,-0.07672918832308007,0.005022878913684803,-0.027237354085602905,-0.03703012446258569,-0.026814400860353027,1
Iraq,Peru,Friendly,2014-09-04,0.10705324679624528,-0.05151593442995761,-0.03542477302204938,0.10568095735082217,-0.3806641869716393,-1
Italy,Netherlands,Friendly,2014-09-04,-0.053125107497055346,0.00463013354903552,-0.04628728923476,-0.3168169184513121,-0.33360725878742264,1
Sweden,Estonia,Friendly,2014-09-04,0.316637435391232,0.42668095903131276,-0.10157263294422836,-0.04044759867639636,-0.053836414981711156,1
Uzbekistan,Jordan,Friendly,2014-09-04,0.06287125671386318,-0.01278063511448968,-0.015564202334630295,-0.04039299065532331,-0.24762099944119825,1
Japan,Uruguay,Kirin Challenge Cup,2014-09-05,0.08702116447197472,-0.05739391998436005,0.43579766536964976,0.03364797742377279,0.036402848722119185,-1
Brazil,Colombia,Friendly,2014-09-05,0.007190299216629503,0.1504014056737799,-0.0077821011673152585,-0.004479669617778903,0.14635874212454825,1
South Korea,Venezuela,Friendly,2014-09-05,0.1183374272674127,0.07454694032659592,0.10465304798962372,0.039828067766032094,0.0930664447053095,1
Senegal,Egypt,African Cup of Nations qualification,2014-09-05,0.09065073063505746,0.16992323051928393,0.34630350194552517,0.2625755285063046,-0.12792799944793143,1
Ethiopia,Algeria,African Cup of Nations qualification,2014-09-06,-0.38531294496501234,-0.5958799073791035,-0.14356355382619967,0.32365449537638236,0.00045350421092843485,-1
Ghana,Uganda,African Cup of Nations qualification,2014-09-06,0.05848382126855878,0.4291452856015856,-0.12491893644617391,-0.22471299186885063,-0.19908157568017865,0
Mexico,Chile,Friendly,2014-09-06,0.17082278880717627,0.025612662223814642,0.13578145265888453,0.27013118527225743,0.3568202595027106,0
Costa Rica,Panama,UNCAF Cup,2014-09-07,-0.053243815871936384,0.03375257365804263,-0.10076199740596625,0.05260961924078611,0.22508227086514676,0
Germany,Scotland,UEFA Euro qualification,2014-09-07,0.1810276104252031,0.18676641163719054,0.1245136186770428,0.2673613181434553,0.6100814841880339,1
Morocco,Libya,Friendly,2014-09-07,0.3790437259737418,0.47444567024199413,0.24083981841763946,-0.1826628528783134,0.0765288217990438,1
Paraguay,United Arab Emirates,Friendly,2014-09-07,0.06664295064335835,0.1529808188985049,-0.09768158236057067,-0.5826824832453713,-0.3971539549895872,0
Portugal,Albania,UEFA Euro qualification,2014-09-07,0.30267602277416294,0.30482595935549694,0.030723086900129593,0.09659236421421391,0.2661644953211055,-1
Serbia,France,Friendly,2014-09-07,-0.24475882903295942,-0.21371458080688344,-0.15134565499351482,-0.2738749582853708,-0.4808479971217275,0
Australia,Saudi Arabia,Friendly,2014-09-08,0.1537585681307707,0.06172064616751305,0.36575875486381315,0.21496691685657998,-0.1668522433926783,1
Austria,Sweden,UEFA Euro qualification,2014-09-08,0.06326760247604168,-0.05291641568079175,0.13229571984435795,-0.02575540422046252,-0.11650698462109033,0
South Korea,Uruguay,Friendly,2014-09-08,0.004246796113888784,-0.15830074192545096,0.3657587548638131,-0.050509517370752155,-0.061213945823614835,-1
Spain,North Macedonia,UEFA Euro qualification,2014-09-08,0.47971087037360616,0.47079385000555485,0.17858300907911773,0.3109050827479565,0.5076623979820805,1
Switzerland,England,UEFA Euro qualification,2014-09-08,-0.11437760256031648,-0.22256542822928127,-0.4863813229571985,-0.2181940008610197,-0.1768636528572347,-1
Uzbekistan,New Zealand,Friendly,2014-09-08,0.14467289376492531,-0.12506080428539867,0.011673151750972943,0.35469348006330004,-0.002651466870748298,1
Croatia,Malta,UEFA Euro qualification,2014-09-09,0.5033021514305085,0.3841623704607944,0.15134565499351482,-0.12679409732272107,0.05288409096633656,1
Czech Republic,Netherlands,UEFA Euro qualification,2014-09-09,-0.19629970540868813,-0.2060066043422677,-0.10505836575875482,-0.4536699498021459,-0.5888776593106202,1
Haiti,Chile,Friendly,2014-09-09,-0.012926293048843185,-0.13822654618439278,-0.08600843060959806,-0.21016277076685297,-0.349368116789524,-1
Japan,Venezuela,Friendly,2014-09-09,0.20111179562549863,0.17545376226768683,0.17469195849546038,0.12398556256055704,0.19068323925104352,0
Mexico,Bolivia,Friendly,2014-09-09,0.2421056895971001,0.22650732701212783,0.13578145265888453,0.27013118527225743,0.3568202595027106,1
Norway,Italy,UEFA Euro qualification,2014-09-09,-0.041699332695210645,-0.06114648060819938,0.29920557717250285,0.26999452568725335,-0.17741856102563375,-1
Qatar,Peru,Friendly,2014-09-09,0.0013588047909349754,-0.05756088952953364,-0.3505998702983139,0.14094039069622344,-0.198852276628324,-1
Egypt,Tunisia,African Cup of Nations qualification,2014-09-10,0.041375532327621256,0.08799607851302937,-0.10894941634241251,-0.16981786896819429,-0.24489908955873985,-1
South Africa,Nigeria,African Cup of Nations qualification,2014-09-10,-0.11045296456440301,-0.21455636441616166,-0.03153372243839181,-0.09532794883734286,-0.10633102558212842,0
Qatar,Uzbekistan,Friendly,2014-10-06,-0.1676984881162762,0.10061236195935797,-0.3657587548638132,0.07565242400072458,0.10801513149431813,1
England,San Marino,UEFA Euro qualification,2014-10-09,0.8648998935368133,0.9999999999999998,0.31866083009079116,0.010072220312723479,0.03505177597215409,1
Moldova,Austria,UEFA Euro qualification,2014-10-09,-0.4340747216595884,-0.3851837949714918,-0.030723086900129593,0.06620300289685888,0.17034339960280148,-1
Qatar,Lebanon,Friendly,2014-10-09,0.12975430333099758,0.13762075608527446,-0.3505998702983139,0.14094039069622344,-0.198852276628324,1
Slovakia,Spain,UEFA Euro qualification,2014-10-09,-0.42145993624227596,-0.30587951913842293,-0.17858300907911773,-0.3109050827479565,-0.5076623979820805,1
Slovenia,Switzerland,UEFA Euro qualification,2014-10-09,-0.12043718145800608,-0.10032848901611624,0.16772049286640733,0.20812178054829622,0.14181187688508062,1
Sweden,Russia,UEFA Euro qualification,2014-10-09,-0.06461737626074893,0.044669269788571775,-0.10157263294422836,-0.04044759867639636,-0.053836414981711156,0
Belgium,Andorra,UEFA Euro qualification,2014-10-10,0.6090469132677048,0.6505266940919978,-0.08211738002594038,0.3744116380973521,0.4685673134214497,1
Bulgaria,Croatia,UEFA Euro qualification,2014-10-10,-0.3474938673735284,-0.23546841320302336,-0.15134565499351482,0.12679409732272107,-0.05288409096633656,-1
Japan,Jamaica,Friendly,2014-10-10,0.24746227992953895,0.2267302148105763,0.17469195849546038,0.12398556256055704,0.19068323925104352,1
South Korea,Paraguay,Friendly,2014-10-10,0.09121133216503563,0.0003219520206809712,0.2023346303501944,0.6225105510114034,0.4902203996948967,1
Malta,Norway,UEFA Euro qualification,2014-10-10,-0.44521334559042725,-0.48030204328838044,-0.29920557717250285,-0.26999452568725335,0.17741856102563375,-1
Netherlands,Kazakhstan,UEFA Euro qualification,2014-10-10,0.4222030440954767,0.5139925545739366,0.04628728923476,0.3168169184513121,0.33360725878742264,1
Saudi Arabia,Uruguay,Friendly,2014-10-10,-0.13605949410955964,-0.354092446614092,0.09727626459143962,-0.2623180174377957,-0.24471531801560287,0
Senegal,Tunisia,African Cup of Nations qualification,2014-10-10,0.13202626296267872,0.2579193090323133,0.23735408560311266,0.09275765953811033,-0.3728270890066713,0
United Arab Emirates,Australia,Friendly,2014-10-10,-0.17130656071571626,-0.019231712398057876,-0.2019293125810634,-0.04298648455556853,0.2572871708793568,0
Argentina,Brazil,Superclásico de las Américas,2014-10-11,0.12950033072460387,-0.03491212270418931,0.19455252918287924,0.21903461888684295,0.21388176852402752,-1
DR Congo,Ivory Coast,African Cup of Nations qualification,2014-10-11,-0.04866794792443452,-0.20656626673655598,2.220446049250313e-16,0.11958764439960679,-0.2527753458754489,-1
France,Portugal,Friendly,2014-10-11,0.07031962381445478,0.0648518388861623,0.12062256809338523,0.17728259407115687,0.214683501800622,1
Poland,Germany,UEFA Euro qualification,2014-10-11,-0.19123008439929667,-0.2210898127060701,-0.05796044098573272,-0.19938066252610964,-0.48850599103198206,1
Scotland,Georgia,UEFA Euro qualification,2014-10-11,0.09615940213307161,0.010588312242547637,-0.06655317769131008,-0.06798065561734568,-0.12157549315605182,1
Austria,Montenegro,UEFA Euro qualification,2014-10-12,0.2960340809179709,0.1980601757406224,0.030723086900129593,-0.06620300289685888,-0.17034339960280148,1
Estonia,England,UEFA Euro qualification,2014-10-12,-0.529452092974213,-0.6219060427646133,-0.31866083009079116,-0.010072220312723479,-0.03505177597215409,-1
Luxembourg,Spain,UEFA Euro qualification,2014-10-12,-0.649073982686351,-0.4924277071087717,-0.17858300907911773,-0.3109050827479565,-0.5076623979820805,-1
Mexico,Panama,Friendly,2014-10-12,0.07435402655078804,0.15857989534982408,0.035019455252918275,0.32274080451304354,0.5819025303678573,1
Croatia,Azerbaijan,UEFA Euro qualification,2014-10-13,0.44901073961106586,0.33786334092797166,0.15134565499351482,-0.12679409732272107,0.05288409096633656,1
Iceland,Netherlands,UEFA Euro qualification,2014-10-13,-0.35187622638844984,-0.30994853307630654,-0.04628728923476,-0.3168169184513121,-0.33360725878742264,1
Kazakhstan,Czech Republic,UEFA Euro qualification,2014-10-13,-0.22590333868678858,-0.30798595023166886,0.058771076523994825,0.13685303135083382,0.2552704005231975,-1
Norway,Bulgaria,UEFA Euro qualification,2014-10-13,0.28940506153344714,0.33160808603060943,0.29920557717250285,0.26999452568725335,-0.17741856102563375,1
Oman,Uruguay,Friendly,2014-10-13,-0.1793231351810507,-0.5633787699328909,0.2611057068741894,-0.09033758513678425,-0.15428039052892434,-1
Armenia,France,Friendly,2014-10-14,-0.5819348472910855,-0.4741141262858588,-0.15134565499351482,-0.2738749582853708,-0.4808479971217275,-1
Denmark,Portugal,UEFA Euro qualification,2014-10-14,-0.11281001064045704,-0.11639239837533966,-0.030723086900129593,-0.09659236421421391,-0.2661644953211055,-1
Germany,Republic of Ireland,UEFA Euro qualification,2014-10-14,0.24260063837692858,0.20501777555106981,0.05796044098573272,0.19938066252610964,0.48850599103198206,0
Hong Kong,Argentina,Friendly,2014-10-14,-0.5386916342914496,-0.6989743060913645,-0.0034857328145263544,-0.4173175167546287,-0.5712484851629125,-1
Japan,Brazil,Friendly,2014-10-14,0.026602266001643615,-0.16722973818909503,0.36575875486381326,-0.0742973353072287,-0.1666834773878415,-1
South Korea,Costa Rica,Friendly,2014-10-14,0.11806325788134076,0.15246477805312963,0.10465304798962372,0.039828067766032094,0.0930664447053095,-1
Poland,Scotland,UEFA Euro qualification,2014-10-14,-0.010202473974093573,-0.034323401068879544,0.06655317769131008,0.06798065561734568,0.12157549315605182,0
Qatar,Australia,Friendly,2014-10-14,-0.20330011029340667,-0.12590486169507953,-0.5525291828793772,0.09795390614065491,0.05843489425103282,1
San Marino,Switzerland,UEFA Euro qualification,2014-10-14,-0.7505222909764968,-0.7774345717707185,0.16772049286640733,0.20812178054829622,0.14181187688508062,-1
Saudi Arabia,Lebanon,Friendly,2014-10-14,0.17929584549363353,0.20180497161284094,-0.16382944228274976,-0.17198043230101145,-0.09043492748667853,0
United Arab Emirates,Uzbekistan,Friendly,2014-10-14,-0.13570493853858578,0.20728551125637962,-0.015158884565499298,-0.06528796669549886,0.3068674081226421,-1
United States,Honduras,Friendly,2014-10-14,0.13453130054851492,0.41998820151524807,-0.06655317769131008,0.3205525467623649,0.12947930277641334,0
Ivory Coast,DR Congo,African Cup of Nations qualification,2014-10-15,0.04866794792443452,0.20656626673655598,-2.220446049250313e-16,-0.11958764439960679,0.2527753458754489,-1
Tunisia,Senegal,African Cup of Nations qualification,2014-10-15,-0.13202626296267872,-0.2579193090323133,-0.23735408560311266,-0.09275765953811033,0.3728270890066713,1
Argentina,Croatia,Friendly,2014-11-12,0.17030902146424332,0.13757086215884096,-0.14785992217898847,0.5441116140773498,0.518364394196576,1
Belgium,Iceland,Friendly,2014-11-12,0.24896523667277815,0.23335835998134735,-0.08211738002594038,0.3744116380973521,0.4685673134214497,1
Netherlands,Mexico,Friendly,2014-11-12,0.04256446142760395,0.2759470515152538,-0.08949416342412453,0.04668573317905467,-0.02321300071528798,-1
Norway,Estonia,Friendly,2014-11-12,0.40545701772773257,0.4702723914546989,0.29920557717250285,0.26999452568725335,-0.17741856102563375,-1
Saudi Arabia,Qatar,Gulf Cup,2014-11-13,0.049541542162635954,0.06418421552756648,0.18677042801556415,-0.3129208229972349,0.10841734914164547,0
Uruguay,Costa Rica,Friendly,2014-11-13,0.11381646176745197,0.3107655199785806,-0.2611057068741894,0.09033758513678425,0.15428039052892434,0
France,Albania,Friendly,2014-11-14,0.3729956465886177,0.36967779824165925,0.15134565499351482,0.2738749582853708,0.4808479971217275,0
Germany,Gibraltar,UEFA Euro qualification,2014-11-14,0.7250845007698898,0.8799762834187752,0.05796044098573272,0.19938066252610964,0.48850599103198206,1
Japan,Honduras,Friendly,2014-11-14,0.25440369484534897,0.3796427707038301,0.17469195849546038,0.12398556256055704,0.19068323925104352,1
Jordan,South Korea,Friendly,2014-11-14,-0.08502060098367137,-0.3478076470610758,-0.07392996108949412,0.06585288958479008,-0.15231285338675338,-1
Paraguay,Peru,Friendly,2014-11-14,0.09999530501198373,0.2020930786659929,-0.09768158236057067,-0.5826824832453713,-0.3971539549895872,1
Portugal,Armenia,UEFA Euro qualification,2014-11-14,0.5116152234766307,0.4092622873996965,0.030723086900129593,0.09659236421421391,0.2661644953211055,1
Scotland,Republic of Ireland,UEFA Euro qualification,2014-11-14,0.06157302795172548,0.01825136391387927,-0.06655317769131008,-0.06798065561734568,-0.12157549315605182,1
United States,Colombia,Friendly,2014-11-14,-0.08607982907856093,0.023517098296102823,0.11673151750972754,0.11778997927680024,-0.08152867173792344,-1
Algeria,Ethiopia,African Cup of Nations qualification,2014-11-15,0.38531294496501234,0.5958799073791035,0.14356355382619967,-0.32365449537638236,-0.00045350421092843485,1
Austria,Russia,UEFA Euro qualification,2014-11-15,-0.0013497737847072422,-0.008247145892219976,0.030723086900129593,-0.06620300289685888,-0.17034339960280148,1
Egypt,Senegal,African Cup of Nations qualification,2014-11-15,-0.09065073063505746,-0.16992323051928393,-0.34630350194552517,-0.2625755285063046,0.12792799944793143,-1
England,Slovenia,UEFA Euro qualification,2014-11-15,0.23481478401832256,0.3228939172453975,0.31866083009079116,0.010072220312723479,0.03505177597215409,1
Montenegro,Sweden,UEFA Euro qualification,2014-11-15,-0.23276647844192921,-0.25097659142141415,0.10157263294422836,0.04044759867639636,0.053836414981711156,0
Spain,Belarus,UEFA Euro qualification,2014-11-15,0.5675676297303962,0.598478574963297,0.17858300907911773,0.3109050827479565,0.5076623979820805,1
Switzerland,Lithuania,UEFA Euro qualification,2014-11-15,0.5012129566118244,0.3791348075639349,-0.16772049286640733,-0.20812178054829622,-0.14181187688508062,1
Uganda,Ghana,African Cup of Nations qualification,2014-11-15,-0.05848382126855878,-0.4291452856015856,0.12491893644617391,0.22471299186885063,0.19908157568017865,1
Azerbaijan,Norway,UEFA Euro qualification,2014-11-16,-0.3909219337709846,-0.4340030137555577,-0.29920557717250285,-0.26999452568725335,0.17741856102563375,-1
Belgium,Wales,UEFA Euro qualification,2014-11-16,0.10740130310740192,0.10152657834803236,-0.08211738002594038,0.3744116380973521,0.4685673134214497,0
Czech Republic,Iceland,UEFA Euro qualification,2014-11-16,0.1555765209797617,0.10394192873403885,-0.058771076523994825,-0.13685303135083382,-0.2552704005231975,1
Italy,Croatia,UEFA Euro qualification,2014-11-16,-0.016389473144870603,0.15728615343578545,-0.15134565499351482,0.12679409732272107,-0.05288409096633656,0
Netherlands,Latvia,UEFA Euro qualification,2014-11-16,0.5566065027316358,0.5086585128168277,0.04628728923476,0.3168169184513121,0.33360725878742264,1
Iraq,Oman,Gulf Cup,2014-11-17,0.09941654091416541,0.15114706289080848,-0.03542477302204938,0.10568095735082217,-0.3806641869716393,0
Austria,Brazil,Friendly,2014-11-18,-0.12444947644017956,-0.1728511601396221,0.22178988326848248,-0.2644859007646446,-0.5277101162416865,-1
Belarus,Mexico,Friendly,2014-11-18,-0.3607324267853913,-0.2558959047819003,-0.13578145265888453,-0.27013118527225743,-0.3568202595027106,1
Chile,Uruguay,Friendly,2014-11-18,-0.15704140815190382,-0.21155086051061378,0.2611057068741894,-0.09033758513678425,-0.15428039052892434,-1
Estonia,Jordan,Friendly,2014-11-18,-0.36316181096733957,0.06932850370111865,-0.030723086900129593,-0.10568095735082217,0.059246408681443874,1
France,Sweden,Friendly,2014-11-18,0.27118557572308744,0.1717662770623778,0.2529182879377432,0.31432255696176714,0.5346844121034386,1
Iran,South Korea,Friendly,2014-11-18,0.0074481103871200105,-0.1744958400132237,-0.08949416342412453,0.1157384582294323,-0.06840124122840319,1
Republic of Ireland,United States,Friendly,2014-11-18,-0.15284486694485655,-0.08940606360939007,0.06655317769131008,-0.3205525467623649,-0.12947930277641334,1
Japan,Australia,Friendly,2014-11-18,0.06932209045076365,0.2349778804622189,-0.027237354085603016,0.08099907800498851,0.44797041013040034,1
Panama,Canada,Friendly,2014-11-18,-0.03151733472721907,-0.18183754799283935,0.14785992217898836,0.28229970161574947,-0.021248371283602463,0
Peru,Paraguay,Friendly,2014-11-18,-0.09999530501198373,-0.2020930786659929,0.09768158236057067,0.5826824832453713,0.3971539549895872,1
Poland,Switzerland,Friendly,2014-11-18,-0.10546441736885837,-0.08508731918725632,0.16772049286640733,0.20812178054829622,0.14181187688508062,0
Portugal,Argentina,Friendly,2014-11-18,-0.11635145773219246,0.02189181642157445,0.027237354085603238,-0.3207251525404148,-0.30508398984180707,1
Scotland,England,Friendly,2014-11-18,-0.20963954595508127,-0.27332934634765804,-0.38521400778210124,-0.07805287593006915,-0.1566272691282059,-1
Slovenia,Colombia,Friendly,2014-11-18,-0.2025269061349333,-0.09720217229714745,0.18328469520103763,-0.20276256748556465,-0.21100797451433678,-1
Spain,Germany,Friendly,2014-11-18,0.16371204199306466,0.05808124912585999,0.12062256809338501,0.11152442022184683,0.01915640695009846,-1
Thailand,New Zealand,Friendly,2014-11-18,-0.030702937482300463,-0.1306992697827023,-0.0034857328145263544,0.2894055133678012,0.30421594125189383,1
Nigeria,South Africa,African Cup of Nations qualification,2014-11-19,0.11045296456440301,0.21455636441616166,0.03153372243839181,0.09532794883734286,0.10633102558212842,0
Tunisia,Egypt,African Cup of Nations qualification,2014-11-19,-0.041375532327621256,-0.08799607851302937,0.10894941634241251,0.16981786896819429,0.24489908955873985,1
United Arab Emirates,Iraq,Gulf Cup,2014-11-20,-0.0737008924276199,0.10062819419744562,0.03542477302204938,-0.10568095735082217,0.3806641869716393,1
Oman,Qatar,Gulf Cup,2014-11-23,0.0062779010911449,-0.14510210779123245,0.3505998702983139,-0.14094039069622344,0.198852276628324,-1
Saudi Arabia,United Arab Emirates,Gulf Cup,2014-11-23,0.01754799258494555,-0.04248893376945517,-0.16382944228274976,-0.17198043230101145,-0.09043492748667853,1
Saudi Arabia,Qatar,Gulf Cup,2014-11-26,0.049541542162635954,0.06418421552756648,0.18677042801556415,-0.3129208229972349,0.10841734914164547,-1
South Africa,Ivory Coast,Friendly,2014-11-30,-0.09057765438787135,-0.24117936049878175,-0.05836575875486372,0.02425969556226404,-0.06227813372098778,1
Uzbekistan,Jordan,Friendly,2014-12-21,0.06287125671386318,-0.01278063511448968,-0.015564202334630295,-0.04039299065532331,-0.24762099944119825,1
Uzbekistan,Iraq,Friendly,2014-12-25,0.06200404611096588,-0.106657317058934,0.05058365758754868,-0.04039299065532331,0.07379677884899716,1
Qatar,Estonia,Friendly,2014-12-27,0.25833457956492656,0.018503223143749636,-0.3505998702983139,0.14094039069622344,-0.198852276628324,1
Uzbekistan,Iraq,Friendly,2014-12-28,0.06200404611096588,-0.106657317058934,0.05058365758754868,-0.04039299065532331,0.07379677884899716,0
United Arab Emirates,Jordan,Friendly,2014-12-30,-0.07283368182472261,0.19450487614188994,-0.030723086900129593,-0.10568095735082217,0.059246408681443874,1
Qatar,Oman,Friendly,2014-12-31,-0.0062779010911449,0.14510210779123245,-0.3505998702983139,0.14094039069622344,-0.198852276628324,0
Iran,Iraq,Friendly,2015-01-04,0.09160150076789408,0.07943512510340778,0.05058365758754857,0.04988556864464222,0.4053293904485456,1
South Korea,Saudi Arabia,Friendly,2015-01-04,0.14030629022344843,0.19579170468864104,0.2684824902723735,0.21180850006704355,0.18350137219198803,1
South Korea,Oman,AFC Asian Cup,2015-01-10,0.18356993129493948,0.40507802800743997,0.10465304798962372,0.039828067766032094,0.0930664447053095,1
Nigeria,Ivory Coast,Friendly,2015-01-11,0.019875310176531658,-0.026622996082620087,-0.026832036316471908,0.1195876443996069,0.04405289186114064,-1
Tunisia,Algeria,Friendly,2015-01-11,-0.09884397157800029,-0.16395508640012713,-0.18287937743190663,0.20406685097677546,0.27006113734206705,0
United Arab Emirates,Qatar,AFC Asian Cup,2015-01-11,0.031993549577690406,0.10667314929702165,0.3505998702983139,-0.14094039069622344,0.198852276628324,1
Jordan,Iraq,AFC Asian Cup,2015-01-12,-0.0008672106028972948,-0.09387668194444432,0.06614785992217898,0.0,0.3214177782901954,-1
Australia,Oman,AFC Asian Cup,2015-01-13,0.19702220920226177,0.271006969486312,0.2019293125810634,0.04298648455556853,-0.2572871708793568,1
Qatar,Iran,AFC Asian Cup,2015-01-15,-0.1972959427732044,-0.08548008020298381,-0.3657587548638131,-0.01462613529924095,-0.22351748010523032,-1
Sweden,Ivory Coast,Friendly,2015-01-15,-0.06865084806575128,0.04016451394506815,-0.12840466926070027,0.07914004572321054,-0.009783523120570514,1
Canada,Iceland,Friendly,2015-01-16,0.2664750731372769,0.05725913420406803,-0.047097924773022104,-0.3349093208565356,-0.2038338995815443,-1
Iraq,Japan,AFC Asian Cup,2015-01-16,-0.16692775873886,-0.3548377870577224,-0.21011673151750976,-0.01830460520973487,-0.5713474262226828,-1
Australia,South Korea,AFC Asian Cup,2015-01-17,0.013452277907322285,-0.134071058521128,0.09727626459143968,0.0031584167895364335,-0.3503536155846663,-1
Tunisia,Cape Verde,African Cup of Nations,2015-01-18,0.08166345353896998,0.0585754913576233,0.12840466926070027,-0.11958764439960679,0.6983591479682261,0
Uzbekistan,Saudi Arabia,AFC Asian Cup,2015-01-18,0.11815694595364024,-0.16479657748692444,0.17898832684824906,0.2372683989965103,-0.2164324806359636,1
Algeria,South Africa,African Cup of Nations,2015-01-19,0.1531983368164258,0.21856689046555822,0.17509727626459148,-0.2283265465390395,0.10587752137119999,1
Canada,Iceland,Friendly,2015-01-19,0.2664750731372769,0.05725913420406803,-0.047097924773022104,-0.3349093208565356,-0.2038338995815443,0
Finland,Sweden,Friendly,2015-01-19,-0.18130307132185397,-0.26721553071523196,0.10157263294422836,0.04044759867639636,0.053836414981711156,1
Ghana,Senegal,African Cup of Nations,2015-01-19,-0.2561148586548454,-0.10879670855555279,-0.3229571984435796,-0.19788300700735406,-0.09586211980464598,-1
Iran,United Arab Emirates,AFC Asian Cup,2015-01-19,0.16530239319551399,-0.021193069094037842,0.015158884565499187,0.1555665259954644,0.024665203476906317,1
Japan,Jordan,AFC Asian Cup,2015-01-20,0.1677949693417573,0.4487144690021667,0.14396887159533078,0.01830460520973487,0.2499296479324874,1
Cape Verde,DR Congo,African Cup of Nations,2015-01-22,-0.0692187947639813,-0.038576781054417975,-0.19455252918287935,0.0,-0.1319232771004979,0
South Korea,Uzbekistan,AFC Asian Cup,2015-01-22,0.02214934426980819,0.3605882821755655,0.08949416342412442,-0.025459898929466762,0.39993385282795163,1
Ghana,Algeria,African Cup of Nations,2015-01-23,-0.22293256727016697,-0.014832485923366612,-0.2684824902723736,0.09894150350753173,-0.1986280714692502,1
Iran,Iraq,AFC Asian Cup,2015-01-23,0.09160150076789408,0.07943512510340778,0.05058365758754857,0.04988556864464222,0.4053293904485456,0
Japan,United Arab Emirates,AFC Asian Cup,2015-01-23,0.2406286511664799,0.2542095928602768,0.17469195849546038,0.12398556256055704,0.19068323925104352,0
South Africa,Senegal,African Cup of Nations,2015-01-23,-0.18638062820110424,-0.3125311130977444,-0.22957198443579752,-0.06849796397584629,-0.0031115697065957626,0
DR Congo,Tunisia,African Cup of Nations,2015-01-26,-0.012444658774988682,-0.019998710303205325,0.06614785992217909,0.11958764439960679,-0.5664358708677282,0
South Korea,Iraq,AFC Asian Cup,2015-01-26,0.08415339038077407,0.2539309651166315,0.1400778210116731,-0.06585288958479008,0.4737306316769488,1
Australia,United Arab Emirates,AFC Asian Cup,2015-01-27,0.17130656071571626,0.019231712398057876,0.2019293125810634,0.04298648455556853,-0.2572871708793568,1
Senegal,Algeria,African Cup of Nations,2015-01-27,0.03318229138467843,0.09396422263218618,0.05447470817120603,0.2968245105148858,-0.10276595166460423,-1
South Africa,Ghana,African Cup of Nations,2015-01-27,0.06973423045374116,-0.2037344045421916,0.0933852140077821,0.12938504303150777,0.09275055009805022,-1
Chile,United States,Friendly,2015-01-28,-0.12419017832704449,-0.19450237133767168,0.06655317769131008,-0.3205525467623649,-0.12947930277641334,1
Iraq,United Arab Emirates,AFC Asian Cup,2015-01-30,0.0737008924276199,-0.10062819419744562,-0.03542477302204938,0.10568095735082217,-0.3806641869716393,-1
Australia,South Korea,AFC Asian Cup,2015-01-31,0.013452277907322285,-0.134071058521128,0.09727626459143968,0.0031584167895364335,-0.3503536155846663,1
Ivory Coast,Algeria,African Cup of Nations,2015-02-01,-0.06262068242855445,0.02261247003322353,-0.11673151750972777,0.20406685097677546,-0.04359938765021221,1
DR Congo,Ivory Coast,African Cup of Nations,2015-02-04,-0.04866794792443452,-0.20656626673655598,2.220446049250313e-16,0.11958764439960679,-0.2527753458754489,-1
Ivory Coast,Ghana,African Cup of Nations,2015-02-08,0.16031188484161252,0.03744495595659014,0.15175097276264582,0.10512534746924374,0.155028683819038,0
United States,Panama,Friendly,2015-02-08,0.027721416070656257,0.3274696044636811,-0.16731517509727634,0.373162166003151,0.3545615736415601,1
Denmark,United States,Friendly,2015-03-25,-0.0063910093528551926,-0.002528397280277428,0.06655317769131008,-0.3205525467623649,-0.12947930277641334,1
Germany,Australia,Friendly,2015-03-25,0.03920546758600163,0.3909350232153166,-0.14396887159533067,0.15639417797054112,0.7457931619113389,0
Scotland,Northern Ireland,Friendly,2015-03-25,0.1650192705015927,0.10604902412898332,-0.06655317769131008,-0.06798065561734568,-0.12157549315605182,1
Chile,Iran,Friendly,2015-03-26,-0.1687363146529126,0.12124572142806089,-0.015158884565499187,-0.1555665259954644,-0.024665203476906317,-1
France,Brazil,Friendly,2015-03-26,0.08346849680686619,0.05183153260354745,0.3424124513618677,0.07559206041758504,0.12348128048284246,-1
Qatar,Algeria,Friendly,2015-03-26,-0.1895743863206112,-0.34540075190927144,-0.4941634241245136,0.4645948860726058,-0.19839877241739556,1
Canada,Guatemala,Friendly,2015-03-27,0.16179237352172704,0.4175406302880771,-0.047097924773022104,-0.3349093208565356,-0.2038338995815443,1
England,Lithuania,UEFA Euro qualification,2015-03-27,0.6155905591721409,0.6017002357932162,0.31866083009079116,0.010072220312723479,0.03505177597215409,1
Japan,Tunisia,Kirin Challenge Cup,2015-03-27,0.18189178600155942,0.17943707664815411,0.21400778210116733,0.24357320696016393,-0.07892439388009509,1
South Korea,Uzbekistan,Friendly,2015-03-27,0.02214934426980819,0.3605882821755655,0.08949416342412442,-0.025459898929466762,0.39993385282795163,0
Moldova,Sweden,UEFA Euro qualification,2015-03-27,-0.3708071191835467,-0.43810021065228355,0.10157263294422836,0.04044759867639636,0.053836414981711156,-1
Spain,Ukraine,UEFA Euro qualification,2015-03-27,0.33935243229257894,0.21612532366682746,0.17858300907911773,0.3109050827479565,0.5076623979820805,1
Switzerland,Estonia,UEFA Euro qualification,2015-03-27,0.41507449041389655,0.399340614535332,-0.16772049286640733,-0.20812178054829622,-0.14181187688508062,1
Argentina,El Salvador,Friendly,2015-03-28,0.48708113864708413,0.5868951024407667,0.0034857328145263544,0.4173175167546287,0.5712484851629125,1
Belgium,Cyprus,UEFA Euro qualification,2015-03-28,0.42322598395982247,0.42027609050214787,-0.08211738002594038,0.3744116380973521,0.4685673134214497,1
Croatia,Norway,UEFA Euro qualification,2015-03-28,0.05808880584008125,-0.09613967282758606,-0.14785992217898802,-0.3967886230099744,0.2303026519919703,1
Czech Republic,Latvia,UEFA Euro qualification,2015-03-28,0.3603067973229477,0.30265190847456,-0.058771076523994825,-0.13685303135083382,-0.2552704005231975,0
Ghana,Senegal,Friendly,2015-03-28,-0.2561148586548454,-0.10879670855555279,-0.3229571984435796,-0.19788300700735406,-0.09586211980464598,-1
Iraq,DR Congo,Friendly,2015-03-28,0.02740868603768809,-0.15540200010636296,-0.06225680933852151,0.10568095735082228,-0.08383594923504972,1
Morocco,Uruguay,Friendly,2015-03-28,0.1080680606460489,0.007807435045702249,0.5019455252918288,-0.27300043801509766,-0.07775156872988054,-1
Brazil,Chile,Friendly,2015-03-29,0.21746030662223492,0.32138667871534876,-0.1910667963683529,0.19828289786778575,0.35736671663888503,1
France,Denmark,Friendly,2015-03-29,0.18312963445491182,0.18124423726150196,0.15134565499351482,0.2738749582853708,0.4808479971217275,1
Georgia,Germany,UEFA Euro qualification,2015-03-29,-0.2771870125582747,-0.19735472387973818,-0.05796044098573272,-0.19938066252610964,-0.48850599103198206,-1
Portugal,Serbia,UEFA Euro qualification,2015-03-29,0.17443920521850464,0.14886274192072113,0.030723086900129593,0.09659236421421391,0.2661644953211055,1
Scotland,Gibraltar,UEFA Euro qualification,2015-03-29,0.5440568903446867,0.6932098717815847,-0.06655317769131008,-0.06798065561734568,-0.12157549315605182,1
South Africa,Nigeria,Friendly,2015-03-29,-0.11045296456440301,-0.21455636441616166,-0.03153372243839181,-0.09532794883734286,-0.10633102558212842,0
North Macedonia,Australia,Friendly,2015-03-30,-0.27679336079453987,-0.021777577664378267,-0.2019293125810634,-0.04298648455556853,0.2572871708793568,0
Oman,Algeria,Friendly,2015-03-30,-0.1832964852294663,-0.4905028597005039,-0.14356355382619967,0.32365449537638236,0.00045350421092843485,-1
Qatar,Slovenia,Friendly,2015-03-30,-0.036302729390963906,-0.2805089023754661,-0.3505998702983139,0.14094039069622344,-0.198852276628324,1
Saudi Arabia,Jordan,Friendly,2015-03-30,-0.05528568923977706,0.15201594237243476,-0.19455252918287935,-0.2776613896518336,-0.031188518805234655,1
Argentina,Ecuador,Friendly,2015-03-31,0.17259655415020014,0.08924127779794278,0.07782101167315147,0.8787877171470875,0.792021906621355,1
Iraq,DR Congo,Friendly,2015-03-31,0.02740868603768809,-0.15540200010636296,-0.06225680933852151,0.10568095735082228,-0.08383594923504972,1
Israel,Belgium,UEFA Euro qualification,2015-03-31,-0.20071954173707884,-0.22212976542028073,0.08211738002594038,-0.3744116380973521,-0.4685673134214497,-1
Italy,England,Friendly,2015-03-31,-0.08229574255126981,-0.09048717070171497,-0.31866083009079116,-0.010072220312723479,-0.03505177597215409,0
Japan,Uzbekistan,Friendly,2015-03-31,0.10492371262789413,0.4614951041166564,0.15953307392996108,0.05869759586505818,0.49755064737368565,1
South Korea,New Zealand,Friendly,2015-03-31,0.1668222380347335,0.23552747789016681,0.10116731517509736,0.3292335811338333,0.39728238595720333,1
Netherlands,Spain,Friendly,2015-03-31,-0.16427074151740095,-0.06663561866614298,-0.13229571984435773,0.005911835703355628,-0.17405513919465787,1
Panama,Costa Rica,Friendly,2015-03-31,0.053243815871936384,-0.03375257365804263,0.10076199740596625,-0.05260961924078611,-0.22508227086514676,1
Portugal,Cape Verde,Friendly,2015-03-31,0.2501018465312972,0.3922219999122576,0.19844357976653682,0.09659236421421402,0.6949160101581929,-1
Slovakia,Czech Republic,Friendly,2015-03-31,-0.06088948931618687,-0.03323729613001225,0.058771076523994825,0.13685303135083382,0.2552704005231975,1
Sweden,Iran,Friendly,2015-03-31,-0.13899308694689894,0.3226976556845793,-0.11673151750972754,-0.19601412467186075,-0.07850161845861747,1
Switzerland,United States,Friendly,2015-03-31,0.003990104401633721,-0.02039078157713403,-0.10116731517509725,-0.5286743273106611,-0.27129117966149396,0
United States,Mexico,Friendly,2015-04-15,-0.046632610480131786,0.16888970911385703,-0.2023346303501946,0.05042136149010745,-0.22734095672629728,1
Jordan,Lebanon,Friendly,2015-05-30,0.2345815347334106,0.04978902924040618,0.030723086900129593,0.10568095735082217,-0.059246408681443874,0
Mexico,Guatemala,Friendly,2015-05-30,0.204629065345296,0.3942829776450618,0.13578145265888453,0.27013118527225743,0.3568202595027106,1
Northern Ireland,Qatar,Friendly,2015-05-31,-0.10354130304738751,0.22402444914422226,0.3505998702983139,-0.14094039069622344,0.198852276628324,0
Panama,Ecuador,Friendly,2015-06-03,-0.07789532094025042,-0.3302005113392261,0.17509727626459137,0.4088605811516727,-0.004308849406704285,0
Peru,Mexico,Friendly,2015-06-03,-0.20074122171840303,-0.1747775743253257,-0.13578145265888453,-0.27013118527225743,-0.3568202595027106,0
Netherlands,United States,Friendly,2015-06-05,0.08919707190773574,0.10705734240139675,0.11284046692607008,-0.0037356283110527855,0.2041279560110093,-1
Scotland,Qatar,Friendly,2015-06-05,0.061477967454205196,0.3300734732732056,0.2840466926070038,-0.20892104631356911,0.07727678347227218,1
Argentina,Bolivia,Friendly,2015-06-06,0.4182435381367626,0.48736922079947265,0.0034857328145263544,0.4173175167546287,0.5712484851629125,1
Colombia,Costa Rica,Friendly,2015-06-06,0.16704506102115357,0.27019993250953567,-0.18328469520103763,0.20276256748556465,0.21100797451433678,1
Ecuador,Panama,Friendly,2015-06-06,0.07789532094025042,0.3302005113392261,-0.17509727626459137,-0.4088605811516727,0.004308849406704285,1
Paraguay,Honduras,Friendly,2015-06-06,0.0804179943222274,0.27841399674205825,-0.09768158236057067,-0.5826824832453713,-0.3971539549895872,0
Uruguay,Guatemala,Friendly,2015-06-06,0.19084768469002356,0.580221175931861,-0.2611057068741894,0.09033758513678425,0.15428039052892434,1
Brazil,Mexico,Friendly,2015-06-07,0.04663751781505865,0.2957740164915341,-0.3268482490272374,-0.07184828740447169,0.0005464571361744053,1
Croatia,Gibraltar,Friendly,2015-06-07,0.6877901668933688,0.7187658939917423,0.15134565499351482,-0.12679409732272107,0.05288409096633656,1
France,Belgium,Friendly,2015-06-07,0.19045254290999258,0.14824867067478698,0.2334630350194552,-0.10053667981198133,0.012280683700277795,-1
Republic of Ireland,England,Friendly,2015-06-07,-0.27121257390680675,-0.2915807102615373,-0.31866083009079116,-0.010072220312723479,-0.03505177597215409,0
Norway,Sweden,Friendly,2015-06-08,0.08881958233650056,0.043591432423386145,0.4007782101167312,0.3104421243636497,-0.12358214604392259,0
Brazil,Honduras,Friendly,2015-06-10,0.22780142884370536,0.5468725088929252,-0.1910667963683529,0.19828289786778575,0.35736671663888503,1
Germany,United States,Friendly,2015-06-10,0.08975577143207203,0.11561171194167974,0.1245136186770428,-0.12117188423625525,0.3590266882555687,-1
Chile,Ecuador,Copa América,2015-06-11,-0.17436408319663865,-0.19723327821321668,0.07433527885862512,0.4614702003924588,0.22077342145844248,1
Japan,Iraq,Kirin Challenge Cup,2015-06-11,0.16692775873886,0.3548377870577224,0.21011673151750976,0.01830460520973487,0.5713474262226828,1
South Korea,United Arab Emirates,Friendly,2015-06-11,0.15785428280839398,0.15330277091918587,0.10465304798962372,0.039828067766032094,0.0930664447053095,1
Spain,Costa Rica,Friendly,2015-06-11,0.33443304536772933,0.4674099918731782,0.17858300907911773,0.3109050827479565,0.5076623979820805,1
Tajikistan,Jordan,FIFA World Cup qualification,2015-06-11,-0.2223785150662554,-0.02464937538328993,-0.030723086900129593,-0.10568095735082217,0.059246408681443874,-1
Uzbekistan,Iran,Friendly,2015-06-11,-0.0295974546569282,-0.18609244216234178,1.1102230246251565e-16,-0.09027855929996553,-0.33153261159954844,-1
Croatia,Italy,UEFA Euro qualification,2015-06-12,0.016389473144870603,-0.15728615343578545,0.15134565499351482,-0.12679409732272107,0.05288409096633656,0
Iceland,Czech Republic,UEFA Euro qualification,2015-06-12,-0.1555765209797617,-0.10394192873403885,0.058771076523994825,0.13685303135083382,0.2552704005231975,1
Latvia,Netherlands,UEFA Euro qualification,2015-06-12,-0.5566065027316358,-0.5086585128168277,-0.04628728923476,-0.3168169184513121,-0.33360725878742264,-1
Mexico,Bolivia,Copa América,2015-06-12,0.2421056895971001,0.22650732701212783,0.13578145265888453,0.27013118527225743,0.3568202595027106,0
Morocco,Libya,African Cup of Nations qualification,2015-06-12,0.3790437259737418,0.47444567024199413,0.24083981841763946,-0.1826628528783134,0.0765288217990438,1
Norway,Azerbaijan,UEFA Euro qualification,2015-06-12,0.3909219337709846,0.4340030137555577,0.29920557717250285,0.26999452568725335,-0.17741856102563375,0
Wales,Belgium,UEFA Euro qualification,2015-06-12,-0.10740130310740192,-0.10152657834803236,0.08211738002594038,-0.3744116380973521,-0.4685673134214497,1
Albania,France,Friendly,2015-06-13,-0.3729956465886177,-0.36967779824165925,-0.15134565499351482,-0.2738749582853708,-0.4808479971217275,1
Argentina,Paraguay,Copa América,2015-06-13,0.2768837652460818,0.2335463894466776,0.10116731517509703,1.0,0.9684024401524998,0
Armenia,Portugal,UEFA Euro qualification,2015-06-13,-0.5116152234766307,-0.4092622873996965,-0.030723086900129593,-0.09659236421421391,-0.2661644953211055,-1
Gibraltar,Germany,UEFA Euro qualification,2015-06-13,-0.7250845007698898,-0.8799762834187752,-0.05796044098573272,-0.19938066252610964,-0.48850599103198206,-1
Republic of Ireland,Scotland,UEFA Euro qualification,2015-06-13,-0.06157302795172548,-0.01825136391387927,0.06655317769131008,0.06798065561734568,0.12157549315605182,0
Uruguay,Jamaica,Copa América,2015-06-13,0.16044111545756423,0.28412413479493637,-0.2611057068741894,0.09033758513678425,0.15428039052892434,1
Belarus,Spain,UEFA Euro qualification,2015-06-14,-0.5675676297303962,-0.598478574963297,-0.17858300907911773,-0.3109050827479565,-0.5076623979820805,-1
Brazil,Peru,Copa América,2015-06-14,0.24737873953346168,0.4705515908168598,-0.1910667963683529,0.19828289786778575,0.35736671663888503,1
Colombia,Venezuela,Copa América,2015-06-14,0.16731923040722552,0.19228209478300196,-0.18328469520103763,0.20276256748556465,0.21100797451433678,-1
Lithuania,Switzerland,UEFA Euro qualification,2015-06-14,-0.5012129566118244,-0.3791348075639349,0.16772049286640733,0.20812178054829622,0.14181187688508062,-1
Russia,Austria,UEFA Euro qualification,2015-06-14,0.0013497737847072422,0.008247145892219976,-0.030723086900129593,0.06620300289685888,0.17034339960280148,-1
Slovenia,England,UEFA Euro qualification,2015-06-14,-0.23481478401832256,-0.3228939172453975,-0.31866083009079116,-0.010072220312723479,-0.03505177597215409,-1
Sweden,Montenegro,UEFA Euro qualification,2015-06-14,0.23276647844192921,0.25097659142141415,-0.10157263294422836,-0.04044759867639636,-0.053836414981711156,1
Chile,Mexico,Copa América,2015-06-15,-0.17082278880717627,-0.025612662223814642,-0.13578145265888453,-0.27013118527225743,-0.3568202595027106,0
Ecuador,Bolivia,Copa América,2015-06-15,0.24564698398656248,0.39812794300152987,-0.07433527885862512,-0.4614702003924588,-0.22077342145844248,-1
Argentina,Uruguay,Copa América,2015-06-16,0.18991922919493498,0.07492369550054567,0.26459143968871573,0.32697993161784444,0.4169680946339882,1
Myanmar,South Korea,FIFA World Cup qualification,2015-06-16,-0.48315685697794564,-0.49369968300685363,-0.10465304798962372,-0.039828067766032094,-0.0930664447053095,-1
Italy,Portugal,Friendly,2015-06-16,-0.07034703687692145,-0.0021765251446299594,-0.030723086900129593,-0.09659236421421391,-0.2661644953211055,-1
Japan,Singapore,FIFA World Cup qualification,2015-06-16,0.4448174328722849,0.5666566906064587,0.17469195849546038,0.12398556256055704,0.19068323925104352,0
Kyrgyzstan,Australia,FIFA World Cup qualification,2015-06-16,-0.3230104254948645,-0.2770776951200262,-0.2019293125810634,-0.04298648455556853,0.2572871708793568,-1
Paraguay,Jamaica,Copa América,2015-06-16,0.07347657940641739,0.12550144084880444,-0.09768158236057067,-0.5826824832453713,-0.3971539549895872,1
Brazil,Colombia,Copa América,2015-06-17,0.007190299216629503,0.1504014056737799,-0.0077821011673152585,-0.004479669617778903,0.14635874212454825,-1
Mexico,Ecuador,Copa América,2015-06-19,-0.0035412943894623794,-0.17162061598940204,0.21011673151750965,0.7316013856647162,0.577593680961153,-1
Argentina,Jamaica,Copa América,2015-06-20,0.3503603446524992,0.35904783029548204,0.0034857328145263544,0.4173175167546287,0.5712484851629125,1
Uruguay,Paraguay,Copa América,2015-06-20,0.08696453605114685,0.15862269394613193,-0.1634241245136187,0.6730200683821556,0.5514343455185116,0
Brazil,Venezuela,Copa América,2015-06-21,0.17450952962385502,0.34268350045678186,-0.1910667963683529,0.19828289786778575,0.35736671663888503,1
Colombia,Peru,Copa América,2015-06-21,0.24018844031683217,0.3201501851430799,-0.18328469520103763,0.20276256748556465,0.21100797451433678,0
Chile,Uruguay,Copa América,2015-06-24,-0.15704140815190382,-0.21155086051061378,0.2611057068741894,-0.09033758513678425,-0.15428039052892434,1
Argentina,Colombia,Copa América,2015-06-26,0.13669062994123338,0.1154892829695906,0.18677042801556398,0.21455494926906404,0.36024051064857576,0
Brazil,Paraguay,Copa América,2015-06-27,0.14738343452147795,0.2684585121508669,-0.09338521400778221,0.780965381113157,0.7545206716284723,0
Mexico,Costa Rica,Friendly,2015-06-27,0.12759784242272443,0.12482732169178146,0.13578145265888453,0.27013118527225743,0.3568202595027106,0
Argentina,Paraguay,Copa América,2015-06-30,0.2768837652460818,0.2335463894466776,0.10116731517509703,1.0,0.9684024401524998,1
Honduras,Mexico,Friendly,2015-07-01,-0.1811639110286467,-0.25109849240139104,-0.13578145265888453,-0.27013118527225743,-0.3568202595027106,0
Peru,Paraguay,Copa América,2015-07-03,-0.09999530501198373,-0.2020930786659929,0.09768158236057067,0.5826824832453713,0.3971539549895872,1
Chile,Argentina,Copa América,2015-07-04,-0.3469606373468388,-0.28647455601115945,-0.0034857328145263544,-0.4173175167546287,-0.5712484851629125,0
Panama,Haiti,Gold Cup,2015-07-07,0.10939505530523141,0.005259313058383341,0.18677042801556432,0.15755315152606686,0.12428584592437725,0
United States,Honduras,Gold Cup,2015-07-07,0.13453130054851492,0.41998820151524807,-0.06655317769131008,0.3205525467623649,0.12947930277641334,1
El Salvador,Canada,Gold Cup,2015-07-08,-0.26810659828385264,-0.34929086129643716,0.047097924773022104,0.3349093208565356,0.2038338995815443,0
Honduras,Panama,Gold Cup,2015-07-10,-0.10680988447785866,-0.09251859705156695,-0.10076199740596625,0.05260961924078611,0.22508227086514676,0
United States,Haiti,Gold Cup,2015-07-10,0.13711647137588767,0.33272891752206446,0.01945525291828798,0.5307153175292179,0.47884741956593735,1
Jamaica,Canada,Gold Cup,2015-07-11,-0.13138580428926772,-0.1214435891511525,0.047097924773022104,0.3349093208565356,0.2038338995815443,1
Guatemala,Mexico,Gold Cup,2015-07-12,-0.204629065345296,-0.3942829776450618,-0.13578145265888453,-0.27013118527225743,-0.3568202595027106,0
Honduras,Haiti,Gold Cup,2015-07-13,0.0025851708273727514,-0.08725928399318361,0.08600843060959806,0.21016277076685297,0.349368116789524,-1
United States,Panama,Gold Cup,2015-07-13,0.027721416070656257,0.3274696044636811,-0.16731517509727634,0.373162166003151,0.3545615736415601,0
Canada,Costa Rica,Gold Cup,2015-07-14,0.08476115059915545,0.14808497433479673,-0.047097924773022104,-0.3349093208565356,-0.2038338995815443,0
Haiti,Jamaica,Gold Cup,2015-07-18,-0.00952658574318277,-0.0656532719000702,-0.08600843060959806,-0.21016277076685297,-0.349368116789524,-1
Mexico,Costa Rica,Gold Cup,2015-07-19,0.12759784242272443,0.12482732169178146,0.13578145265888453,0.27013118527225743,0.3568202595027106,1
Panama,Mexico,Gold Cup,2015-07-22,-0.07435402655078804,-0.15857989534982408,-0.035019455252918275,-0.32274080451304354,-0.5819025303678573,-1
United States,Jamaica,Gold Cup,2015-07-22,0.1275898856327049,0.26707564562199426,-0.06655317769131008,0.3205525467623649,0.12947930277641334,-1
United States,Panama,Gold Cup,2015-07-25,0.027721416070656257,0.3274696044636811,-0.16731517509727634,0.373162166003151,0.3545615736415601,0
Jamaica,Mexico,Gold Cup,2015-07-26,-0.1742224961128367,-0.09818593650813723,-0.13578145265888453,-0.27013118527225743,-0.3568202595027106,-1
Japan,South Korea,EAFF Championship,2015-08-05,0.08277436835808594,0.10090682194109091,0.07003891050583666,0.08415749479452495,0.09761679454573402,0
Lebanon,Iraq,Friendly,2015-08-26,-0.23544874533630789,-0.1436657111848505,0.03542477302204938,-0.10568095735082217,0.3806641869716393,-1
Qatar,Singapore,Friendly,2015-08-28,0.1721952321281146,0.2057739484491603,-0.3505998702983139,0.14094039069622344,-0.198852276628324,1
Australia,Bangladesh,FIFA World Cup qualification,2015-09-03,0.4950284264631333,0.22635955735413082,0.2019293125810634,0.04298648455556853,-0.2572871708793568,1
Azerbaijan,Croatia,UEFA Euro qualification,2015-09-03,-0.44901073961106586,-0.33786334092797166,-0.15134565499351482,0.12679409732272107,-0.05288409096633656,0
Bulgaria,Norway,UEFA Euro qualification,2015-09-03,-0.28940506153344714,-0.33160808603060943,-0.29920557717250285,-0.26999452568725335,0.17741856102563375,-1
Czech Republic,Kazakhstan,UEFA Euro qualification,2015-09-03,0.22590333868678858,0.30798595023166886,-0.058771076523994825,-0.13685303135083382,-0.2552704005231975,1
Japan,Cambodia,FIFA World Cup qualification,2015-09-03,0.6076373303198919,0.6321936360938099,0.17469195849546038,0.12398556256055704,0.19068323925104352,1
Jordan,Kyrgyzstan,FIFA World Cup qualification,2015-09-03,0.22453754660387082,0.06334110658007841,0.030723086900129593,0.10568095735082217,-0.059246408681443874,0
South Korea,Laos,FIFA World Cup qualification,2015-09-03,0.5822181517539575,0.5879305589525727,0.10465304798962372,0.039828067766032094,0.0930664447053095,1
Netherlands,Iceland,UEFA Euro qualification,2015-09-03,0.35187622638844984,0.30994853307630654,0.04628728923476,0.3168169184513121,0.33360725878742264,-1
Georgia,Scotland,UEFA Euro qualification,2015-09-04,-0.09615940213307161,-0.010588312242547637,0.06655317769131008,0.06798065561734568,0.12157549315605182,1
Germany,Poland,UEFA Euro qualification,2015-09-04,0.19123008439929667,0.2210898127060701,0.05796044098573272,0.19938066252610964,0.48850599103198206,1
Portugal,France,Friendly,2015-09-04,-0.07031962381445478,-0.0648518388861623,-0.12062256809338523,-0.17728259407115687,-0.214683501800622,-1
United States,Peru,Friendly,2015-09-04,0.15410861123827124,0.34366728343918274,-0.06655317769131008,0.3205525467623649,0.12947930277641334,1
Argentina,Bolivia,Friendly,2015-09-05,0.4182435381367626,0.48736922079947265,0.0034857328145263544,0.4173175167546287,0.5712484851629125,1
Austria,Moldova,UEFA Euro qualification,2015-09-05,0.4340747216595884,0.3851837949714918,0.030723086900129593,-0.06620300289685888,-0.17034339960280148,1
Chile,Paraguay,Friendly,2015-09-05,-0.07007687210075697,-0.05292816656448185,0.09768158236057067,0.5826824832453713,0.3971539549895872,1
Costa Rica,Brazil,Friendly,2015-09-05,-0.17423536023778308,-0.4206013381833156,0.1910667963683529,-0.19828289786778575,-0.35736671663888503,-1
Russia,Sweden,UEFA Euro qualification,2015-09-05,0.06461737626074893,-0.044669269788571775,0.10157263294422836,0.04044759867639636,0.053836414981711156,1
San Marino,England,UEFA Euro qualification,2015-09-05,-0.8648998935368133,-0.9999999999999998,-0.31866083009079116,-0.010072220312723479,-0.03505177597215409,-1
Spain,Slovakia,UEFA Euro qualification,2015-09-05,0.42145993624227596,0.30587951913842293,0.17858300907911773,0.3109050827479565,0.5076623979820805,1
Switzerland,Slovenia,UEFA Euro qualification,2015-09-05,0.12043718145800608,0.10032848901611624,-0.16772049286640733,-0.20812178054829622,-0.14181187688508062,1
Cyprus,Belgium,UEFA Euro qualification,2015-09-06,-0.42322598395982247,-0.42027609050214787,0.08211738002594038,-0.3744116380973521,-0.4685673134214497,-1
Latvia,Czech Republic,UEFA Euro qualification,2015-09-06,-0.3603067973229477,-0.30265190847456,0.058771076523994825,0.13685303135083382,0.2552704005231975,-1
Libya,Cape Verde,African Cup of Nations qualification,2015-09-06,-0.09444159025913823,-0.17123174720615442,0.16772049286640722,1.1102230246251565e-16,0.42875151483708746,-1
Norway,Croatia,UEFA Euro qualification,2015-09-06,-0.05808880584008125,0.09613967282758606,0.14785992217898802,0.3967886230099744,-0.2303026519919703,1
Albania,Portugal,UEFA Euro qualification,2015-09-07,-0.30267602277416294,-0.30482595935549694,-0.030723086900129593,-0.09659236421421391,-0.2661644953211055,-1
Myanmar,New Zealand,Friendly,2015-09-07,-0.31633461894321213,-0.2581722051166868,-0.0034857328145263544,0.2894055133678012,0.30421594125189383,0
France,Serbia,Friendly,2015-09-07,0.24475882903295942,0.21371458080688344,0.15134565499351482,0.2738749582853708,0.4808479971217275,1
Scotland,Germany,UEFA Euro qualification,2015-09-07,-0.1810276104252031,-0.18676641163719054,-0.1245136186770428,-0.2673613181434553,-0.6100814841880339,-1
United States,Brazil,Friendly,2015-09-08,-0.09327012829519044,-0.12688430737767709,0.1245136186770428,0.12226964889457914,-0.2278874138624717,-1
Bangladesh,Jordan,FIFA World Cup qualification,2015-09-08,-0.3965555475721396,-0.012622968814183011,-0.030723086900129593,-0.10568095735082217,0.059246408681443874,-1
Ecuador,Honduras,Friendly,2015-09-08,0.1847052054181091,0.4227191083907931,-0.07433527885862512,-0.4614702003924588,-0.22077342145844248,1
England,Switzerland,UEFA Euro qualification,2015-09-08,0.11437760256031648,0.22256542822928127,0.4863813229571985,0.2181940008610197,0.1768636528572347,1
Hong Kong,Qatar,FIFA World Cup qualification,2015-09-08,-0.16317136882431904,-0.2057739484491603,0.3505998702983139,-0.14094039069622344,0.198852276628324,-1
India,Iran,FIFA World Cup qualification,2015-09-08,-0.41506926252549636,-0.27809689946965754,-0.015158884565499187,-0.1555665259954644,-0.024665203476906317,-1
Lebanon,South Korea,FIFA World Cup qualification,2015-09-08,-0.31960213571708196,-0.397596676301482,-0.10465304798962372,-0.039828067766032094,-0.0930664447053095,-1
North Macedonia,Spain,UEFA Euro qualification,2015-09-08,-0.47971087037360616,-0.47079385000555485,-0.17858300907911773,-0.3109050827479565,-0.5076623979820805,-1
Malaysia,Saudi Arabia,FIFA World Cup qualification,2015-09-08,-0.07595583712461584,-0.1879888478712206,0.16382944228274976,0.17198043230101145,0.09043492748667853,-1
Mexico,Argentina,Friendly,2015-09-08,-0.17613784853966252,-0.2608618937873448,0.13229571984435817,-0.14718633148237126,-0.21442822566020192,0
Philippines,Uzbekistan,FIFA World Cup qualification,2015-09-08,-0.33703780387217996,-0.04274255281596373,-0.015158884565499298,-0.06528796669549886,0.3068674081226421,-1
South Africa,Senegal,Friendly,2015-09-08,-0.18638062820110424,-0.3125311130977444,-0.22957198443579752,-0.06849796397584629,-0.0031115697065957626,1
Sweden,Austria,UEFA Euro qualification,2015-09-08,-0.06326760247604168,0.05291641568079175,-0.13229571984435795,0.02575540422046252,0.11650698462109033,-1
Tajikistan,Australia,FIFA World Cup qualification,2015-09-08,-0.32085139395724904,-0.23838596392323774,-0.2019293125810634,-0.04298648455556853,0.2572871708793568,-1
Thailand,Iraq,FIFA World Cup qualification,2015-09-08,-0.1133717851362599,-0.11229578255623762,0.03542477302204938,-0.10568095735082217,0.3806641869716393,0
Venezuela,Panama,Friendly,2015-09-08,-0.05351798525800833,0.11167041138457634,-0.10076199740596625,0.05260961924078611,0.22508227086514676,0
Colombia,Peru,Friendly,2015-09-08,0.24018844031683217,0.3201501851430799,-0.18328469520103763,0.20276256748556465,0.21100797451433678,0
Jordan,Iraq,Friendly,2015-10-03,-0.0008672106028972948,-0.09387668194444432,0.06614785992217898,0.0,0.3214177782901954,1
Argentina,Ecuador,FIFA World Cup qualification,2015-10-08,0.17259655415020014,0.08924127779794278,0.07782101167315147,0.8787877171470875,0.792021906621355,-1
Bolivia,Uruguay,FIFA World Cup qualification,2015-10-08,-0.22832430894182765,-0.412445525298927,0.2611057068741894,-0.09033758513678425,-0.15428039052892434,-1
Chile,Brazil,FIFA World Cup qualification,2015-10-08,-0.21746030662223492,-0.32138667871534876,0.1910667963683529,-0.19828289786778575,-0.35736671663888503,1
Colombia,Peru,FIFA World Cup qualification,2015-10-08,0.24018844031683217,0.3201501851430799,-0.18328469520103763,0.20276256748556465,0.21100797451433678,1
France,Armenia,Friendly,2015-10-08,0.5819348472910855,0.4741141262858588,0.15134565499351482,0.2738749582853708,0.4808479971217275,1
Republic of Ireland,Germany,UEFA Euro qualification,2015-10-08,-0.24260063837692858,-0.20501777555106981,-0.05796044098573272,-0.19938066252610964,-0.48850599103198206,1
Jordan,Australia,FIFA World Cup qualification,2015-10-08,-0.09847287889099365,-0.2137365885399478,-0.1712062256809338,0.06269447279525364,0.19804076219791295,1
Nigeria,DR Congo,Friendly,2015-10-08,0.06854325810096618,0.1799432706539359,-0.02683203631647213,1.1102230246251565e-16,0.29682823773658956,-1
Oman,Iran,FIFA World Cup qualification,2015-10-08,-0.1910180416820595,-0.23058218799421626,-0.015158884565499187,-0.1555665259954644,-0.024665203476906317,0
Portugal,Denmark,UEFA Euro qualification,2015-10-08,0.11281001064045704,0.11639239837533966,0.030723086900129593,0.09659236421421391,0.2661644953211055,1
Saudi Arabia,United Arab Emirates,FIFA World Cup qualification,2015-10-08,0.01754799258494555,-0.04248893376945517,-0.16382944228274976,-0.17198043230101145,-0.09043492748667853,1
Scotland,Poland,UEFA Euro qualification,2015-10-08,0.010202473974093573,0.034323401068879544,-0.06655317769131008,-0.06798065561734568,-0.12157549315605182,0
Venezuela,Paraguay,FIFA World Cup qualification,2015-10-08,-0.027126095102377068,-0.07422498830591495,0.09768158236057067,0.5826824832453713,0.3971539549895872,-1
Vietnam,Iraq,FIFA World Cup qualification,2015-10-08,-0.12528670762880023,-0.14512896214177484,0.03542477302204938,-0.10568095735082217,0.3806641869716393,0
England,Estonia,UEFA Euro qualification,2015-10-09,0.529452092974213,0.6219060427646133,0.31866083009079116,0.010072220312723479,0.03505177597215409,1
Montenegro,Austria,UEFA Euro qualification,2015-10-09,-0.2960340809179709,-0.1980601757406224,-0.030723086900129593,0.06620300289685888,0.17034339960280148,-1
Morocco,Ivory Coast,Friendly,2015-10-09,0.16671539302618776,0.05807087524486576,0.21400778210116755,-0.06307520847870651,0.12058171366018444,-1
Spain,Luxembourg,UEFA Euro qualification,2015-10-09,0.649073982686351,0.4924277071087717,0.17858300907911773,0.3109050827479565,0.5076623979820805,1
Switzerland,San Marino,UEFA Euro qualification,2015-10-09,0.7505222909764968,0.7774345717707185,-0.16772049286640733,-0.20812178054829622,-0.14181187688508062,1
Andorra,Belgium,UEFA Euro qualification,2015-10-10,-0.6090469132677048,-0.6505266940919978,0.08211738002594038,-0.3744116380973521,-0.4685673134214497,-1
Croatia,Bulgaria,UEFA Euro qualification,2015-10-10,0.3474938673735284,0.23546841320302336,0.15134565499351482,-0.12679409732272107,0.05288409096633656,1
Kazakhstan,Netherlands,UEFA Euro qualification,2015-10-10,-0.4222030440954767,-0.5139925545739366,-0.04628728923476,-0.3168169184513121,-0.33360725878742264,-1
Norway,Malta,UEFA Euro qualification,2015-10-10,0.44521334559042725,0.48030204328838044,0.29920557717250285,0.26999452568725335,-0.17741856102563375,1
United States,Mexico,Friendly,2015-10-10,-0.046632610480131786,0.16888970911385703,-0.2023346303501946,0.05042136149010745,-0.22734095672629728,-1
Denmark,France,Friendly,2015-10-11,-0.18312963445491182,-0.18124423726150196,-0.15134565499351482,-0.2738749582853708,-0.4808479971217275,-1
Germany,Georgia,UEFA Euro qualification,2015-10-11,0.2771870125582747,0.19735472387973818,0.05796044098573272,0.19938066252610964,0.48850599103198206,1
Gibraltar,Scotland,UEFA Euro qualification,2015-10-11,-0.5440568903446867,-0.6932098717815847,0.06655317769131008,0.06798065561734568,0.12157549315605182,-1
Serbia,Portugal,UEFA Euro qualification,2015-10-11,-0.17443920521850464,-0.14886274192072113,-0.030723086900129593,-0.09659236421421391,-0.2661644953211055,-1
Estonia,Switzerland,UEFA Euro qualification,2015-10-12,-0.41507449041389655,-0.399340614535332,0.16772049286640733,0.20812178054829622,0.14181187688508062,-1
Lithuania,England,UEFA Euro qualification,2015-10-12,-0.6155905591721409,-0.6017002357932162,-0.31866083009079116,-0.010072220312723479,-0.03505177597215409,-1
Sweden,Moldova,UEFA Euro qualification,2015-10-12,0.3708071191835467,0.43810021065228355,-0.10157263294422836,-0.04044759867639636,-0.053836414981711156,1
Ukraine,Spain,UEFA Euro qualification,2015-10-12,-0.33935243229257894,-0.21612532366682746,-0.17858300907911773,-0.3109050827479565,-0.5076623979820805,-1
Algeria,Senegal,Friendly,2015-10-13,-0.03318229138467843,-0.09396422263218618,-0.05447470817120603,-0.2968245105148858,0.10276595166460423,1
Belgium,Israel,UEFA Euro qualification,2015-10-13,0.20071954173707884,0.22212976542028073,-0.08211738002594038,0.3744116380973521,0.4685673134214497,1
Brazil,Venezuela,FIFA World Cup qualification,2015-10-13,0.17450952962385502,0.34268350045678186,-0.1910667963683529,0.19828289786778575,0.35736671663888503,1
Ecuador,Bolivia,FIFA World Cup qualification,2015-10-13,0.24564698398656248,0.39812794300152987,-0.07433527885862512,-0.4614702003924588,-0.22077342145844248,1
Iran,Japan,Friendly,2015-10-13,-0.07532625797096593,-0.2754026619543146,-0.1595330739299612,0.03158096343490735,-0.1660180357741372,0
Italy,Norway,UEFA Euro qualification,2015-10-13,0.041699332695210645,0.06114648060819938,-0.29920557717250285,-0.26999452568725335,0.17741856102563375,1
Jordan,Tajikistan,FIFA World Cup qualification,2015-10-13,0.2223785150662554,0.02464937538328993,0.030723086900129593,0.10568095735082217,-0.059246408681443874,1
South Korea,Jamaica,Friendly,2015-10-13,0.16468791157145302,0.1258233928694854,0.10465304798962372,0.039828067766032094,0.0930664447053095,1
Malta,Croatia,UEFA Euro qualification,2015-10-13,-0.5033021514305085,-0.3841623704607944,-0.15134565499351482,0.12679409732272107,-0.05288409096633656,-1
Netherlands,Czech Republic,UEFA Euro qualification,2015-10-13,0.19629970540868813,0.2060066043422677,0.10505836575875482,0.4536699498021459,0.5888776593106202,-1
Paraguay,Argentina,FIFA World Cup qualification,2015-10-13,-0.2768837652460818,-0.2335463894466776,-0.10116731517509703,-1.0,-0.9684024401524998,0
Uruguay,Colombia,FIFA World Cup qualification,2015-10-13,-0.0532285992537016,0.04056558746904493,-0.07782101167315175,-0.1124249823487804,-0.056727583985412444,1
Jordan,Malta,Friendly,2015-11-11,0.40291813883003424,-0.05929885186743711,0.030723086900129593,0.10568095735082217,-0.059246408681443874,1
Australia,Kyrgyzstan,FIFA World Cup qualification,2015-11-12,0.3230104254948645,0.2770776951200262,0.2019293125810634,0.04298648455556853,-0.2572871708793568,1
Chile,Colombia,FIFA World Cup qualification,2015-11-12,-0.21027000740560542,-0.17098527304156885,0.18328469520103763,-0.20276256748556465,-0.21100797451433678,0
Ecuador,Uruguay,FIFA World Cup qualification,2015-11-12,0.017322675044734837,-0.014317582297397102,0.18677042801556426,-0.551807785529243,-0.3750538119873668,1
South Korea,Myanmar,FIFA World Cup qualification,2015-11-12,0.48315685697794564,0.49369968300685363,0.10465304798962372,0.039828067766032094,0.0930664447053095,1
Norway,Hungary,UEFA Euro qualification,2015-11-12,0.09860471184613351,0.12621981721723685,0.29920557717250285,0.26999452568725335,-0.17741856102563375,-1
Oman,New Zealand,Friendly,2015-11-12,-0.016747693260205976,-0.16955055011727316,-0.0034857328145263544,0.2894055133678012,0.30421594125189383,-1
Singapore,Japan,FIFA World Cup qualification,2015-11-12,-0.4448174328722849,-0.5666566906064587,-0.17469195849546038,-0.12398556256055704,-0.19068323925104352,-1
Argentina,Brazil,FIFA World Cup qualification,2015-11-13,0.12950033072460387,-0.03491212270418931,0.19455252918287924,0.21903461888684295,0.21388176852402752,0
Belgium,Italy,Friendly,2015-11-13,-0.04978588221861635,-0.08122030664399471,-0.08211738002594038,0.3744116380973521,0.4685673134214497,1
Comoros,Ghana,FIFA World Cup qualification,2015-11-13,-0.11317942144428561,-0.3151056304334863,0.12491893644617391,0.22471299186885063,0.19908157568017865,0
Costa Rica,Haiti,FIFA World Cup qualification,2015-11-13,0.05615123943329503,0.03901188671642597,0.08600843060959806,0.21016277076685297,0.349368116789524,1
Czech Republic,Serbia,Friendly,2015-11-13,-0.03908242957004959,-0.06395052111521204,-0.058771076523994825,-0.13685303135083382,-0.2552704005231975,1
France,Germany,Friendly,2015-11-13,0.0869828536699846,0.0631041280395448,0.0933852140077821,0.07449429575926114,-0.007657993910254568,1
Peru,Paraguay,FIFA World Cup qualification,2015-11-13,-0.09999530501198373,-0.2020930786659929,0.09768158236057067,0.5826824832453713,0.3971539549895872,1
Slovakia,Switzerland,Friendly,2015-11-13,-0.171982227218773,-0.11179577649374917,0.16772049286640733,0.20812178054829622,0.14181187688508062,1
Spain,England,Friendly,2015-11-13,0.1351001064631865,-0.028481685584607508,-0.14007782101167343,0.300832862435233,0.47261062200992643,1
Wales,Netherlands,Friendly,2015-11-13,-0.21031229282307362,-0.17811675144299155,-0.04628728923476,-0.3168169184513121,-0.33360725878742264,-1
Canada,Honduras,FIFA World Cup qualification,2015-11-13,0.13832721920507773,0.2743561450444063,-0.047097924773022104,-0.3349093208565356,-0.2038338995815443,1
Jamaica,Panama,FIFA World Cup qualification,2015-11-13,-0.09986846956204865,0.06039395884168686,-0.10076199740596625,0.05260961924078611,0.22508227086514676,-1
Mexico,El Salvador,FIFA World Cup qualification,2015-11-13,0.3109432901074216,0.3260332086534219,0.13578145265888453,0.27013118527225743,0.3568202595027106,1
Russia,Portugal,Friendly,2015-11-14,-0.13624857564788373,-0.15158370796478726,-0.030723086900129593,-0.09659236421421391,-0.2661644953211055,1
Sweden,Denmark,UEFA Euro qualification,2015-11-14,-0.08805594126817562,0.009477960199124169,-0.10157263294422836,-0.04044759867639636,-0.053836414981711156,1
Hungary,Norway,UEFA Euro qualification,2015-11-15,-0.09860471184613351,-0.12621981721723685,-0.29920557717250285,-0.26999452568725335,0.17741856102563375,1
Austria,Switzerland,Friendly,2015-11-17,-0.03516945254662285,-0.025576071184810978,0.19844357976653693,0.14191877765143734,-0.02853152271772086,-1
Bangladesh,Australia,FIFA World Cup qualification,2015-11-17,-0.4950284264631333,-0.22635955735413082,-0.2019293125810634,-0.04298648455556853,0.2572871708793568,-1
Brazil,Peru,FIFA World Cup qualification,2015-11-17,0.24737873953346168,0.4705515908168598,-0.1910667963683529,0.19828289786778575,0.35736671663888503,1
Cambodia,Japan,FIFA World Cup qualification,2015-11-17,-0.6076373303198919,-0.6321936360938099,-0.17469195849546038,-0.12398556256055704,-0.19068323925104352,-1
Colombia,Argentina,FIFA World Cup qualification,2015-11-17,-0.13669062994123338,-0.1154892829695906,-0.18677042801556398,-0.21455494926906404,-0.36024051064857576,-1
Denmark,Sweden,UEFA Euro qualification,2015-11-17,0.08805594126817562,-0.009477960199124169,0.10157263294422836,0.04044759867639636,0.053836414981711156,0
England,France,Friendly,2015-11-17,-0.05837091814010642,0.023458806670922705,0.16731517509727634,-0.2638027379726473,-0.4457962211495734,1
Ghana,Comoros,FIFA World Cup qualification,2015-11-17,0.11317942144428561,0.3151056304334863,-0.12491893644617391,-0.22471299186885063,-0.19908157568017865,1
Honduras,Mexico,FIFA World Cup qualification,2015-11-17,-0.1811639110286467,-0.25109849240139104,-0.13578145265888453,-0.27013118527225743,-0.3568202595027106,-1
Kyrgyzstan,Jordan,FIFA World Cup qualification,2015-11-17,-0.22453754660387082,-0.06334110658007841,-0.030723086900129593,-0.10568095735082217,0.059246408681443874,1
Laos,South Korea,FIFA World Cup qualification,2015-11-17,-0.5822181517539575,-0.5879305589525727,-0.10465304798962372,-0.039828067766032094,-0.0930664447053095,-1
Luxembourg,Portugal,Friendly,2015-11-17,-0.5020251705488161,-0.4325987471362942,-0.030723086900129593,-0.09659236421421391,-0.2661644953211055,-1
Paraguay,Bolivia,FIFA World Cup qualification,2015-11-17,0.1413597728906808,0.25382283135279504,-0.09768158236057067,-0.5826824832453713,-0.3971539549895872,1
Poland,Czech Republic,Friendly,2015-11-17,0.005628320533727749,-0.006528838823519401,0.058771076523994825,0.13685303135083382,0.2552704005231975,1
Russia,Croatia,Friendly,2015-11-17,-0.08229101191583288,0.007878970615628145,-0.15134565499351482,0.12679409732272107,-0.05288409096633656,-1
Uruguay,Chile,FIFA World Cup qualification,2015-11-17,0.15704140815190382,0.21155086051061378,-0.2611057068741894,0.09033758513678425,0.15428039052892434,1
Venezuela,Ecuador,FIFA World Cup qualification,2015-11-17,-0.13141330619825875,-0.21853009995464978,0.07433527885862512,0.4614702003924588,0.22077342145844248,-1
Haiti,Jamaica,FIFA World Cup qualification,2015-11-17,-0.00952658574318277,-0.0656532719000702,-0.08600843060959806,-0.21016277076685297,-0.349368116789524,-1
Panama,Costa Rica,FIFA World Cup qualification,2015-11-17,0.053243815871936384,-0.03375257365804263,0.10076199740596625,-0.05260961924078611,-0.22508227086514676,-1
Sweden,Estonia,Friendly,2016-01-06,0.316637435391232,0.42668095903131276,-0.10157263294422836,-0.04044759867639636,-0.053836414981711156,0
Sweden,Finland,Friendly,2016-01-10,0.18130307132185397,0.26721553071523196,-0.10157263294422836,-0.04044759867639636,-0.053836414981711156,1
Egypt,Jordan,Friendly,2016-01-27,0.027278715667819142,0.357273470867042,-0.17898832684824906,-0.39508647071862335,0.08395495225384264,-1
Egypt,Libya,Friendly,2016-01-29,0.21748057612572946,0.3178033170768071,-0.14826523994811946,-0.2894055133678012,0.024708543572398767,1
United States,Iceland,Friendly,2016-01-31,0.2626791544807141,0.2028911906749098,-0.06655317769131008,0.3205525467623649,0.12947930277641334,1
Uzbekistan,Lebanon,Friendly,2016-02-14,0.29745279144727377,0.0370083941259165,0.015158884565499298,0.06528796669549886,-0.3068674081226421,1
Croatia,Israel,Friendly,2016-03-23,0.2668948971005658,0.14606391862849,0.15134565499351482,-0.12679409732272107,0.05288409096633656,1
Australia,Tajikistan,FIFA World Cup qualification,2016-03-24,0.32085139395724904,0.23838596392323774,0.2019293125810634,0.04298648455556853,-0.2572871708793568,1
Bolivia,Colombia,FIFA World Cup qualification,2016-03-24,-0.28155290819552925,-0.37187993782988205,0.18328469520103763,-0.20276256748556465,-0.21100797451433678,-1
Chile,Argentina,FIFA World Cup qualification,2016-03-24,-0.3469606373468388,-0.28647455601115945,-0.0034857328145263544,-0.4173175167546287,-0.5712484851629125,-1
Czech Republic,Scotland,Friendly,2016-03-24,-0.015830794507821322,-0.027794562245360144,0.0077821011673152585,-0.06887237573348814,-0.13369490736714568,-1
Ecuador,Paraguay,FIFA World Cup qualification,2016-03-24,0.10428721109588168,0.14430511164873483,0.023346303501945553,0.12121228285291252,0.17638053353114475,0
Estonia,Norway,Friendly,2016-03-24,-0.40545701772773257,-0.4702723914546989,-0.29920557717250285,-0.26999452568725335,0.17741856102563375,0
Iran,India,FIFA World Cup qualification,2016-03-24,0.41506926252549636,0.27809689946965754,0.015158884565499187,0.1555665259954644,0.024665203476906317,1
Iraq,Thailand,FIFA World Cup qualification,2016-03-24,0.1133717851362599,0.11229578255623762,-0.03542477302204938,0.10568095735082217,-0.3806641869716393,0
Italy,Spain,Friendly,2016-03-24,-0.2173958490144563,-0.06200548511710746,-0.17858300907911773,-0.3109050827479565,-0.5076623979820805,0
Jordan,Bangladesh,FIFA World Cup qualification,2016-03-24,0.3965555475721396,0.012622968814183011,0.030723086900129593,0.10568095735082217,-0.059246408681443874,1
South Korea,Lebanon,FIFA World Cup qualification,2016-03-24,0.31960213571708196,0.397596676301482,0.10465304798962372,0.039828067766032094,0.0930664447053095,1
Qatar,Hong Kong,FIFA World Cup qualification,2016-03-24,0.16317136882431904,0.2057739484491603,-0.3505998702983139,0.14094039069622344,-0.198852276628324,1
Saudi Arabia,Malaysia,FIFA World Cup qualification,2016-03-24,0.07595583712461584,0.1879888478712206,-0.16382944228274976,-0.17198043230101145,-0.09043492748667853,1
Uzbekistan,Philippines,FIFA World Cup qualification,2016-03-24,0.33703780387217996,0.04274255281596373,0.015158884565499298,0.06528796669549886,-0.3068674081226421,1
Algeria,Ethiopia,African Cup of Nations qualification,2016-03-25,0.38531294496501234,0.5958799073791035,0.14356355382619967,-0.32365449537638236,-0.00045350421092843485,1
Brazil,Uruguay,FIFA World Cup qualification,2016-03-25,0.060418898470331106,0.10983581820473498,0.0700389105058365,0.1079453127310015,0.2030863261099607,0
Canada,Mexico,FIFA World Cup qualification,2016-03-25,-0.04283669182356897,0.02325765264301527,-0.18287937743190663,-0.605040506128793,-0.5606541590842549,-1
Guatemala,United States,FIFA World Cup qualification,2016-03-25,-0.15799645486516423,-0.5631726867589189,0.06655317769131008,-0.3205525467623649,-0.12947930277641334,1
Haiti,Panama,FIFA World Cup qualification,2016-03-25,-0.10939505530523141,-0.005259313058383341,-0.18677042801556432,-0.15755315152606686,-0.12428584592437725,0
Republic of Ireland,Switzerland,Friendly,2016-03-25,-0.15683497134649027,-0.06901528203225604,0.16772049286640733,0.20812178054829622,0.14181187688508062,1
Netherlands,France,Friendly,2016-03-25,-0.08754155319432089,-0.07165849757982778,-0.10505836575875482,0.04294196016594132,-0.14724073833430484,-1
Nigeria,Egypt,African Cup of Nations qualification,2016-03-25,0.014723066998356238,0.0719484818377012,0.14826523994811946,0.2894055133678012,-0.024708543572398767,0
Portugal,Bulgaria,Friendly,2016-03-25,0.40145143110557924,0.39493109178343877,0.030723086900129593,0.09659236421421391,0.2661644953211055,-1
Austria,Albania,Friendly,2016-03-26,0.16507767334157197,0.1449951054984897,0.030723086900129593,-0.06620300289685888,-0.17034339960280148,1
Cape Verde,Morocco,African Cup of Nations qualification,2016-03-26,-0.2846021357146036,-0.3032139230358397,-0.4085603112840467,0.1826628528783133,-0.5052803366361313,-1
Germany,England,Friendly,2016-03-26,-0.028611935529878174,-0.0865629347104675,-0.26070038910505844,0.18930844221338616,0.45345421505982797,-1
Hungary,Croatia,Friendly,2016-03-26,-0.15669351768621476,-0.030080144389650787,-0.15134565499351482,0.12679409732272107,-0.05288409096633656,0
Romania,Spain,Friendly,2016-03-27,-0.44270969071918853,-0.3204147807319302,-0.17858300907911773,-0.3109050827479565,-0.5076623979820805,0
Thailand,South Korea,Friendly,2016-03-27,-0.19752517551703397,-0.3662267476728691,-0.10465304798962372,-0.039828067766032094,-0.0930664447053095,-1
Argentina,Bolivia,FIFA World Cup qualification,2016-03-29,0.4182435381367626,0.48736922079947265,0.0034857328145263544,0.4173175167546287,0.5712484851629125,1
Australia,Jordan,FIFA World Cup qualification,2016-03-29,0.09847287889099365,0.2137365885399478,0.1712062256809338,-0.06269447279525364,-0.19804076219791295,1
Colombia,Ecuador,FIFA World Cup qualification,2016-03-29,0.035905924208966766,-0.026248005171647826,-0.10894941634241251,0.6642327678780234,0.43178139597277926,1
Egypt,Nigeria,African Cup of Nations qualification,2016-03-29,-0.014723066998356238,-0.0719484818377012,-0.14826523994811946,-0.2894055133678012,0.024708543572398767,1
England,Netherlands,Friendly,2016-03-29,0.029170635054214467,0.09511730425075049,0.27237354085603116,-0.3067446981385886,-0.29855548281526856,-1
Ethiopia,Algeria,African Cup of Nations qualification,2016-03-29,-0.38531294496501234,-0.5958799073791035,-0.14356355382619967,0.32365449537638236,0.00045350421092843485,0
France,Russia,Friendly,2016-03-29,0.2065681994623385,0.21643554685094957,0.15134565499351482,0.2738749582853708,0.4808479971217275,1
Germany,Italy,Friendly,2016-03-29,0.05368380702139164,0.003924235991247471,0.05796044098573272,0.19938066252610964,0.48850599103198206,1
Iran,Oman,FIFA World Cup qualification,2016-03-29,0.1910180416820595,0.23058218799421626,0.015158884565499187,0.1555665259954644,0.024665203476906317,1
Iraq,Vietnam,FIFA World Cup qualification,2016-03-29,0.12528670762880023,0.14512896214177484,-0.03542477302204938,0.10568095735082217,-0.3806641869716393,1
Mexico,Canada,FIFA World Cup qualification,2016-03-29,0.04283669182356897,-0.02325765264301527,0.18287937743190663,0.605040506128793,0.5606541590842549,1
Morocco,Cape Verde,African Cup of Nations qualification,2016-03-29,0.2846021357146036,0.3032139230358397,0.4085603112840467,-0.1826628528783133,0.5052803366361313,1
Norway,Finland,Friendly,2016-03-29,0.27012265365835453,0.3108069631386181,0.29920557717250285,0.26999452568725335,-0.17741856102563375,1
Panama,Haiti,FIFA World Cup qualification,2016-03-29,0.10939505530523141,0.005259313058383341,0.18677042801556432,0.15755315152606686,0.12428584592437725,1
Paraguay,Brazil,FIFA World Cup qualification,2016-03-29,-0.14738343452147795,-0.2684585121508669,0.09338521400778221,-0.780965381113157,-0.7545206716284723,0
Portugal,Belgium,Friendly,2016-03-29,0.1201329190955378,0.08339683178862467,0.11284046692606997,-0.2778192738831382,-0.20240281810034422,1
Scotland,Denmark,Friendly,2016-03-29,-0.08488082964027588,-0.06862630241523338,-0.06655317769131008,-0.06798065561734568,-0.12157549315605182,1
Sweden,Czech Republic,Friendly,2016-03-29,0.012655682879921581,0.10589882485971769,-0.04280155642023353,0.09640543267443746,0.20143398554148634,0
United Arab Emirates,Saudi Arabia,FIFA World Cup qualification,2016-03-29,-0.01754799258494555,0.04248893376945517,0.16382944228274976,0.17198043230101145,0.09043492748667853,0
Uruguay,Peru,FIFA World Cup qualification,2016-03-29,0.18695984106313057,0.36071577261212484,-0.2611057068741894,0.09033758513678425,0.15428039052892434,1
United States,Guatemala,FIFA World Cup qualification,2016-03-29,0.15799645486516423,0.5631726867589189,-0.06655317769131008,0.3205525467623649,0.12947930277641334,1
Hungary,Ivory Coast,Friendly,2016-05-20,-0.07843597757538423,-0.04246387084878256,-0.026832036316471908,0.1195876443996069,0.04405289186114064,0
Puerto Rico,United States,Friendly,2016-05-22,-0.2856772072223899,-0.7643645714770955,0.06655317769131008,-0.3205525467623649,-0.12947930277641334,-1
Romania,DR Congo,Friendly,2016-05-25,-0.11477782681433779,0.09305939809838693,-0.02683203631647213,1.1102230246251565e-16,0.29682823773658956,0
Croatia,Moldova,Friendly,2016-05-27,0.5177155073601285,0.38555197024808363,0.15134565499351482,-0.12679409732272107,0.05288409096633656,1
Czech Republic,Malta,Friendly,2016-05-27,0.3437380803740051,0.3308117860052766,-0.058771076523994825,-0.13685303135083382,-0.2552704005231975,1
England,Australia,Friendly,2016-05-27,0.0678174031158798,0.4774979579257841,0.11673151750972777,-0.03291426424284505,0.2923389468515109,1
Republic of Ireland,Netherlands,Friendly,2016-05-27,-0.2420419388525923,-0.19646340601078682,-0.04628728923476,-0.3168169184513121,-0.33360725878742264,0
Mexico,Paraguay,Friendly,2016-05-28,0.1007459167064193,-0.027315504340667207,0.2334630350194552,0.8528136685176287,0.7539742144922978,1
New Zealand,Fiji,Oceania Nations Cup,2016-05-28,0.15149909475993217,0.2918722486445282,0.0034857328145263544,-0.2894055133678012,-0.30421594125189383,1
Switzerland,Belgium,Friendly,2016-05-28,0.01770402220956968,-0.05085795088357159,-0.08560311284046696,-0.5825334186456483,-0.6103791903065303,-1
Albania,Qatar,Friendly,2016-05-29,-0.043507215039224834,0.21026621470828166,0.3505998702983139,-0.14094039069622344,0.198852276628324,1
Germany,Slovakia,Friendly,2016-05-29,0.2577478942492113,0.24779827001256294,0.05796044098573272,0.19938066252610964,0.48850599103198206,-1
Italy,Scotland,Friendly,2016-05-29,0.12734380340381146,0.18284217564594307,0.06655317769131008,0.06798065561734568,0.12157549315605182,1
Portugal,Norway,Friendly,2016-05-29,0.1120463695721321,0.06332300575282934,-0.26848249027237325,-0.17340216147303944,0.4435830563467392,1
Sweden,Slovenia,Friendly,2016-05-30,0.02200012643534155,0.127668833512097,-0.10157263294422836,-0.04044759867639636,-0.053836414981711156,0
Austria,Malta,Friendly,2016-05-31,0.41966136572996837,0.38379419518420255,0.030723086900129593,-0.06620300289685888,-0.17034339960280148,1
Belgium,Finland,Friendly,2016-06-01,0.2620361041349488,0.2907331371028228,-0.08211738002594038,0.3744116380973521,0.4685673134214497,0
Czech Republic,Russia,Friendly,2016-06-01,-0.07727305914067051,-0.061229555071145914,-0.058771076523994825,-0.13685303135083382,-0.2552704005231975,1
Norway,Iceland,Friendly,2016-06-01,0.25705178619618385,0.2534321860171427,0.29920557717250285,0.26999452568725335,-0.17741856102563375,1
Poland,Netherlands,Friendly,2016-06-01,-0.19067138487496038,-0.2125354431657871,-0.04628728923476,-0.3168169184513121,-0.33360725878742264,-1
Spain,South Korea,Friendly,2016-06-01,0.21636978748638858,0.3149452138200486,0.07392996108949401,0.2710770149819244,0.414595953276771,1
England,Portugal,Friendly,2016-06-02,0.011948705674348359,0.08831064555708501,0.28793774319066157,-0.08652014390149043,-0.2311127193489514,1
North Macedonia,Iran,Friendly,2016-06-02,-0.2707891932743376,0.01864720382771745,-0.015158884565499187,-0.1555665259954644,-0.024665203476906317,-1
Azerbaijan,Canada,Friendly,2016-06-03,-0.4003452207120777,-0.23782996194248307,0.047097924773022104,0.3349093208565356,0.2038338995815443,0
Japan,Bulgaria,Kirin Cup,2016-06-03,0.41490482411481144,0.2407216598769586,0.17469195849546038,0.12398556256055704,0.19068323925104352,1
Libya,Morocco,African Cup of Nations qualification,2016-06-03,-0.3790437259737418,-0.47444567024199413,-0.24083981841763946,0.1826628528783134,-0.0765288217990438,0
Switzerland,Moldova,Friendly,2016-06-03,0.46924417420621123,0.4107598661563028,-0.16772049286640733,-0.20812178054829622,-0.14181187688508062,1
United Arab Emirates,Jordan,King's Cup,2016-06-03,-0.07283368182472261,0.19450487614188994,-0.030723086900129593,-0.10568095735082217,0.059246408681443874,-1
United States,Colombia,Copa América,2016-06-03,-0.08607982907856093,0.023517098296102823,0.11673151750972754,0.11778997927680024,-0.08152867173792344,-1
Australia,Greece,Friendly,2016-06-04,0.1387800858166648,-0.2434900574798009,0.2019293125810634,0.04298648455556853,-0.2572871708793568,1
Austria,Netherlands,Friendly,2016-06-04,-0.12037642005272486,-0.15302419516334176,-0.015564202334630406,-0.383019921348171,-0.5039506583902241,-1
Brazil,Ecuador,Copa América,2016-06-04,0.04309622342559627,0.12415340050213208,-0.11673151750972777,0.6597530982602445,0.5781401380973274,0
Costa Rica,Paraguay,Copa América,2016-06-04,-0.026851925716305125,-0.15214282603244866,0.09768158236057067,0.5826824832453713,0.3971539549895872,0
Croatia,San Marino,Friendly,2016-06-04,0.7989936241304141,0.7522266758624994,0.15134565499351482,-0.12679409732272107,0.05288409096633656,1
France,Scotland,Friendly,2016-06-04,0.2680104640951877,0.24987053967673534,0.2178988326848249,0.34185561390271646,0.6024234902777793,1
Germany,Hungary,Friendly,2016-06-04,0.1939878515627358,0.1912905338166837,0.05796044098573272,0.19938066252610964,0.48850599103198206,1
Haiti,Peru,Copa América,2016-06-04,0.01699213986238357,0.010938365917118276,-0.08600843060959806,-0.21016277076685297,-0.349368116789524,-1
Belgium,Norway,Friendly,2016-06-05,-0.008086549523405706,-0.020073826035795328,-0.3813229571984432,0.10441711241009877,0.6459858744470834,1
Czech Republic,South Korea,Friendly,2016-06-05,-0.1442006594397005,0.04230299081163791,-0.16342412451361854,-0.17668109911686591,-0.348336845228507,-1
Mexico,Uruguay,Copa América,2016-06-05,0.013781380655272457,-0.18593819828679914,0.3968871595330739,0.17979360013547319,0.20253986897378629,1
Sweden,Wales,Friendly,2016-06-05,0.026668270294307073,0.07800897196044154,-0.10157263294422836,-0.04044759867639636,-0.053836414981711156,1
Thailand,Jordan,King's Cup,2016-06-05,-0.1125045745333626,-0.018419100611793304,-0.030723086900129593,-0.10568095735082217,0.059246408681443874,1
Argentina,Chile,Copa América,2016-06-06,0.3469606373468388,0.28647455601115945,0.0034857328145263544,0.4173175167546287,0.5712484851629125,1
Panama,Bolivia,Copa América,2016-06-06,0.16775166304631206,0.06792743166230375,0.10076199740596625,-0.05260961924078611,-0.22508227086514676,1
Australia,Greece,Friendly,2016-06-07,0.1387800858166648,-0.2434900574798009,0.2019293125810634,0.04298648455556853,-0.2572871708793568,-1
Canada,Uzbekistan,Friendly,2016-06-07,-0.01115276301237711,0.3562084784572326,-0.0622568093385214,-0.40019728755203443,0.10303350854109783,1
Colombia,Paraguay,Copa América,2016-06-07,0.14019313530484845,0.118057106477087,-0.08560311284046696,0.785445050730936,0.608161929503924,1
Iran,Kyrgyzstan,Friendly,2016-06-07,0.3170062579746622,0.2366529136279305,0.015158884565499187,0.1555665259954644,0.024665203476906317,1
Spain,Georgia,Friendly,2016-06-07,0.4408990545513394,0.25543597300559817,0.17858300907911773,0.3109050827479565,0.5076623979820805,-1
United States,Costa Rica,Copa América,2016-06-07,0.08096523194259264,0.2937170308056385,-0.06655317769131008,0.3205525467623649,0.12947930277641334,1
Brazil,Haiti,Copa América,2016-06-08,0.2303865996710781,0.45961322489974155,-0.10505836575875482,0.4084456686346387,0.706734833428409,1
Ecuador,Peru,Copa América,2016-06-08,0.2042825161078654,0.34639819031472774,-0.07433527885862512,-0.4614702003924588,-0.22077342145844248,0
Portugal,Estonia,Friendly,2016-06-08,0.5175033872998647,0.5335953972075282,0.030723086900129593,0.09659236421421391,0.2661644953211055,1
Mexico,Jamaica,Copa América,2016-06-09,0.1742224961128367,0.09818593650813723,0.13578145265888453,0.27013118527225743,0.3568202595027106,1
Uruguay,Venezuela,Copa América,2016-06-09,0.11409063115352391,0.23284768225204688,-0.2611057068741894,0.09033758513678425,0.15428039052892434,-1
Argentina,Panama,Copa América,2016-06-10,0.25049187509045057,0.4194417891371689,-0.0972762645914399,0.4699271359954148,0.7963307560280593,1
France,Romania,UEFA Euro,2016-06-10,0.36598050239610846,0.325437659645615,0.15134565499351482,0.2738749582853708,0.4808479971217275,1
Albania,Switzerland,UEFA Euro,2016-06-11,-0.20024712588819482,-0.17057117668330068,0.16772049286640733,0.20812178054829622,0.14181187688508062,-1
Colombia,Costa Rica,Copa América,2016-06-11,0.16704506102115357,0.27019993250953567,-0.18328469520103763,0.20276256748556465,0.21100797451433678,-1
England,Russia,UEFA Euro,2016-06-11,0.1481972813222321,0.23989435352187227,0.31866083009079116,0.010072220312723479,0.03505177597215409,0
United States,Paraguay,Copa América,2016-06-11,0.054113306226287516,0.14157420477318983,0.03112840466926059,0.9032350300077362,0.5266332577660006,1
Brazil,Peru,Copa América,2016-06-12,0.24737873953346168,0.4705515908168598,-0.1910667963683529,0.19828289786778575,0.35736671663888503,-1
Ecuador,Haiti,Copa América,2016-06-12,0.18729037624548184,0.33545982439760946,0.011673151750972943,-0.2513074296256058,0.12859469533108153,1
Germany,Ukraine,UEFA Euro,2016-06-12,0.17564039029951428,0.15804407454096747,0.05796044098573272,0.19938066252610964,0.48850599103198206,1
Belgium,Italy,UEFA Euro,2016-06-13,-0.04978588221861635,-0.08122030664399471,-0.08211738002594038,0.3744116380973521,0.4685673134214497,-1
Republic of Ireland,Sweden,UEFA Euro,2016-06-13,-0.05839791632382574,-0.09635562652823682,0.10157263294422836,0.04044759867639636,0.053836414981711156,0
Mexico,Venezuela,Copa América,2016-06-13,0.12787201180879637,0.046909483965247745,0.13578145265888453,0.27013118527225743,0.3568202595027106,0
Spain,Czech Republic,UEFA Euro,2016-06-13,0.3605704469260891,0.2726422230084107,0.23735408560311255,0.4477581140987903,0.7629327985052781,1
Uruguay,Jamaica,Copa América,2016-06-13,0.16044111545756423,0.28412413479493637,-0.2611057068741894,0.09033758513678425,0.15428039052892434,1
Argentina,Bolivia,Copa América,2016-06-14,0.4182435381367626,0.48736922079947265,0.0034857328145263544,0.4173175167546287,0.5712484851629125,1
Austria,Hungary,UEFA Euro,2016-06-14,0.07305273198567463,0.029711969113058956,0.030723086900129593,-0.06620300289685888,-0.17034339960280148,-1
Chile,Panama,Copa América,2016-06-14,-0.09646876225638823,0.13296723312600944,-0.10076199740596625,0.05260961924078611,0.22508227086514676,1
Portugal,Iceland,UEFA Euro,2016-06-14,0.36909815576831595,0.316755191769972,0.030723086900129593,0.09659236421421391,0.2661644953211055,0
France,Albania,UEFA Euro,2016-06-15,0.3729956465886177,0.36967779824165925,0.15134565499351482,0.2738749582853708,0.4808479971217275,1
Romania,Switzerland,UEFA Euro,2016-06-15,-0.19323198169568556,-0.12633103808725643,0.16772049286640733,0.20812178054829622,0.14181187688508062,0
England,Wales,UEFA Euro,2016-06-16,0.2394829278772881,0.27323405569374204,0.31866083009079116,0.010072220312723479,0.03505177597215409,1
Germany,Poland,UEFA Euro,2016-06-16,0.19123008439929667,0.2210898127060701,0.05796044098573272,0.19938066252610964,0.48850599103198206,0
United States,Ecuador,Copa América,2016-06-16,-0.050173904869594166,-0.0027309068755450028,0.007782101167315036,0.7820227471548237,0.3502527242348558,1
Czech Republic,Croatia,UEFA Euro,2016-06-17,-0.1595640710565034,-0.05335058445551777,-0.21011673151750965,-0.010058934028112754,-0.30815449148953405,0
Italy,Sweden,UEFA Euro,2016-06-17,0.1305189150317112,0.10473791303158553,0.10157263294422836,0.04044759867639636,0.053836414981711156,1
Peru,Colombia,Copa América,2016-06-17,-0.24018844031683217,-0.3201501851430799,0.18328469520103763,-0.20276256748556465,-0.21100797451433678,0
Argentina,Venezuela,Copa América,2016-06-18,0.3040098603484589,0.30777137775259256,0.0034857328145263544,0.4173175167546287,0.5712484851629125,1
Belgium,Republic of Ireland,UEFA Euro,2016-06-18,0.1391309491369206,0.11987323291582763,-0.08211738002594038,0.3744116380973521,0.4685673134214497,1
Mexico,Chile,Copa América,2016-06-18,0.17082278880717627,0.025612662223814642,0.13578145265888453,0.27013118527225743,0.3568202595027106,-1
Portugal,Austria,UEFA Euro,2016-06-18,0.13759834943259097,0.15983085385700724,0.0,0.1627953671110728,0.43650789492390696,0
France,Switzerland,UEFA Euro,2016-06-19,0.1727485207004229,0.19910662155835857,0.31906614785992216,0.481996738833667,0.6226598740068081,0
Slovakia,England,UEFA Euro,2016-06-20,-0.28635982977908947,-0.33436120472303044,-0.31866083009079116,-0.010072220312723479,-0.03505177597215409,0
Croatia,Spain,UEFA Euro,2016-06-21,-0.2010063758695857,-0.2192916385528929,-0.027237354085602905,-0.43769918007067754,-0.45477830701574395,1
Northern Ireland,Germany,UEFA Euro,2016-06-21,-0.3460468809267958,-0.29281543576617386,-0.05796044098573272,-0.19938066252610964,-0.48850599103198206,-1
United States,Argentina,Copa América,2016-06-21,-0.2227704590197943,-0.09197218467348778,-0.07003891050583644,-0.0967649699922638,-0.4417691823864992,-1
Colombia,Chile,Copa América,2016-06-22,0.21027000740560542,0.17098527304156885,-0.18328469520103763,0.20276256748556465,0.21100797451433678,-1
Hungary,Portugal,UEFA Euro,2016-06-22,-0.2106510814182656,-0.1895428229700662,-0.030723086900129593,-0.09659236421421391,-0.2661644953211055,0
Iceland,Austria,UEFA Euro,2016-06-22,-0.23149980633572498,-0.15692433791296478,-0.030723086900129593,0.06620300289685888,0.17034339960280148,1
Sweden,Belgium,UEFA Euro,2016-06-22,-0.08073303281309485,-0.023517606387590817,-0.01945525291828798,-0.4148592367737485,-0.5224037284031608,-1
Croatia,Portugal,UEFA Euro,2016-06-25,-0.05395756373205085,-0.1594626785804154,0.12062256809338523,-0.22338646153693498,-0.21328040435476892,-1
Switzerland,Poland,UEFA Euro,2016-06-25,0.10546441736885837,0.08508731918725632,-0.16772049286640733,-0.20812178054829622,-0.14181187688508062,0
United States,Colombia,Copa América,2016-06-25,-0.08607982907856093,0.023517098296102823,0.11673151750972754,0.11778997927680024,-0.08152867173792344,-1
Argentina,Chile,Copa América,2016-06-26,0.3469606373468388,0.28647455601115945,0.0034857328145263544,0.4173175167546287,0.5712484851629125,0
France,Republic of Ireland,UEFA Euro,2016-06-26,0.3295834920469132,0.2681219035906146,0.15134565499351482,0.2738749582853708,0.4808479971217275,1
Germany,Slovakia,UEFA Euro,2016-06-26,0.2577478942492113,0.24779827001256294,0.05796044098573272,0.19938066252610964,0.48850599103198206,1
Hungary,Belgium,UEFA Euro,2016-06-26,-0.0905181623227278,-0.10614599118144152,0.08211738002594038,-0.3744116380973521,-0.4685673134214497,-1
England,Iceland,UEFA Euro,2016-06-27,0.3810468614426643,0.40506583732705703,0.31866083009079116,0.010072220312723479,0.03505177597215409,-1
Italy,Spain,UEFA Euro,2016-06-27,-0.2173958490144563,-0.06200548511710746,-0.17858300907911773,-0.3109050827479565,-0.5076623979820805,1
Poland,Portugal,UEFA Euro,2016-06-30,-0.2078933142548265,-0.21934210185945258,-0.030723086900129593,-0.09659236421421391,-0.2661644953211055,0
Wales,Belgium,UEFA Euro,2016-07-01,-0.10740130310740192,-0.10152657834803236,0.08211738002594038,-0.3744116380973521,-0.4685673134214497,1
Germany,Italy,UEFA Euro,2016-07-02,0.05368380702139164,0.003924235991247471,0.05796044098573272,0.19938066252610964,0.48850599103198206,0
France,Iceland,UEFA Euro,2016-07-03,0.43941777958277073,0.3816070306561343,0.15134565499351482,0.2738749582853708,0.4808479971217275,1
Portugal,Wales,UEFA Euro,2016-07-06,0.22753422220293973,0.18492341013665703,0.030723086900129593,0.09659236421421391,0.2661644953211055,1
France,Germany,UEFA Euro,2016-07-07,0.0869828536699846,0.0631041280395448,0.0933852140077821,0.07449429575926114,-0.007657993910254568,1
France,Portugal,UEFA Euro,2016-07-10,0.07031962381445478,0.0648518388861623,0.12062256809338523,0.17728259407115687,0.214683501800622,-1
Uzbekistan,Iraq,Friendly,2016-07-24,0.06200404611096588,-0.106657317058934,0.05058365758754868,-0.04039299065532331,0.07379677884899716,1
Qatar,Iraq,Friendly,2016-08-08,-0.10569444200531031,-0.006044955099576033,-0.3151750972762645,0.03525943334540127,0.18181191034331529,1
Jordan,Qatar,Friendly,2016-08-18,0.10482723140241301,-0.08783172684486829,0.3813229571984435,-0.03525943334540127,0.13960586794688012,-1
Saudi Arabia,Laos,Friendly,2016-08-24,0.4419118615305091,0.3921388542639317,-0.16382944228274976,-0.17198043230101145,-0.09043492748667853,1
Albania,Morocco,Friendly,2016-08-31,-0.33717631195746933,-0.21581788247907907,-0.24083981841763946,0.1826628528783134,-0.0765288217990438,0
Czech Republic,Armenia,Friendly,2016-08-31,0.29809358868807645,0.19644902436376332,-0.058771076523994825,-0.13685303135083382,-0.2552704005231975,1
Germany,Finland,Friendly,2016-08-31,0.3655057933749568,0.37587767973806496,0.05796044098573272,0.19938066252610964,0.48850599103198206,1
Lebanon,Jordan,Friendly,2016-08-31,-0.2345815347334106,-0.04978902924040618,-0.030723086900129593,-0.10568095735082217,0.059246408681443874,0
Norway,Belarus,Friendly,2016-08-31,0.30847244802072926,0.4753266092379902,0.29920557717250285,0.26999452568725335,-0.17741856102563375,-1
Argentina,Uruguay,FIFA World Cup qualification,2016-09-01,0.18991922919493498,0.07492369550054567,0.26459143968871573,0.32697993161784444,0.4169680946339882,1
Australia,Iraq,FIFA World Cup qualification,2016-09-01,0.09760566828809636,0.1198599065955035,0.23735408560311277,-0.06269447279525364,0.12337701609228247,1
Belgium,Spain,Friendly,2016-09-01,-0.26718173123307265,-0.14322579176110217,-0.2607003891050581,0.06350655534939564,-0.03909508456063082,-1
Colombia,Venezuela,FIFA World Cup qualification,2016-09-01,0.16731923040722552,0.19228209478300196,-0.18328469520103763,0.20276256748556465,0.21100797451433678,1
Ecuador,Brazil,FIFA World Cup qualification,2016-09-01,-0.04309622342559627,-0.12415340050213208,0.11673151750972777,-0.6597530982602445,-0.5781401380973274,-1
Iran,Qatar,FIFA World Cup qualification,2016-09-01,0.1972959427732044,0.08548008020298381,0.3657587548638131,0.01462613529924095,0.22351748010523032,1
Italy,France,Friendly,2016-09-01,-0.14066666069137623,-0.06702836403079226,-0.15134565499351482,-0.2738749582853708,-0.4808479971217275,-1
Japan,United Arab Emirates,FIFA World Cup qualification,2016-09-01,0.2406286511664799,0.2542095928602768,0.17469195849546038,0.12398556256055704,0.19068323925104352,-1
Netherlands,Greece,Friendly,2016-09-01,0.17742685387833013,0.1388905961952327,0.04628728923476,0.3168169184513121,0.33360725878742264,-1
Paraguay,Chile,FIFA World Cup qualification,2016-09-01,0.07007687210075697,0.05292816656448185,-0.09768158236057067,-0.5826824832453713,-0.3971539549895872,1
Portugal,Gibraltar,Friendly,2016-09-01,0.7417477306254197,0.8782285725721577,0.030723086900129593,0.09659236421421391,0.2661644953211055,1
Saudi Arabia,Thailand,FIFA World Cup qualification,2016-09-01,0.05721888529358554,0.17043504298422807,-0.16382944228274976,-0.17198043230101145,-0.09043492748667853,1
El Salvador,Mexico,FIFA World Cup qualification,2016-09-02,-0.3109432901074216,-0.3260332086534219,-0.13578145265888453,-0.27013118527225743,-0.3568202595027106,-1
Haiti,Costa Rica,FIFA World Cup qualification,2016-09-02,-0.05615123943329503,-0.03901188671642597,-0.08600843060959806,-0.21016277076685297,-0.349368116789524,-1
Honduras,Canada,FIFA World Cup qualification,2016-09-02,-0.13832721920507773,-0.2743561450444063,0.047097924773022104,0.3349093208565356,0.2038338995815443,1
Panama,Jamaica,FIFA World Cup qualification,2016-09-02,0.09986846956204865,-0.06039395884168686,0.10076199740596625,-0.05260961924078611,-0.22508227086514676,1
Cape Verde,Libya,African Cup of Nations qualification,2016-09-03,0.09444159025913823,0.17123174720615442,-0.16772049286640722,-1.1102230246251565e-16,-0.42875151483708746,-1
Czech Republic,Northern Ireland,FIFA World Cup qualification,2016-09-04,0.14918847599377139,0.07825446188362317,-0.058771076523994825,-0.13685303135083382,-0.2552704005231975,0
Malta,Scotland,FIFA World Cup qualification,2016-09-04,-0.35956887488182643,-0.35860634825063675,0.06655317769131008,0.06798065561734568,0.12157549315605182,-1
Norway,Germany,FIFA World Cup qualification,2016-09-04,-0.09538313971660228,-0.06507071659944685,0.24124513618677013,0.07061386316114371,-0.6659245520576158,-1
Slovakia,England,FIFA World Cup qualification,2016-09-04,-0.28635982977908947,-0.33436120472303044,-0.31866083009079116,-0.010072220312723479,-0.03505177597215409,-1
Georgia,Austria,FIFA World Cup qualification,2016-09-05,-0.15625189298121356,-0.03577615917611343,-0.030723086900129593,0.06620300289685888,0.17034339960280148,-1
Belarus,France,FIFA World Cup qualification,2016-09-06,-0.49083844140731614,-0.6035014538769818,-0.15134565499351482,-0.2738749582853708,-0.4808479971217275,0
Brazil,Colombia,FIFA World Cup qualification,2016-09-06,0.007190299216629503,0.1504014056737799,-0.0077821011673152585,-0.004479669617778903,0.14635874212454825,1
Canada,El Salvador,FIFA World Cup qualification,2016-09-06,0.26810659828385264,0.34929086129643716,-0.047097924773022104,-0.3349093208565356,-0.2038338995815443,1
Costa Rica,Panama,FIFA World Cup qualification,2016-09-06,-0.053243815871936384,0.03375257365804263,-0.10076199740596625,0.05260961924078611,0.22508227086514676,1
Cyprus,Belgium,FIFA World Cup qualification,2016-09-06,-0.42322598395982247,-0.42027609050214787,0.08211738002594038,-0.3744116380973521,-0.4685673134214497,-1
Iraq,Saudi Arabia,FIFA World Cup qualification,2016-09-06,0.05615289984267435,-0.05813926042799045,0.12840466926070038,0.2776613896518336,-0.29022925948496076,-1
Jamaica,Haiti,FIFA World Cup qualification,2016-09-06,0.00952658574318277,0.0656532719000702,0.08600843060959806,0.21016277076685297,0.349368116789524,-1
Mexico,Honduras,FIFA World Cup qualification,2016-09-06,0.1811639110286467,0.25109849240139104,0.13578145265888453,0.27013118527225743,0.3568202595027106,0
Peru,Ecuador,FIFA World Cup qualification,2016-09-06,-0.2042825161078654,-0.34639819031472774,0.07433527885862512,0.4614702003924588,0.22077342145844248,1
Qatar,Uzbekistan,FIFA World Cup qualification,2016-09-06,-0.1676984881162762,0.10061236195935797,-0.3657587548638132,0.07565242400072458,0.10801513149431813,-1
Russia,Ghana,Friendly,2016-09-06,0.15627841303661016,0.032940200113086515,0.12491893644617391,0.22471299186885063,0.19908157568017865,1
South Africa,Egypt,Friendly,2016-09-06,-0.09572989756604677,-0.14260788257846047,0.11673151750972766,0.19407756453045832,-0.1310395691545272,1
Sweden,Netherlands,FIFA World Cup qualification,2016-09-06,-0.18364402252876655,-0.10010777948255001,-0.14785992217898836,-0.35726451712770846,-0.3874436737691338,0
Switzerland,Portugal,FIFA World Cup qualification,2016-09-06,-0.10242889688596812,-0.13425478267219626,-0.19844357976653693,-0.30471414476251013,-0.4079763722061861,1
Thailand,Japan,FIFA World Cup qualification,2016-09-06,-0.2802995438751199,-0.46713356961396,-0.17469195849546038,-0.12398556256055704,-0.19068323925104352,-1
United Arab Emirates,Australia,FIFA World Cup qualification,2016-09-06,-0.17130656071571626,-0.019231712398057876,-0.2019293125810634,-0.04298648455556853,0.2572871708793568,-1
Uruguay,Paraguay,FIFA World Cup qualification,2016-09-06,0.08696453605114685,0.15862269394613193,-0.1634241245136187,0.6730200683821556,0.5514343455185116,1
Venezuela,Argentina,FIFA World Cup qualification,2016-09-06,-0.3040098603484589,-0.30777137775259256,-0.0034857328145263544,-0.4173175167546287,-0.5712484851629125,0
Qatar,Serbia,Friendly,2016-09-29,-0.08472960251643347,-0.3662294321430575,-0.3505998702983139,0.14094039069622344,-0.198852276628324,1
Austria,Wales,FIFA World Cup qualification,2016-10-06,0.08993587277034876,0.02509255627964979,0.030723086900129593,-0.06620300289685888,-0.17034339960280148,0
Brazil,Bolivia,FIFA World Cup qualification,2016-10-06,0.28874320741215875,0.522281343503662,-0.1910667963683529,0.19828289786778575,0.35736671663888503,1
Ecuador,Chile,FIFA World Cup qualification,2016-10-06,0.17436408319663865,0.19723327821321668,-0.07433527885862512,-0.4614702003924588,-0.22077342145844248,1
Italy,Spain,FIFA World Cup qualification,2016-10-06,-0.2173958490144563,-0.06200548511710746,-0.17858300907911773,-0.3109050827479565,-0.5076623979820805,0
Japan,Iraq,FIFA World Cup qualification,2016-10-06,0.16692775873886,0.3548377870577224,0.21011673151750976,0.01830460520973487,0.5713474262226828,1
South Korea,Qatar,FIFA World Cup qualification,2016-10-06,0.18984783238608438,0.2599759202162075,0.4552529182879376,-0.10111232293019135,0.2919187213336335,1
Kosovo,Croatia,FIFA World Cup qualification,2016-10-06,-0.1855158100103731,-0.07755218259338115,-0.15134565499351482,0.12679409732272107,-0.05288409096633656,-1
Paraguay,Colombia,FIFA World Cup qualification,2016-10-06,-0.14019313530484845,-0.118057106477087,0.08560311284046696,-0.785445050730936,-0.608161929503924,-1
Peru,Argentina,FIFA World Cup qualification,2016-10-06,-0.37687907025806555,-0.4356394681126705,-0.0034857328145263544,-0.4173175167546287,-0.5712484851629125,0
Saudi Arabia,Australia,FIFA World Cup qualification,2016-10-06,-0.1537585681307707,-0.06172064616751305,-0.36575875486381315,-0.21496691685657998,0.1668522433926783,0
Uruguay,Venezuela,FIFA World Cup qualification,2016-10-06,0.11409063115352391,0.23284768225204688,-0.2611057068741894,0.09033758513678425,0.15428039052892434,1
Uzbekistan,Iran,FIFA World Cup qualification,2016-10-06,-0.0295974546569282,-0.18609244216234178,1.1102230246251565e-16,-0.09027855929996553,-0.33153261159954844,-1
France,Bulgaria,FIFA World Cup qualification,2016-10-07,0.471771054920034,0.4597829306696011,0.15134565499351482,0.2738749582853708,0.4808479971217275,1
Ghana,Uganda,FIFA World Cup qualification,2016-10-07,0.05848382126855878,0.4291452856015856,-0.12491893644617391,-0.22471299186885063,-0.19908157568017865,0
Hungary,Switzerland,FIFA World Cup qualification,2016-10-07,-0.10822218453229748,-0.055288040297869934,0.16772049286640733,0.20812178054829622,0.14181187688508062,-1
Luxembourg,Sweden,FIFA World Cup qualification,2016-10-07,-0.30115921864018347,-0.3256843089600787,0.10157263294422836,0.04044759867639636,0.053836414981711156,-1
Netherlands,Belarus,FIFA World Cup qualification,2016-10-07,0.40329688821299525,0.5318429562971541,0.04628728923476,0.3168169184513121,0.33360725878742264,1
Oman,Jordan,Friendly,2016-10-07,-0.09854933031126811,-0.05727038094636416,-0.030723086900129593,-0.10568095735082217,0.059246408681443874,0
Portugal,Andorra,FIFA World Cup qualification,2016-10-07,0.7291798323632426,0.7339235258806225,0.030723086900129593,0.09659236421421391,0.2661644953211055,1
Azerbaijan,Norway,FIFA World Cup qualification,2016-10-08,-0.3909219337709846,-0.4340030137555577,-0.29920557717250285,-0.26999452568725335,0.17741856102563375,1
DR Congo,Libya,FIFA World Cup qualification,2016-10-08,0.16366038502311953,0.2098085282605724,0.02683203631647213,-1.1102230246251565e-16,-0.29682823773658956,1
England,Malta,FIFA World Cup qualification,2016-10-08,0.5692084208369077,0.6319356945982948,0.31866083009079116,0.010072220312723479,0.03505177597215409,1
Germany,Czech Republic,FIFA World Cup qualification,2016-10-08,0.19685840493302442,0.2145609738825507,0.11673151750972754,0.33623369387694346,0.7437763915551796,1
Mexico,New Zealand,Friendly,2016-10-08,0.17635682257611718,0.20789002152881864,0.13229571984435817,0.5595366986400586,0.6610362007546045,1
Scotland,Lithuania,FIFA World Cup qualification,2016-10-08,0.4059510132170596,0.32837088944555815,-0.06655317769131008,-0.06798065561734568,-0.12157549315605182,0
Senegal,Cape Verde,FIFA World Cup qualification,2016-10-08,0.2136897165016487,0.3164948003899366,0.36575875486381293,-0.02682998486149646,0.3255320589615548,1
Albania,Spain,FIFA World Cup qualification,2016-10-09,-0.4497248349116978,-0.36465491932797445,-0.17858300907911773,-0.3109050827479565,-0.5076623979820805,-1
Finland,Croatia,FIFA World Cup qualification,2016-10-09,-0.3282114594984358,-0.21466729031103204,-0.15134565499351482,0.12679409732272107,-0.05288409096633656,-1
Serbia,Austria,FIFA World Cup qualification,2016-10-09,-0.03684085578591367,0.010968111936286107,-0.030723086900129593,0.06620300289685888,0.17034339960280148,1
Andorra,Switzerland,FIFA World Cup qualification,2016-10-10,-0.6267509354772745,-0.5996687432084262,0.16772049286640733,0.20812178054829622,0.14181187688508062,-1
Faroe Islands,Portugal,FIFA World Cup qualification,2016-10-10,-0.5104285882333421,-0.6510599641577319,-0.030723086900129593,-0.09659236421421391,-0.2661644953211055,-1
Gibraltar,Belgium,FIFA World Cup qualification,2016-10-10,-0.6216148115298818,-0.794831740783533,0.08211738002594038,-0.3744116380973521,-0.4685673134214497,-1
Netherlands,France,FIFA World Cup qualification,2016-10-10,-0.08754155319432089,-0.07165849757982778,-0.10505836575875482,0.04294196016594132,-0.14724073833430484,-1
Sweden,Bulgaria,FIFA World Cup qualification,2016-10-10,0.20058547919694658,0.2880166536072233,-0.10157263294422836,-0.04044759867639636,-0.053836414981711156,1
Argentina,Paraguay,FIFA World Cup qualification,2016-10-11,0.2768837652460818,0.2335463894466776,0.10116731517509703,1.0,0.9684024401524998,-1
Australia,Japan,FIFA World Cup qualification,2016-10-11,-0.06932209045076365,-0.2349778804622189,0.027237354085603016,-0.08099907800498851,-0.44797041013040034,0
Bolivia,Ecuador,FIFA World Cup qualification,2016-10-11,-0.24564698398656248,-0.39812794300152987,0.07433527885862512,0.4614702003924588,0.22077342145844248,0
Colombia,Uruguay,FIFA World Cup qualification,2016-10-11,0.0532285992537016,-0.04056558746904493,0.07782101167315175,0.1124249823487804,0.056727583985412444,0
Czech Republic,Azerbaijan,FIFA World Cup qualification,2016-10-11,0.28944666855456247,0.2845127564724539,-0.058771076523994825,-0.13685303135083382,-0.2552704005231975,0
Germany,Northern Ireland,FIFA World Cup qualification,2016-10-11,0.3460468809267958,0.29281543576617386,0.05796044098573272,0.19938066252610964,0.48850599103198206,1
Iran,South Korea,FIFA World Cup qualification,2016-10-11,0.0074481103871200105,-0.1744958400132237,-0.08949416342412453,0.1157384582294323,-0.06840124122840319,1
Iraq,Thailand,FIFA World Cup qualification,2016-10-11,0.1133717851362599,0.11229578255623762,-0.03542477302204938,0.10568095735082217,-0.3806641869716393,1
Mexico,Panama,Friendly,2016-10-11,0.07435402655078804,0.15857989534982408,0.035019455252918275,0.32274080451304354,0.5819025303678573,1
Morocco,Canada,Friendly,2016-10-11,0.13712337181434542,0.17048798068948612,0.28793774319066157,0.15224646797822217,0.2803627213805881,1
Norway,San Marino,FIFA World Cup qualification,2016-10-11,0.7409048182903328,0.8483663486900854,0.29920557717250285,0.26999452568725335,-0.17741856102563375,1
Saudi Arabia,United Arab Emirates,FIFA World Cup qualification,2016-10-11,0.01754799258494555,-0.04248893376945517,-0.16382944228274976,-0.17198043230101145,-0.09043492748667853,1
Slovakia,Scotland,FIFA World Cup qualification,2016-10-11,-0.0767202838240082,-0.061031858375372394,0.06655317769131008,0.06798065561734568,0.12157549315605182,1
Slovenia,England,FIFA World Cup qualification,2016-10-11,-0.23481478401832256,-0.3228939172453975,-0.31866083009079116,-0.010072220312723479,-0.03505177597215409,0
South Africa,Ghana,Friendly,2016-10-11,0.06973423045374116,-0.2037344045421916,0.0933852140077821,0.12938504303150777,0.09275055009805022,0
Venezuela,Brazil,FIFA World Cup qualification,2016-10-11,-0.17450952962385502,-0.34268350045678186,0.1910667963683529,-0.19828289786778575,-0.35736671663888503,-1
Jordan,Iraq,Friendly,2016-11-06,-0.0008672106028972948,-0.09387668194444432,0.06614785992217898,0.0,0.3214177782901954,0
Netherlands,Belgium,Friendly,2016-11-09,0.1029109897156717,0.07659017309495919,0.12840466926070038,-0.057594719646040016,-0.13496005463402705,0
Brazil,Argentina,FIFA World Cup qualification,2016-11-10,-0.12950033072460387,0.03491212270418931,-0.19455252918287924,-0.21903461888684295,-0.21388176852402752,1
Colombia,Chile,FIFA World Cup qualification,2016-11-10,0.21027000740560542,0.17098527304156885,-0.18328469520103763,0.20276256748556465,0.21100797451433678,0
Paraguay,Peru,FIFA World Cup qualification,2016-11-10,0.09999530501198373,0.2020930786659929,-0.09768158236057067,-0.5826824832453713,-0.3971539549895872,-1
Qatar,Russia,Friendly,2016-11-10,-0.12292023208705438,-0.36350846609899135,-0.3505998702983139,0.14094039069622344,-0.198852276628324,1
Uruguay,Ecuador,FIFA World Cup qualification,2016-11-10,-0.017322675044734837,0.014317582297397102,-0.18677042801556426,0.551807785529243,0.3750538119873668,1
Uzbekistan,Jordan,Friendly,2016-11-10,0.06287125671386318,-0.01278063511448968,-0.015564202334630295,-0.04039299065532331,-0.24762099944119825,1
Czech Republic,Norway,FIFA World Cup qualification,2016-11-11,-0.10147526521642214,-0.14949025728310383,-0.35797665369649767,-0.40684755703808717,-0.07785183949756375,1
England,Scotland,FIFA World Cup qualification,2016-11-11,0.20963954595508127,0.27332934634765804,0.38521400778210124,0.07805287593006915,0.1566272691282059,1
France,Sweden,FIFA World Cup qualification,2016-11-11,0.27118557572308744,0.1717662770623778,0.2529182879377432,0.31432255696176714,0.5346844121034386,1
Honduras,Panama,FIFA World Cup qualification,2016-11-11,-0.10680988447785866,-0.09251859705156695,-0.10076199740596625,0.05260961924078611,0.22508227086514676,-1
Japan,Oman,Kirin Challenge Cup,2016-11-11,0.2663442996530254,0.5059848499485309,0.17469195849546038,0.12398556256055704,0.19068323925104352,1
South Korea,Canada,Friendly,2016-11-11,0.0333021072821853,0.004379803718332909,0.15175097276264582,0.37473738862256767,0.2969003442868538,1
Libya,Tunisia,FIFA World Cup qualification,2016-11-11,-0.1761050437981082,-0.22980723856377772,0.03931582360570696,0.1195876443996069,-0.2696076331311386,-1
San Marino,Germany,FIFA World Cup qualification,2016-11-11,-0.8362879580069351,-0.9134370652895323,-0.05796044098573272,-0.19938066252610964,-0.48850599103198206,-1
United States,Mexico,FIFA World Cup qualification,2016-11-11,-0.046632610480131786,0.16888970911385703,-0.2023346303501946,0.05042136149010745,-0.22734095672629728,-1
Austria,Republic of Ireland,FIFA World Cup qualification,2016-11-12,0.12166551879986742,0.043439210847445064,0.030723086900129593,-0.06620300289685888,-0.17034339960280148,-1
Croatia,Iceland,FIFA World Cup qualification,2016-11-12,0.3151405920362651,0.15729251318955662,0.15134565499351482,-0.12679409732272107,0.05288409096633656,1
Morocco,Ivory Coast,FIFA World Cup qualification,2016-11-12,0.16671539302618776,0.05807087524486576,0.21400778210116755,-0.06307520847870651,0.12058171366018444,0
Nigeria,Algeria,FIFA World Cup qualification,2016-11-12,-0.042745372252022795,-0.004010526049396557,-0.14356355382619967,0.32365449537638236,0.00045350421092843485,1
Spain,North Macedonia,FIFA World Cup qualification,2016-11-12,0.47971087037360616,0.47079385000555485,0.17858300907911773,0.3109050827479565,0.5076623979820805,1
Belgium,Estonia,FIFA World Cup qualification,2016-11-13,0.39737046820432687,0.4501985654189036,-0.08211738002594038,0.3744116380973521,0.4685673134214497,1
Egypt,Ghana,FIFA World Cup qualification,2016-11-13,0.16546412801978794,-0.06112652196373114,-0.023346303501945553,-0.06469252149895055,0.2237901192525774,1
Luxembourg,Netherlands,FIFA World Cup qualification,2016-11-13,-0.48480324116895,-0.4257920884426287,-0.04628728923476,-0.3168169184513121,-0.33360725878742264,-1
Portugal,Latvia,FIFA World Cup qualification,2016-11-13,0.5738284321115019,0.5154651715104932,0.030723086900129593,0.09659236421421391,0.2661644953211055,1
Switzerland,Faroe Islands,FIFA World Cup qualification,2016-11-13,0.407999691347374,0.5168051814855357,-0.16772049286640733,-0.20812178054829622,-0.14181187688508062,1
Argentina,Colombia,FIFA World Cup qualification,2016-11-15,0.13669062994123338,0.1154892829695906,0.18677042801556398,0.21455494926906404,0.36024051064857576,1
Austria,Slovakia,Friendly,2016-11-15,0.13681277467215014,0.08621970530893819,0.030723086900129593,-0.06620300289685888,-0.17034339960280148,0
Bolivia,Paraguay,FIFA World Cup qualification,2016-11-15,-0.1413597728906808,-0.25382283135279504,0.09768158236057067,0.5826824832453713,0.3971539549895872,1
Chile,Uruguay,FIFA World Cup qualification,2016-11-15,-0.15704140815190382,-0.21155086051061378,0.2611057068741894,-0.09033758513678425,-0.15428039052892434,1
Costa Rica,United States,FIFA World Cup qualification,2016-11-15,-0.08096523194259264,-0.2937170308056385,0.06655317769131008,-0.3205525467623649,-0.12947930277641334,1
Czech Republic,Denmark,Friendly,2016-11-15,-0.1007116241480972,-0.09642086466059352,-0.058771076523994825,-0.13685303135083382,-0.2552704005231975,0
Ecuador,Venezuela,FIFA World Cup qualification,2016-11-15,0.13141330619825875,0.21853009995464978,-0.07433527885862512,-0.4614702003924588,-0.22077342145844248,1
England,Spain,Friendly,2016-11-15,-0.1351001064631865,0.028481685584607508,0.14007782101167343,-0.300832862435233,-0.47261062200992643,0
France,Ivory Coast,Friendly,2016-11-15,0.20253472765733616,0.21193079100744594,0.12451361867704291,0.3934626026849777,0.5249008889828681,0
Italy,Germany,Friendly,2016-11-15,-0.05368380702139164,-0.003924235991247471,-0.05796044098573272,-0.19938066252610964,-0.48850599103198206,0
Japan,Saudi Arabia,FIFA World Cup qualification,2016-11-15,0.22308065858153436,0.29669852662973195,0.33852140077821014,0.2959659948615685,0.28111816673772205,1
Jordan,Lebanon,Friendly,2016-11-15,0.2345815347334106,0.04978902924040618,0.030723086900129593,0.10568095735082217,-0.059246408681443874,0
South Korea,Uzbekistan,FIFA World Cup qualification,2016-11-15,0.02214934426980819,0.3605882821755655,0.08949416342412442,-0.025459898929466762,0.39993385282795163,1
Northern Ireland,Croatia,Friendly,2016-11-15,-0.3087525470502748,-0.13160504633914094,-0.15134565499351482,0.12679409732272107,-0.05288409096633656,-1
Panama,Mexico,FIFA World Cup qualification,2016-11-15,-0.07435402655078804,-0.15857989534982408,-0.035019455252918275,-0.32274080451304354,-0.5819025303678573,0
Peru,Brazil,FIFA World Cup qualification,2016-11-15,-0.24737873953346168,-0.4705515908168598,0.1910667963683529,-0.19828289786778575,-0.35736671663888503,-1
Thailand,Australia,FIFA World Cup qualification,2016-11-15,-0.21097745342435625,-0.23215568915174112,-0.2019293125810634,-0.04298648455556853,0.2572871708793568,0
United Arab Emirates,Iraq,FIFA World Cup qualification,2016-11-15,-0.0737008924276199,0.10062819419744562,0.03542477302204938,-0.10568095735082217,0.3806641869716393,1
Tunisia,Uganda,Friendly,2017-01-04,0.18257241696072546,0.2800226851248251,-0.03931582360570696,-0.1195876443996069,0.2696076331311386,1
Egypt,Tunisia,Friendly,2017-01-08,0.041375532327621256,0.08799607851302937,-0.10894941634241251,-0.16981786896819429,-0.24489908955873985,1
Ivory Coast,Sweden,Friendly,2017-01-08,0.06865084806575128,-0.04016451394506815,0.12840466926070027,-0.07914004572321054,0.009783523120570514,1
Libya,Senegal,Friendly,2017-01-08,-0.3081313067607869,-0.487726547596091,-0.1980382619974057,0.02682998486149657,0.10321945587553266,-1
Morocco,Finland,Friendly,2017-01-09,0.416669312413793,0.2851218920150296,0.24083981841763946,-0.1826628528783134,0.0765288217990438,-1
Chile,Croatia,Friendly,2017-01-11,-0.17665161588259548,-0.1489036938523185,-0.15134565499351482,0.12679409732272107,-0.05288409096633656,0
Ivory Coast,Uganda,Friendly,2017-01-11,0.2187957061101713,0.46659024155817574,0.026832036316471908,-0.1195876443996069,-0.04405289186114064,1
Cambodia,Saudi Arabia,Friendly,2017-01-14,-0.3845566717383575,-0.3354951094640779,0.16382944228274976,0.17198043230101145,0.09043492748667853,-1
Tunisia,Senegal,African Cup of Nations,2017-01-15,-0.13202626296267872,-0.2579193090323133,-0.23735408560311266,-0.09275765953811033,0.3728270890066713,-1
DR Congo,Morocco,African Cup of Nations,2017-01-16,-0.21538334095062228,-0.26463714198142174,-0.21400778210116733,0.1826628528783133,-0.37335705953563336,1
Ghana,Uganda,African Cup of Nations,2017-01-17,0.05848382126855878,0.4291452856015856,-0.12491893644617391,-0.22471299186885063,-0.19908157568017865,1
Qatar,Moldova,Friendly,2017-01-17,0.31250426335724124,0.02992247476472043,-0.3505998702983139,0.14094039069622344,-0.198852276628324,0
Algeria,Tunisia,African Cup of Nations,2017-01-19,0.09884397157800029,0.16395508640012713,0.18287937743190663,-0.20406685097677546,-0.27006113734206705,-1
Ivory Coast,DR Congo,African Cup of Nations,2017-01-20,0.04866794792443452,0.20656626673655598,-2.220446049250313e-16,-0.11958764439960679,0.2527753458754489,0
Egypt,Uganda,African Cup of Nations,2017-01-21,0.22394794928834671,0.36801876363785446,-0.14826523994811946,-0.2894055133678012,0.024708543572398767,1
Panama,Costa Rica,UNCAF Cup,2017-01-22,0.053243815871936384,-0.03375257365804263,0.10076199740596625,-0.05260961924078611,-0.22508227086514676,1
Senegal,Algeria,African Cup of Nations,2017-01-23,0.03318229138467843,0.09396422263218618,0.05447470817120603,0.2968245105148858,-0.10276595166460423,0
Uzbekistan,Georgia,Friendly,2017-01-23,0.2023799227951426,-0.4200975229900159,0.015158884565499298,0.06528796669549886,-0.3068674081226421,0
Morocco,Ivory Coast,African Cup of Nations,2017-01-24,0.16671539302618776,0.05807087524486576,0.21400778210116755,-0.06307520847870651,0.12058171366018444,1
Egypt,Ghana,African Cup of Nations,2017-01-25,0.16546412801978794,-0.06112652196373114,-0.023346303501945553,-0.06469252149895055,0.2237901192525774,1
Jordan,Georgia,Friendly,2017-01-25,0.13950866608127943,-0.4073168878755262,0.030723086900129593,0.10568095735082217,-0.059246408681443874,1
Brazil,Colombia,Friendly,2017-01-26,0.007190299216629503,0.1504014056737799,-0.0077821011673152585,-0.004479669617778903,0.14635874212454825,1
DR Congo,Ghana,African Cup of Nations,2017-01-29,0.111643936917178,-0.16912131077996584,0.15175097276264604,0.22471299186885052,-0.09774666205641092,-1
Egypt,Morocco,African Cup of Nations,2017-01-29,-0.16156314984801234,-0.15664235316518704,-0.3891050583657589,-0.10674266048948777,-0.051820278226645033,1
United States,Serbia,Friendly,2017-01-29,0.0680202039309028,0.0349987408256589,-0.06655317769131008,0.3205525467623649,0.12947930277641334,0
Mexico,Iceland,Friendly,2017-02-08,0.3093117649608459,0.03400148156105276,0.13578145265888453,0.27013118527225743,0.3568202595027106,1
Ecuador,Honduras,Friendly,2017-02-22,0.1847052054181091,0.4227191083907931,-0.07433527885862512,-0.4614702003924588,-0.22077342145844248,1
Qatar,Azerbaijan,Friendly,2017-03-09,0.2437994956081786,-0.017766154555391545,-0.3505998702983139,0.14094039069622344,-0.198852276628324,-1
Iran,Iraq,Friendly,2017-03-18,0.09160150076789408,0.07943512510340778,0.05058365758754857,0.04988556864464222,0.4053293904485456,-1
Czech Republic,Lithuania,Friendly,2017-03-22,0.3901202187092383,0.300576327200198,-0.058771076523994825,-0.13685303135083382,-0.2552704005231975,1
Germany,England,Friendly,2017-03-22,-0.028611935529878174,-0.0865629347104675,-0.26070038910505844,0.18930844221338616,0.45345421505982797,1
Scotland,Canada,Friendly,2017-03-22,-0.09506775764969388,0.07447735677533096,-0.01945525291828798,0.2669286652391899,0.08225840642549248,0
Argentina,Chile,FIFA World Cup qualification,2017-03-23,0.3469606373468388,0.28647455601115945,0.0034857328145263544,0.4173175167546287,0.5712484851629125,1
Colombia,Bolivia,FIFA World Cup qualification,2017-03-23,0.28155290819552925,0.37187993782988205,-0.18328469520103763,0.20276256748556465,0.21100797451433678,1
Iraq,Australia,FIFA World Cup qualification,2017-03-23,-0.09760566828809636,-0.1198599065955035,-0.23735408560311277,0.06269447279525364,-0.12337701609228247,0
Jordan,Hong Kong,Friendly,2017-03-23,0.26799860022673205,0.11794222160429202,0.030723086900129593,0.10568095735082217,-0.059246408681443874,1
Nigeria,Senegal,Friendly,2017-03-23,-0.07592766363670123,-0.09797474868158274,-0.1980382619974057,0.02682998486149657,0.10321945587553266,0
Paraguay,Ecuador,FIFA World Cup qualification,2017-03-23,-0.10428721109588168,-0.14430511164873483,-0.023346303501945553,-0.12121228285291252,-0.17638053353114475,1
Qatar,Iran,FIFA World Cup qualification,2017-03-23,-0.1972959427732044,-0.08548008020298381,-0.3657587548638131,-0.01462613529924095,-0.22351748010523032,-1
Thailand,Saudi Arabia,FIFA World Cup qualification,2017-03-23,-0.05721888529358554,-0.17043504298422807,0.16382944228274976,0.17198043230101145,0.09043492748667853,-1
United Arab Emirates,Japan,FIFA World Cup qualification,2017-03-23,-0.2406286511664799,-0.2542095928602768,-0.17469195849546038,-0.12398556256055704,-0.19068323925104352,-1
Uruguay,Brazil,FIFA World Cup qualification,2017-03-23,-0.060418898470331106,-0.10983581820473498,-0.0700389105058365,-0.1079453127310015,-0.2030863261099607,-1
Austria,Moldova,FIFA World Cup qualification,2017-03-24,0.4340747216595884,0.3851837949714918,0.030723086900129593,-0.06620300289685888,-0.17034339960280148,1
Croatia,Ukraine,FIFA World Cup qualification,2017-03-24,0.13834605642299325,-0.0031663148860654466,0.15134565499351482,-0.12679409732272107,0.05288409096633656,1
Mexico,Costa Rica,FIFA World Cup qualification,2017-03-24,0.12759784242272443,0.12482732169178146,0.13578145265888453,0.27013118527225743,0.3568202595027106,1
Russia,Ivory Coast,Friendly,2017-03-24,-0.004033471805002353,-0.004504755843503627,-0.026832036316471908,0.1195876443996069,0.04405289186114064,-1
Spain,Israel,FIFA World Cup qualification,2017-03-24,0.4679012729701515,0.3653555571813829,0.17858300907911773,0.3109050827479565,0.5076623979820805,1
United States,Honduras,FIFA World Cup qualification,2017-03-24,0.13453130054851492,0.41998820151524807,-0.06655317769131008,0.3205525467623649,0.12947930277641334,1
Belgium,Greece,FIFA World Cup qualification,2017-03-25,0.07451586416265843,0.062300423100273505,-0.08211738002594038,0.3744116380973521,0.4685673134214497,0
Bulgaria,Netherlands,FIFA World Cup qualification,2017-03-25,-0.38422950172571313,-0.3881244330897733,-0.04628728923476,-0.3168169184513121,-0.33360725878742264,1
Fiji,New Zealand,FIFA World Cup qualification,2017-03-25,-0.15149909475993217,-0.2918722486445282,-0.0034857328145263544,0.2894055133678012,0.30421594125189383,-1
Luxembourg,France,FIFA World Cup qualification,2017-03-25,-0.5723447943632709,-0.4974505860224565,-0.15134565499351482,-0.2738749582853708,-0.4808479971217275,-1
Portugal,Hungary,FIFA World Cup qualification,2017-03-25,0.2106510814182656,0.1895428229700662,0.030723086900129593,0.09659236421421391,0.2661644953211055,1
Sweden,Belarus,FIFA World Cup qualification,2017-03-25,0.2196528656842287,0.43173517681460405,-0.10157263294422836,-0.04044759867639636,-0.053836414981711156,1
Switzerland,Latvia,FIFA World Cup qualification,2017-03-25,0.4713995352255338,0.38121038883829694,-0.16772049286640733,-0.20812178054829622,-0.14181187688508062,1
Azerbaijan,Germany,FIFA World Cup qualification,2017-03-26,-0.4863050734875869,-0.4990737303550046,-0.05796044098573272,-0.19938066252610964,-0.48850599103198206,-1
England,Lithuania,FIFA World Cup qualification,2017-03-26,0.6155905591721409,0.6017002357932162,0.31866083009079116,0.010072220312723479,0.03505177597215409,1
Northern Ireland,Norway,FIFA World Cup qualification,2017-03-26,-0.2506637412101935,-0.227744719166727,-0.29920557717250285,-0.26999452568725335,0.17741856102563375,1
San Marino,Czech Republic,FIFA World Cup qualification,2017-03-26,-0.6394295530739107,-0.6988760914069816,0.058771076523994825,0.13685303135083382,0.2552704005231975,-1
Scotland,Slovenia,FIFA World Cup qualification,2017-03-26,0.02517523806324129,0.04956457089773947,-0.06655317769131008,-0.06798065561734568,-0.12157549315605182,1
Ivory Coast,Senegal,Friendly,2017-03-27,-0.09580297381323288,-0.07135175259896265,-0.1712062256809338,-0.09275765953811033,0.05916656401439202,0
Australia,United Arab Emirates,FIFA World Cup qualification,2017-03-28,0.17130656071571626,0.019231712398057876,0.2019293125810634,0.04298648455556853,-0.2572871708793568,1
Austria,Finland,Friendly,2017-03-28,0.24457067379789565,0.2142991150344402,0.030723086900129593,-0.06620300289685888,-0.17034339960280148,0
Bolivia,Argentina,FIFA World Cup qualification,2017-03-28,-0.4182435381367626,-0.48736922079947265,-0.0034857328145263544,-0.4173175167546287,-0.5712484851629125,1
Brazil,Paraguay,FIFA World Cup qualification,2017-03-28,0.14738343452147795,0.2684585121508669,-0.09338521400778221,0.780965381113157,0.7545206716284723,1
Ecuador,Colombia,FIFA World Cup qualification,2017-03-28,-0.035905924208966766,0.026248005171647826,0.10894941634241251,-0.6642327678780234,-0.43178139597277926,-1
Estonia,Croatia,Friendly,2017-03-28,-0.4635458235678138,-0.37413271862711284,-0.15134565499351482,0.12679409732272107,-0.05288409096633656,1
France,Spain,Friendly,2017-03-28,-0.07672918832308007,0.005022878913684803,-0.027237354085602905,-0.03703012446258569,-0.026814400860353027,-1
Japan,Thailand,FIFA World Cup qualification,2017-03-28,0.2802995438751199,0.46713356961396,0.17469195849546038,0.12398556256055704,0.19068323925104352,1
Jordan,Cambodia,AFC Asian Cup qualification,2017-03-28,0.43984236097813456,0.18347916709164314,0.030723086900129593,0.10568095735082217,-0.059246408681443874,1
Luxembourg,Cape Verde,Friendly,2017-03-28,-0.25192332401751893,-0.04037674722403661,0.16772049286640722,1.1102230246251565e-16,0.42875151483708746,-1
Morocco,Tunisia,Friendly,2017-03-28,0.2029386821756336,0.24463843167821642,0.2801556420233464,-0.06307520847870651,-0.1930788113320948,1
Netherlands,Italy,Friendly,2017-03-28,0.053125107497055346,-0.00463013354903552,0.04628728923476,0.3168169184513121,0.33360725878742264,-1
New Zealand,Fiji,FIFA World Cup qualification,2017-03-28,0.15149909475993217,0.2918722486445282,0.0034857328145263544,-0.2894055133678012,-0.30421594125189383,1
Panama,United States,FIFA World Cup qualification,2017-03-28,-0.027721416070656257,-0.3274696044636811,0.16731517509727634,-0.373162166003151,-0.3545615736415601,0
Peru,Uruguay,FIFA World Cup qualification,2017-03-28,-0.18695984106313057,-0.36071577261212484,0.2611057068741894,-0.09033758513678425,-0.15428039052892434,1
Portugal,Sweden,Friendly,2017-03-28,0.20086595190863266,0.10691443817621549,0.13229571984435795,0.13703996289061027,0.32000091030281663,-1
Russia,Belgium,Friendly,2017-03-28,-0.016115656552345925,-0.06818687617616259,0.08211738002594038,-0.3744116380973521,-0.4685673134214497,0
Saudi Arabia,Iraq,FIFA World Cup qualification,2017-03-28,-0.05615289984267435,0.05813926042799045,-0.12840466926070038,-0.2776613896518336,0.29022925948496076,1
Uzbekistan,Qatar,FIFA World Cup qualification,2017-03-28,0.1676984881162762,-0.10061236195935797,0.3657587548638132,-0.07565242400072458,-0.10801513149431813,1
Egypt,Libya,Friendly,2017-05-13,0.21748057612572946,0.3178033170768071,-0.14826523994811946,-0.2894055133678012,0.024708543572398767,1
Mexico,Croatia,Friendly,2017-05-28,-0.005828827075419207,-0.12329103162850386,-0.015564202334630295,0.3969252825949785,0.30393616853637406,-1
Morocco,Netherlands,Friendly,2017-05-31,0.051722218563172495,-0.0822014181827524,0.19455252918287946,-0.4994797713296255,-0.25707843698837884,-1
Iraq,Jordan,Friendly,2017-06-01,0.0008672106028972948,0.09387668194444432,-0.06614785992217898,0.0,-0.3214177782901954,1
Mexico,Republic of Ireland,Friendly,2017-06-01,0.19947747742498834,-0.07948364550446696,0.13578145265888453,0.27013118527225743,0.3568202595027106,1
Switzerland,Belarus,Friendly,2017-06-01,0.31808992070689324,0.4043948323186233,-0.16772049286640733,-0.20812178054829622,-0.14181187688508062,1
France,Paraguay,Friendly,2017-06-02,0.23085193132834414,0.32029004475441436,0.2490272373540855,0.8565574415307421,0.8780019521113147,1
Northern Ireland,New Zealand,Friendly,2017-06-02,-0.1265668973987384,0.19957600681818155,-0.0034857328145263544,0.2894055133678012,0.30421594125189383,1
Portugal,Cyprus,Friendly,2017-06-03,0.5433589030553603,0.5036729222907725,0.030723086900129593,0.09659236421421391,0.2661644953211055,1
United States,Venezuela,Friendly,2017-06-03,0.08123940132866458,0.21579919307910478,-0.06655317769131008,0.3205525467623649,0.12947930277641334,0
Republic of Ireland,Uruguay,Friendly,2017-06-04,-0.18569609676971588,-0.10645455278233218,0.2611057068741894,-0.09033758513678425,-0.15428039052892434,1
Montenegro,Iran,Friendly,2017-06-04,-0.37175956538882815,0.07172106426316516,-0.015158884565499187,-0.1555665259954644,-0.024665203476906317,-1
Netherlands,Ivory Coast,Friendly,2017-06-04,0.11499317446301527,0.14027229342761816,0.01945525291828809,0.436404562850919,0.3776601506485633,1
Belgium,Czech Republic,Friendly,2017-06-05,0.09338871569301643,0.1294164312473085,-0.023346303501945553,0.5112646694481859,0.7238377139446472,1
Egypt,Libya,Friendly,2017-06-05,0.21748057612572946,0.3178033170768071,-0.14826523994811946,-0.2894055133678012,0.024708543572398767,1
Senegal,Uganda,Friendly,2017-06-05,0.3145986799234042,0.5379419941571384,0.1980382619974057,-0.02682998486149657,-0.10321945587553266,0
Denmark,Germany,Friendly,2017-06-06,-0.09614678078492722,-0.11814010922195717,-0.05796044098573272,-0.19938066252610964,-0.48850599103198206,0
Uzbekistan,Thailand,Friendly,2017-06-06,0.17537583124722578,0.005638465497303624,0.015158884565499298,0.06528796669549886,-0.3068674081226421,1
Hong Kong,Jordan,Friendly,2017-06-07,-0.26799860022673205,-0.11794222160429202,-0.030723086900129593,-0.10568095735082217,0.059246408681443874,0
Iraq,South Korea,Friendly,2017-06-07,-0.08415339038077407,-0.2539309651166315,-0.1400778210116731,0.06585288958479008,-0.4737306316769488,0
Italy,Uruguay,Friendly,2017-06-07,0.003220734585821061,0.09463898677749016,0.2611057068741894,-0.09033758513678425,-0.15428039052892434,1
Spain,Colombia,Friendly,2017-06-07,0.16738798434657576,0.19721005936364255,0.36186770428015536,0.10814251526239183,0.29665442346774373,0
Australia,Saudi Arabia,FIFA World Cup qualification,2017-06-08,0.1537585681307707,0.06172064616751305,0.36575875486381315,0.21496691685657998,-0.1668522433926783,1
Costa Rica,Panama,FIFA World Cup qualification,2017-06-08,-0.053243815871936384,0.03375257365804263,-0.10076199740596625,0.05260961924078611,0.22508227086514676,0
Ecuador,Venezuela,Friendly,2017-06-08,0.13141330619825875,0.21853009995464978,-0.07433527885862512,-0.4614702003924588,-0.22077342145844248,0
Mexico,Honduras,FIFA World Cup qualification,2017-06-08,0.1811639110286467,0.25109849240139104,0.13578145265888453,0.27013118527225743,0.3568202595027106,1
Peru,Paraguay,Friendly,2017-06-08,-0.09999530501198373,-0.2020930786659929,0.09768158236057067,0.5826824832453713,0.3971539549895872,1
Argentina,Brazil,Superclásico de las Américas,2017-06-09,0.12950033072460387,-0.03491212270418931,0.19455252918287924,0.21903461888684295,0.21388176852402752,1
Estonia,Belgium,FIFA World Cup qualification,2017-06-09,-0.39737046820432687,-0.4501985654189036,0.08211738002594038,-0.3744116380973521,-0.4685673134214497,-1
Faroe Islands,Switzerland,FIFA World Cup qualification,2017-06-09,-0.407999691347374,-0.5168051814855357,0.16772049286640733,0.20812178054829622,0.14181187688508062,-1
Latvia,Portugal,FIFA World Cup qualification,2017-06-09,-0.5738284321115019,-0.5154651715104932,-0.030723086900129593,-0.09659236421421391,-0.2661644953211055,-1
Netherlands,Luxembourg,FIFA World Cup qualification,2017-06-09,0.48480324116895,0.4257920884426287,0.04628728923476,0.3168169184513121,0.33360725878742264,1
Sweden,France,FIFA World Cup qualification,2017-06-09,-0.27118557572308744,-0.1717662770623778,-0.2529182879377432,-0.31432255696176714,-0.5346844121034386,1
Germany,San Marino,FIFA World Cup qualification,2017-06-10,0.8362879580069351,0.9134370652895323,0.05796044098573272,0.19938066252610964,0.48850599103198206,1
Nigeria,South Africa,African Cup of Nations qualification,2017-06-10,0.11045296456440301,0.21455636441616166,0.03153372243839181,0.09532794883734286,0.10633102558212842,-1
Norway,Czech Republic,FIFA World Cup qualification,2017-06-10,0.10147526521642214,0.14949025728310383,0.35797665369649767,0.40684755703808717,0.07785183949756375,0
Scotland,England,FIFA World Cup qualification,2017-06-10,-0.20963954595508127,-0.27332934634765804,-0.38521400778210124,-0.07805287593006915,-0.1566272691282059,0
Cape Verde,Uganda,African Cup of Nations qualification,2017-06-11,0.10090896342175548,0.2214471937672018,-0.16772049286640722,-1.1102230246251565e-16,-0.42875151483708746,-1
Ghana,Ethiopia,African Cup of Nations qualification,2017-06-11,0.16238037769484537,0.5810474214557368,-0.12491893644617391,-0.22471299186885063,-0.19908157568017865,1
Iceland,Croatia,FIFA World Cup qualification,2017-06-11,-0.3151405920362651,-0.15729251318955662,-0.15134565499351482,0.12679409732272107,-0.05288409096633656,1
Republic of Ireland,Austria,FIFA World Cup qualification,2017-06-11,-0.12166551879986742,-0.043439210847445064,-0.030723086900129593,0.06620300289685888,0.17034339960280148,0
North Macedonia,Spain,FIFA World Cup qualification,2017-06-11,-0.47971087037360616,-0.47079385000555485,-0.17858300907911773,-0.3109050827479565,-0.5076623979820805,-1
Mexico,United States,FIFA World Cup qualification,2017-06-11,0.046632610480131786,-0.16888970911385703,0.2023346303501946,-0.05042136149010745,0.22734095672629728,0
Tunisia,Egypt,African Cup of Nations qualification,2017-06-11,-0.041375532327621256,-0.08799607851302937,0.10894941634241251,0.16981786896819429,0.24489908955873985,1
Belarus,New Zealand,Friendly,2017-06-12,-0.18437560420927412,-0.04800588325308164,-0.0034857328145263544,0.2894055133678012,0.30421594125189383,1
Iran,Uzbekistan,FIFA World Cup qualification,2017-06-12,0.0295974546569282,0.18609244216234178,-1.1102230246251565e-16,0.09027855929996553,0.33153261159954844,1
Australia,Brazil,Friendly,2017-06-13,-0.042719824449120036,-0.40220761865131394,0.3929961089494163,-0.15529641331221722,-0.6146538875182419,-1
El Salvador,Ecuador,Friendly,2017-06-13,-0.314484584496884,-0.4976538246428239,0.07433527885862512,0.4614702003924588,0.22077342145844248,-1
France,England,Friendly,2017-06-13,0.05837091814010642,-0.023458806670922705,-0.16731517509727634,0.2638027379726473,0.4457962211495734,1
Iraq,Japan,FIFA World Cup qualification,2017-06-13,-0.16692775873886,-0.3548377870577224,-0.21011673151750976,-0.01830460520973487,-0.5713474262226828,0
Norway,Sweden,Friendly,2017-06-13,0.08881958233650056,0.043591432423386145,0.4007782101167312,0.3104421243636497,-0.12358214604392259,0
Panama,Honduras,FIFA World Cup qualification,2017-06-13,0.10680988447785866,0.09251859705156695,0.10076199740596625,-0.05260961924078611,-0.22508227086514676,0
Qatar,South Korea,FIFA World Cup qualification,2017-06-13,-0.18984783238608438,-0.2599759202162075,-0.4552529182879376,0.10111232293019135,-0.2919187213336335,1
Singapore,Argentina,Friendly,2017-06-13,-0.5477154975952452,-0.6989743060913645,-0.0034857328145263544,-0.4173175167546287,-0.5712484851629125,-1
Vietnam,Jordan,AFC Asian Cup qualification,2017-06-13,-0.12441949702590294,-0.051252280197330524,-0.030723086900129593,-0.10568095735082217,0.059246408681443874,0
Russia,New Zealand,Confederations Cup,2017-06-17,0.0998946377357035,0.33906002377295064,-0.0034857328145263544,0.2894055133678012,0.30421594125189383,1
Portugal,Mexico,Confederations Cup,2017-06-18,0.05978639080747006,0.28275371020891926,-0.10505836575875493,-0.17353882105804352,-0.09065576418160515,0
Australia,Germany,Confederations Cup,2017-06-19,-0.03920546758600163,-0.3909350232153166,0.14396887159533067,-0.15639417797054112,-0.7457931619113389,-1
Mexico,New Zealand,Confederations Cup,2017-06-21,0.17635682257611718,0.20789002152881864,0.13229571984435817,0.5595366986400586,0.6610362007546045,1
Russia,Portugal,Confederations Cup,2017-06-21,-0.13624857564788373,-0.15158370796478726,-0.030723086900129593,-0.09659236421421391,-0.2661644953211055,-1
Germany,Chile,Confederations Cup,2017-06-22,0.21394594975911652,0.3101140832793514,0.05796044098573272,0.19938066252610964,0.48850599103198206,0
New Zealand,Portugal,Confederations Cup,2017-06-24,-0.23614321338358724,-0.4906437317377379,-0.027237354085603238,-0.3859978775820151,-0.5703804365729993,-1
Russia,Mexico,Confederations Cup,2017-06-24,-0.07646218484041367,0.131170002244132,-0.13578145265888453,-0.27013118527225743,-0.3568202595027106,-1
Chile,Australia,Confederations Cup,2017-06-25,-0.17474048217311489,0.08082093993596517,-0.2019293125810634,-0.04298648455556853,0.2572871708793568,0
Portugal,Chile,Confederations Cup,2017-06-28,0.23060917961464633,0.3083663724327339,0.030723086900129593,0.09659236421421391,0.2661644953211055,0
Germany,Mexico,Confederations Cup,2017-06-29,0.04312316095194024,0.2845014210555368,-0.07782101167315181,-0.07075052274614779,0.13168573152927143,1
Mexico,Paraguay,Friendly,2017-07-01,0.1007459167064193,-0.027315504340667207,0.2334630350194552,0.8528136685176287,0.7539742144922978,1
United States,Ghana,Friendly,2017-07-01,0.18610798739689205,0.07065990698281155,0.05836575875486383,0.5452655386312155,0.328560878456592,1
Chile,Germany,Confederations Cup,2017-07-02,-0.21394594975911652,-0.3101140832793514,-0.05796044098573272,-0.19938066252610964,-0.48850599103198206,-1
Portugal,Mexico,Confederations Cup,2017-07-02,0.05978639080747006,0.28275371020891926,-0.10505836575875493,-0.17353882105804352,-0.09065576418160515,1
United States,Panama,Gold Cup,2017-07-08,0.027721416070656257,0.3274696044636811,-0.16731517509727634,0.373162166003151,0.3545615736415601,0
Mexico,El Salvador,Gold Cup,2017-07-09,0.3109432901074216,0.3260332086534219,0.13578145265888453,0.27013118527225743,0.3568202595027106,1
Costa Rica,Canada,Gold Cup,2017-07-11,-0.08476115059915545,-0.14808497433479673,0.047097924773022104,0.3349093208565356,0.2038338995815443,0
Panama,Nicaragua,Gold Cup,2017-07-12,0.22963803677517713,0.3096278994016508,0.10076199740596625,-0.05260961924078611,-0.22508227086514676,1
Mexico,Jamaica,Gold Cup,2017-07-13,0.1742224961128367,0.09818593650813723,0.13578145265888453,0.27013118527225743,0.3568202595027106,0
Canada,Honduras,Gold Cup,2017-07-14,0.13832721920507773,0.2743561450444063,-0.047097924773022104,-0.3349093208565356,-0.2038338995815443,0
United States,Nicaragua,Gold Cup,2017-07-15,0.2573594528458334,0.6370975038653319,-0.06655317769131008,0.3205525467623649,0.12947930277641334,1
Costa Rica,Panama,Gold Cup,2017-07-19,-0.053243815871936384,0.03375257365804263,-0.10076199740596625,0.05260961924078611,0.22508227086514676,1
United States,El Salvador,Gold Cup,2017-07-19,0.2643106796272898,0.4949229177672789,-0.06655317769131008,0.3205525467623649,0.12947930277641334,1
Jamaica,Canada,Gold Cup,2017-07-20,-0.13138580428926772,-0.1214435891511525,0.047097924773022104,0.3349093208565356,0.2038338995815443,1
Mexico,Honduras,Gold Cup,2017-07-20,0.1811639110286467,0.25109849240139104,0.13578145265888453,0.27013118527225743,0.3568202595027106,1
United States,Costa Rica,Gold Cup,2017-07-22,0.08096523194259264,0.2937170308056385,-0.06655317769131008,0.3205525467623649,0.12947930277641334,1
Mexico,Jamaica,Gold Cup,2017-07-23,0.1742224961128367,0.09818593650813723,0.13578145265888453,0.27013118527225743,0.3568202595027106,-1
United States,Jamaica,Gold Cup,2017-07-26,0.1275898856327049,0.26707564562199426,-0.06655317769131008,0.3205525467623649,0.12947930277641334,1
Andorra,Qatar,Friendly,2017-08-16,-0.47001102462830446,-0.21883135181684388,0.3505998702983139,-0.14094039069622344,0.198852276628324,-1
United Arab Emirates,Saudi Arabia,FIFA World Cup qualification,2017-08-29,-0.01754799258494555,0.04248893376945517,0.16382944228274976,0.17198043230101145,0.09043492748667853,1
Belgium,Gibraltar,FIFA World Cup qualification,2017-08-31,0.6216148115298818,0.794831740783533,-0.08211738002594038,0.3744116380973521,0.4685673134214497,1
Brazil,Ecuador,FIFA World Cup qualification,2017-08-31,0.04309622342559627,0.12415340050213208,-0.11673151750972777,0.6597530982602445,0.5781401380973274,1
Bulgaria,Sweden,FIFA World Cup qualification,2017-08-31,-0.20058547919694658,-0.2880166536072233,0.10157263294422836,0.04044759867639636,0.053836414981711156,1
Chile,Paraguay,FIFA World Cup qualification,2017-08-31,-0.07007687210075697,-0.05292816656448185,0.09768158236057067,0.5826824832453713,0.3971539549895872,-1
France,Netherlands,FIFA World Cup qualification,2017-08-31,0.08754155319432089,0.07165849757982778,0.10505836575875482,-0.04294196016594132,0.14724073833430484,1
Japan,Australia,FIFA World Cup qualification,2017-08-31,0.06932209045076365,0.2349778804622189,-0.027237354085603016,0.08099907800498851,0.44797041013040034,1
South Korea,Iran,FIFA World Cup qualification,2017-08-31,-0.0074481103871200105,0.1744958400132237,0.08949416342412453,-0.1157384582294323,0.06840124122840319,0
Portugal,Faroe Islands,FIFA World Cup qualification,2017-08-31,0.5104285882333421,0.6510599641577319,0.030723086900129593,0.09659236421421391,0.2661644953211055,1
Switzerland,Andorra,FIFA World Cup qualification,2017-08-31,0.6267509354772745,0.5996687432084262,-0.16772049286640733,-0.20812178054829622,-0.14181187688508062,1
Thailand,Iraq,FIFA World Cup qualification,2017-08-31,-0.1133717851362599,-0.11229578255623762,0.03542477302204938,-0.10568095735082217,0.3806641869716393,-1
Uganda,Egypt,FIFA World Cup qualification,2017-08-31,-0.22394794928834671,-0.36801876363785446,0.14826523994811946,0.2894055133678012,-0.024708543572398767,1
Uruguay,Argentina,FIFA World Cup qualification,2017-08-31,-0.18991922919493498,-0.07492369550054567,-0.26459143968871573,-0.32697993161784444,-0.4169680946339882,0
Venezuela,Colombia,FIFA World Cup qualification,2017-08-31,-0.16731923040722552,-0.19228209478300196,0.18328469520103763,-0.20276256748556465,-0.21100797451433678,0
Cape Verde,South Africa,FIFA World Cup qualification,2017-09-01,-0.02730908830054446,-0.003963687292192208,-0.1361867704280154,0.09532794883734275,-0.32242048925495903,1
Czech Republic,Germany,FIFA World Cup qualification,2017-09-01,-0.19685840493302442,-0.2145609738825507,-0.11673151750972754,-0.33623369387694346,-0.7437763915551796,-1
Lithuania,Scotland,FIFA World Cup qualification,2017-09-01,-0.4059510132170596,-0.32837088944555815,0.06655317769131008,0.06798065561734568,0.12157549315605182,-1
Malta,England,FIFA World Cup qualification,2017-09-01,-0.5692084208369077,-0.6319356945982948,-0.31866083009079116,-0.010072220312723479,-0.03505177597215409,-1
Mexico,Panama,FIFA World Cup qualification,2017-09-01,0.07435402655078804,0.15857989534982408,0.035019455252918275,0.32274080451304354,0.5819025303678573,1
Norway,Azerbaijan,FIFA World Cup qualification,2017-09-01,0.3909219337709846,0.4340030137555577,0.29920557717250285,0.26999452568725335,-0.17741856102563375,1
Tunisia,DR Congo,FIFA World Cup qualification,2017-09-01,0.012444658774988682,0.019998710303205325,-0.06614785992217909,-0.11958764439960679,0.5664358708677282,1
United States,Costa Rica,FIFA World Cup qualification,2017-09-01,0.08096523194259264,0.2937170308056385,-0.06655317769131008,0.3205525467623649,0.12947930277641334,-1
Canada,Jamaica,Friendly,2017-09-02,0.13138580428926772,0.1214435891511525,-0.047097924773022104,-0.3349093208565356,-0.2038338995815443,1
Croatia,Kosovo,FIFA World Cup qualification,2017-09-02,0.1855158100103731,0.07755218259338115,0.15134565499351482,-0.12679409732272107,0.05288409096633656,1
Spain,Italy,FIFA World Cup qualification,2017-09-02,0.2173958490144563,0.06200548511710746,0.17858300907911773,0.3109050827479565,0.5076623979820805,1
Wales,Austria,FIFA World Cup qualification,2017-09-02,-0.08993587277034876,-0.02509255627964979,-0.030723086900129593,0.06620300289685888,0.17034339960280148,1
Belarus,Sweden,FIFA World Cup qualification,2017-09-03,-0.2196528656842287,-0.43173517681460405,0.10157263294422836,0.04044759867639636,0.053836414981711156,-1
France,Luxembourg,FIFA World Cup qualification,2017-09-03,0.5723447943632709,0.4974505860224565,0.15134565499351482,0.2738749582853708,0.4808479971217275,0
Greece,Belgium,FIFA World Cup qualification,2017-09-03,-0.07451586416265843,-0.062300423100273505,0.08211738002594038,-0.3744116380973521,-0.4685673134214497,-1
Hungary,Portugal,FIFA World Cup qualification,2017-09-03,-0.2106510814182656,-0.1895428229700662,-0.030723086900129593,-0.09659236421421391,-0.2661644953211055,-1
Latvia,Switzerland,FIFA World Cup qualification,2017-09-03,-0.4713995352255338,-0.38121038883829694,0.16772049286640733,0.20812178054829622,0.14181187688508062,-1
Netherlands,Bulgaria,FIFA World Cup qualification,2017-09-03,0.38422950172571313,0.3881244330897733,0.04628728923476,0.3168169184513121,0.33360725878742264,1
England,Slovakia,FIFA World Cup qualification,2017-09-04,0.28635982977908947,0.33436120472303044,0.31866083009079116,0.010072220312723479,0.03505177597215409,1
Germany,Norway,FIFA World Cup qualification,2017-09-04,0.09538313971660228,0.06507071659944685,-0.24124513618677013,-0.07061386316114371,0.6659245520576158,1
Northern Ireland,Czech Republic,FIFA World Cup qualification,2017-09-04,-0.14918847599377139,-0.07825446188362317,0.058771076523994825,0.13685303135083382,0.2552704005231975,1
Scotland,Malta,FIFA World Cup qualification,2017-09-04,0.35956887488182643,0.35860634825063675,-0.06655317769131008,-0.06798065561734568,-0.12157549315605182,1
Argentina,Venezuela,FIFA World Cup qualification,2017-09-05,0.3040098603484589,0.30777137775259256,0.0034857328145263544,0.4173175167546287,0.5712484851629125,0
Australia,Thailand,FIFA World Cup qualification,2017-09-05,0.21097745342435625,0.23215568915174112,0.2019293125810634,0.04298648455556853,-0.2572871708793568,1
Austria,Georgia,FIFA World Cup qualification,2017-09-05,0.15625189298121356,0.03577615917611343,0.030723086900129593,-0.06620300289685888,-0.17034339960280148,0
Colombia,Brazil,FIFA World Cup qualification,2017-09-05,-0.007190299216629503,-0.1504014056737799,0.0077821011673152585,0.004479669617778903,-0.14635874212454825,0
DR Congo,Tunisia,FIFA World Cup qualification,2017-09-05,-0.012444658774988682,-0.019998710303205325,0.06614785992217909,0.11958764439960679,-0.5664358708677282,0
Costa Rica,Mexico,FIFA World Cup qualification,2017-09-05,-0.12759784242272443,-0.12482732169178146,-0.13578145265888453,-0.27013118527225743,-0.3568202595027106,0
Ecuador,Peru,FIFA World Cup qualification,2017-09-05,0.2042825161078654,0.34639819031472774,-0.07433527885862512,-0.4614702003924588,-0.22077342145844248,-1
Egypt,Uganda,FIFA World Cup qualification,2017-09-05,0.22394794928834671,0.36801876363785446,-0.14826523994811946,-0.2894055133678012,0.024708543572398767,1
Honduras,United States,FIFA World Cup qualification,2017-09-05,-0.13453130054851492,-0.41998820151524807,0.06655317769131008,-0.3205525467623649,-0.12947930277641334,0
Iraq,United Arab Emirates,FIFA World Cup qualification,2017-09-05,0.0737008924276199,-0.10062819419744562,-0.03542477302204938,0.10568095735082217,-0.3806641869716393,1
Paraguay,Uruguay,FIFA World Cup qualification,2017-09-05,-0.08696453605114685,-0.15862269394613193,0.1634241245136187,-0.6730200683821556,-0.5514343455185116,-1
Saudi Arabia,Japan,FIFA World Cup qualification,2017-09-05,-0.22308065858153436,-0.29669852662973195,-0.33852140077821014,-0.2959659948615685,-0.28111816673772205,1
South Africa,Cape Verde,FIFA World Cup qualification,2017-09-05,0.02730908830054446,0.003963687292192208,0.1361867704280154,-0.09532794883734275,0.32242048925495903,-1
Uzbekistan,South Korea,FIFA World Cup qualification,2017-09-05,-0.02214934426980819,-0.3605882821755655,-0.08949416342412442,0.025459898929466762,-0.39993385282795163,0
Argentina,Peru,FIFA World Cup qualification,2017-10-05,0.37687907025806555,0.4356394681126705,0.0034857328145263544,0.4173175167546287,0.5712484851629125,0
Azerbaijan,Czech Republic,FIFA World Cup qualification,2017-10-05,-0.28944666855456247,-0.2845127564724539,0.058771076523994825,0.13685303135083382,0.2552704005231975,-1
Bolivia,Brazil,FIFA World Cup qualification,2017-10-05,-0.28874320741215875,-0.522281343503662,0.1910667963683529,-0.19828289786778575,-0.35736671663888503,0
Chile,Ecuador,FIFA World Cup qualification,2017-10-05,-0.17436408319663865,-0.19723327821321668,0.07433527885862512,0.4614702003924588,0.22077342145844248,1
Colombia,Paraguay,FIFA World Cup qualification,2017-10-05,0.14019313530484845,0.118057106477087,-0.08560311284046696,0.785445050730936,0.608161929503924,-1
England,Slovenia,FIFA World Cup qualification,2017-10-05,0.23481478401832256,0.3228939172453975,0.31866083009079116,0.010072220312723479,0.03505177597215409,1
Northern Ireland,Germany,FIFA World Cup qualification,2017-10-05,-0.3460468809267958,-0.29281543576617386,-0.05796044098573272,-0.19938066252610964,-0.48850599103198206,-1
Qatar,Singapore,Friendly,2017-10-05,0.1721952321281146,0.2057739484491603,-0.3505998702983139,0.14094039069622344,-0.198852276628324,1
San Marino,Norway,FIFA World Cup qualification,2017-10-05,-0.7409048182903328,-0.8483663486900854,-0.29920557717250285,-0.26999452568725335,0.17741856102563375,-1
Scotland,Slovakia,FIFA World Cup qualification,2017-10-05,0.0767202838240082,0.061031858375372394,-0.06655317769131008,-0.06798065561734568,-0.12157549315605182,1
Venezuela,Uruguay,FIFA World Cup qualification,2017-10-05,-0.11409063115352391,-0.23284768225204688,0.2611057068741894,-0.09033758513678425,-0.15428039052892434,0
Austria,Serbia,FIFA World Cup qualification,2017-10-06,0.03684085578591367,-0.010968111936286107,0.030723086900129593,-0.06620300289685888,-0.17034339960280148,1
Croatia,Finland,FIFA World Cup qualification,2017-10-06,0.3282114594984358,0.21466729031103204,0.15134565499351482,-0.12679409732272107,0.05288409096633656,0
Japan,New Zealand,Kirin Challenge Cup,2017-10-06,0.24959660639281944,0.3364342998312577,0.17120622568093402,0.4133910759283582,0.49489918050293735,1
Spain,Albania,FIFA World Cup qualification,2017-10-06,0.4497248349116978,0.36465491932797445,0.17858300907911773,0.3109050827479565,0.5076623979820805,1
United States,Panama,FIFA World Cup qualification,2017-10-06,0.027721416070656257,0.3274696044636811,-0.16731517509727634,0.373162166003151,0.3545615736415601,1
Andorra,Portugal,FIFA World Cup qualification,2017-10-07,-0.7291798323632426,-0.7339235258806225,-0.030723086900129593,-0.09659236421421391,-0.2661644953211055,-1
Belarus,Netherlands,FIFA World Cup qualification,2017-10-07,-0.40329688821299525,-0.5318429562971541,-0.04628728923476,-0.3168169184513121,-0.33360725878742264,-1
Bulgaria,France,FIFA World Cup qualification,2017-10-07,-0.471771054920034,-0.4597829306696011,-0.15134565499351482,-0.2738749582853708,-0.4808479971217275,-1
Cape Verde,Senegal,FIFA World Cup qualification,2017-10-07,-0.2136897165016487,-0.3164948003899366,-0.36575875486381293,0.02682998486149646,-0.3255320589615548,-1
Libya,DR Congo,FIFA World Cup qualification,2017-10-07,-0.16366038502311953,-0.2098085282605724,-0.02683203631647213,1.1102230246251565e-16,0.29682823773658956,-1
Russia,South Korea,Friendly,2017-10-07,-0.06692760029903,0.10353254588278382,-0.10465304798962372,-0.039828067766032094,-0.0930664447053095,1
Saudi Arabia,Jamaica,Friendly,2017-10-07,0.02438162134800459,-0.06996831181915564,-0.16382944228274976,-0.17198043230101145,-0.09043492748667853,1
Sweden,Luxembourg,FIFA World Cup qualification,2017-10-07,0.30115921864018347,0.3256843089600787,-0.10157263294422836,-0.04044759867639636,-0.053836414981711156,1
Switzerland,Hungary,FIFA World Cup qualification,2017-10-07,0.10822218453229748,0.055288040297869934,-0.16772049286640733,-0.20812178054829622,-0.14181187688508062,1
Uganda,Ghana,FIFA World Cup qualification,2017-10-07,-0.05848382126855878,-0.4291452856015856,0.12491893644617391,0.22471299186885063,0.19908157568017865,0
Czech Republic,San Marino,FIFA World Cup qualification,2017-10-08,0.6394295530739107,0.6988760914069816,-0.058771076523994825,-0.13685303135083382,-0.2552704005231975,1
El Salvador,Canada,Friendly,2017-10-08,-0.26810659828385264,-0.34929086129643716,0.047097924773022104,0.3349093208565356,0.2038338995815443,1
Germany,Azerbaijan,FIFA World Cup qualification,2017-10-08,0.4863050734875869,0.4990737303550046,0.05796044098573272,0.19938066252610964,0.48850599103198206,1
Lithuania,England,FIFA World Cup qualification,2017-10-08,-0.6155905591721409,-0.6017002357932162,-0.31866083009079116,-0.010072220312723479,-0.03505177597215409,-1
Norway,Northern Ireland,FIFA World Cup qualification,2017-10-08,0.2506637412101935,0.227744719166727,0.29920557717250285,0.26999452568725335,-0.17741856102563375,1
Slovenia,Scotland,FIFA World Cup qualification,2017-10-08,-0.02517523806324129,-0.04956457089773947,0.06655317769131008,0.06798065561734568,0.12157549315605182,0
Israel,Spain,FIFA World Cup qualification,2017-10-09,-0.4679012729701515,-0.3653555571813829,-0.17858300907911773,-0.3109050827479565,-0.5076623979820805,-1
Moldova,Austria,FIFA World Cup qualification,2017-10-09,-0.4340747216595884,-0.3851837949714918,-0.030723086900129593,0.06620300289685888,0.17034339960280148,-1
Ukraine,Croatia,FIFA World Cup qualification,2017-10-09,-0.13834605642299325,0.0031663148860654466,-0.15134565499351482,0.12679409732272107,-0.05288409096633656,-1
Belgium,Cyprus,FIFA World Cup qualification,2017-10-10,0.42322598395982247,0.42027609050214787,-0.08211738002594038,0.3744116380973521,0.4685673134214497,1
Brazil,Chile,FIFA World Cup qualification,2017-10-10,0.21746030662223492,0.32138667871534876,-0.1910667963683529,0.19828289786778575,0.35736671663888503,1
Ecuador,Argentina,FIFA World Cup qualification,2017-10-10,-0.17259655415020014,-0.08924127779794278,-0.07782101167315147,-0.8787877171470875,-0.792021906621355,-1
France,Belarus,FIFA World Cup qualification,2017-10-10,0.49083844140731614,0.6035014538769818,0.15134565499351482,0.2738749582853708,0.4808479971217275,1
Honduras,Mexico,FIFA World Cup qualification,2017-10-10,-0.1811639110286467,-0.25109849240139104,-0.13578145265888453,-0.27013118527225743,-0.3568202595027106,1
Japan,Haiti,Kirin Challenge Cup,2017-10-10,0.2569888656727217,0.2923834867106465,0.26070038910505844,0.33414833332741,0.5400513560405675,0
South Korea,Morocco,Friendly,2017-10-10,-0.10382126453216012,-0.1661081769711532,-0.13618677042801575,0.2224909206443455,0.016537622906265703,-1
Netherlands,Sweden,FIFA World Cup qualification,2017-10-10,0.18364402252876655,0.10010777948255001,0.14785992217898836,0.35726451712770846,0.3874436737691338,1
Panama,Costa Rica,FIFA World Cup qualification,2017-10-10,0.053243815871936384,-0.03375257365804263,0.10076199740596625,-0.05260961924078611,-0.22508227086514676,1
Paraguay,Venezuela,FIFA World Cup qualification,2017-10-10,0.027126095102377068,0.07422498830591495,-0.09768158236057067,-0.5826824832453713,-0.3971539549895872,-1
Peru,Colombia,FIFA World Cup qualification,2017-10-10,-0.24018844031683217,-0.3201501851430799,0.18328469520103763,-0.20276256748556465,-0.21100797451433678,0
Portugal,Switzerland,FIFA World Cup qualification,2017-10-10,0.10242889688596812,0.13425478267219626,0.19844357976653693,0.30471414476251013,0.4079763722061861,1
Russia,Iran,Friendly,2017-10-10,-0.07437571068615001,0.27802838589600753,-0.015158884565499187,-0.1555665259954644,-0.024665203476906317,0
Saudi Arabia,Ghana,Friendly,2017-10-10,0.08289972311219174,-0.26638405045833835,-0.03891050583657585,0.05273255956783918,0.10864664819350012,-1
Uruguay,Bolivia,FIFA World Cup qualification,2017-10-10,0.22832430894182765,0.412445525298927,-0.2611057068741894,0.09033758513678425,0.15428039052892434,1
Iceland,Czech Republic,Friendly,2017-11-08,-0.1555765209797617,-0.10394192873403885,0.058771076523994825,0.13685303135083382,0.2552704005231975,-1
Croatia,Greece,FIFA World Cup qualification,2017-11-09,0.14069121952614538,-0.013765423691517231,0.15134565499351482,-0.12679409732272107,0.05288409096633656,1
Iran,Panama,Friendly,2017-11-09,0.07226755239652438,0.01172151169794855,-0.08560311284046707,0.2081761452362505,0.24974747434205308,1
Northern Ireland,Switzerland,FIFA World Cup qualification,2017-11-09,-0.2602812138963575,-0.1568129422473601,0.16772049286640733,0.20812178054829622,0.14181187688508062,-1
Scotland,Netherlands,Friendly,2017-11-09,-0.1804689109008668,-0.17821204209690755,-0.11284046692607008,-0.3847975740686578,-0.45518275194347446,-1
Algeria,Nigeria,FIFA World Cup qualification,2017-11-10,0.042745372252022795,0.004010526049396557,0.14356355382619967,-0.32365449537638236,-0.00045350421092843485,1
Belgium,Mexico,Friendly,2017-11-10,-0.06034652828806775,0.1993568784202946,-0.2178988326848249,0.10428045282509468,0.11174705391873907,0
England,Germany,Friendly,2017-11-10,0.028611935529878174,0.0865629347104675,0.26070038910505844,-0.18930844221338616,-0.45345421505982797,0
France,Wales,Friendly,2017-11-10,0.2978538460173945,0.24977524902281933,0.15134565499351482,0.2738749582853708,0.4808479971217275,1
Honduras,Australia,FIFA World Cup qualification,2017-11-10,-0.18508160439458532,-0.14466489024161122,-0.2019293125810634,-0.04298648455556853,0.2572871708793568,0
Japan,Brazil,Friendly,2017-11-10,0.026602266001643615,-0.16722973818909503,0.36575875486381326,-0.0742973353072287,-0.1666834773878415,-1
South Korea,Colombia,Friendly,2017-11-10,-0.04898180313981282,-0.11773515445640603,0.28793774319066134,-0.16293449971953256,-0.11794152980902728,1
Poland,Uruguay,Friendly,2017-11-10,-0.13432554279208397,-0.12252658993733245,0.2611057068741894,-0.09033758513678425,-0.15428039052892434,0
Portugal,Saudi Arabia,Friendly,2017-11-10,0.20962726557230216,0.45090795853621213,0.19455252918287935,0.26857279651522536,0.356599422807784,1
South Africa,Senegal,FIFA World Cup qualification,2017-11-10,-0.18638062820110424,-0.3125311130977444,-0.22957198443579752,-0.06849796397584629,-0.0031115697065957626,-1
Sweden,Italy,FIFA World Cup qualification,2017-11-10,-0.1305189150317112,-0.10473791303158553,-0.10157263294422836,-0.04044759867639636,-0.053836414981711156,1
Ivory Coast,Morocco,FIFA World Cup qualification,2017-11-11,-0.16671539302618776,-0.05807087524486576,-0.21400778210116755,0.06307520847870651,-0.12058171366018444,-1
North Macedonia,Norway,Friendly,2017-11-11,-0.2206156886639392,-0.347641884280248,-0.29920557717250285,-0.26999452568725335,0.17741856102563375,1
New Zealand,Peru,FIFA World Cup qualification,2017-11-11,0.02438439914228585,-0.033112447203492934,0.0034857328145263544,-0.2894055133678012,-0.30421594125189383,0
Qatar,Czech Republic,Friendly,2017-11-11,-0.045647172946383874,-0.30227891102784543,-0.2918287937743191,0.27779342204705726,0.056418123894873495,-1
Russia,Argentina,Friendly,2017-11-11,-0.2526000333800762,-0.1296918915432128,-0.0034857328145263544,-0.4173175167546287,-0.5712484851629125,-1
Spain,Costa Rica,Friendly,2017-11-11,0.33443304536772933,0.4674099918731782,0.17858300907911773,0.3109050827479565,0.5076623979820805,1
Tunisia,Libya,FIFA World Cup qualification,2017-11-11,0.1761050437981082,0.22980723856377772,-0.03931582360570696,-0.1195876443996069,0.2696076331311386,0
Ghana,Egypt,FIFA World Cup qualification,2017-11-12,-0.16546412801978794,0.06112652196373114,0.023346303501945553,0.06469252149895055,-0.2237901192525774,0
Greece,Croatia,FIFA World Cup qualification,2017-11-12,-0.14069121952614538,0.013765423691517231,-0.15134565499351482,0.12679409732272107,-0.05288409096633656,0
Switzerland,Northern Ireland,FIFA World Cup qualification,2017-11-12,0.2602812138963575,0.1568129422473601,-0.16772049286640733,-0.20812178054829622,-0.14181187688508062,0
Bulgaria,Saudi Arabia,Friendly,2017-11-13,-0.19182416553327708,0.05597686675277336,0.16382944228274976,0.17198043230101145,0.09043492748667853,1
Iran,Venezuela,Friendly,2017-11-13,0.1257855376545327,-0.09994889968662779,0.015158884565499187,0.1555665259954644,0.024665203476906317,1
Italy,Sweden,FIFA World Cup qualification,2017-11-13,0.1305189150317112,0.10473791303158553,0.10157263294422836,0.04044759867639636,0.053836414981711156,0
Poland,Mexico,Friendly,2017-11-13,-0.14810692344735643,0.06341160834946669,-0.13578145265888453,-0.27013118527225743,-0.3568202595027106,-1
Argentina,Nigeria,Friendly,2017-11-14,0.22869125139854218,0.15181013178232927,0.0034857328145263544,0.4173175167546287,0.5712484851629125,-1
Austria,Uruguay,Friendly,2017-11-14,-0.06403057796984846,-0.06301534193488711,0.291828793774319,-0.15654058803364312,-0.3246237901317258,1
Belgium,Japan,Friendly,2017-11-14,-0.13358631210477,0.0708126001178555,-0.25680933852140075,0.2504260755367951,0.27788407417040617,1
Cambodia,Jordan,AFC Asian Cup qualification,2017-11-14,-0.43984236097813456,-0.18347916709164314,-0.030723086900129593,-0.10568095735082217,0.059246408681443874,-1
England,Brazil,Friendly,2017-11-14,0.025097578666759768,0.07529033927447015,0.509727626459144,-0.18821067755506227,-0.32231494066673094,0
Germany,France,Friendly,2017-11-14,-0.0869828536699846,-0.0631041280395448,-0.0933852140077821,-0.07449429575926114,0.007657993910254568,0
South Korea,Serbia,Friendly,2017-11-14,0.10511822986965091,-0.10625351192684995,0.10465304798962372,0.039828067766032094,0.0930664447053095,0
Portugal,United States,Friendly,2017-11-14,0.10641900128760184,0.11386400109506223,0.09727626459143968,-0.22396018254815098,0.13668519254469214,0
Qatar,Iceland,Friendly,2017-11-14,0.10992934803337784,-0.19833698229380659,-0.3505998702983139,0.14094039069622344,-0.198852276628324,0
Romania,Netherlands,Friendly,2017-11-14,-0.2784389492017876,-0.2537791620657872,-0.04628728923476,-0.3168169184513121,-0.33360725878742264,-1
Russia,Spain,Friendly,2017-11-14,-0.2832973877854186,-0.21141266793726476,-0.17858300907911773,-0.3109050827479565,-0.5076623979820805,0
Senegal,South Africa,FIFA World Cup qualification,2017-11-14,0.18638062820110424,0.3125311130977444,0.22957198443579752,0.06849796397584629,0.0031115697065957626,1
Slovakia,Norway,Friendly,2017-11-14,-0.162364754532609,-0.18272755341311608,-0.29920557717250285,-0.26999452568725335,0.17741856102563375,1
United Arab Emirates,Uzbekistan,Friendly,2017-11-14,-0.13570493853858578,0.20728551125637962,-0.015158884565499298,-0.06528796669549886,0.3068674081226421,1
Wales,Panama,Friendly,2017-11-14,-0.09339380484468163,0.2564101954220863,-0.10076199740596625,0.05260961924078611,0.22508227086514676,0
Australia,Honduras,FIFA World Cup qualification,2017-11-15,0.18508160439458532,0.14466489024161122,0.2019293125810634,0.04298648455556853,-0.2572871708793568,1
Peru,New Zealand,FIFA World Cup qualification,2017-11-15,-0.02438439914228585,0.033112447203492934,-0.0034857328145263544,0.2894055133678012,0.30421594125189383,1
Japan,South Korea,EAFF Championship,2017-12-16,0.08277436835808594,0.10090682194109091,0.07003891050583666,0.08415749479452495,0.09761679454573402,-1
Jordan,Libya,Friendly,2017-12-25,0.19020186045791032,-0.039470153790234885,0.030723086900129593,0.10568095735082217,-0.059246408681443874,0
United Arab Emirates,Saudi Arabia,Gulf Cup,2017-12-25,-0.01754799258494555,0.04248893376945517,0.16382944228274976,0.17198043230101145,0.09043492748667853,0
Iraq,Qatar,Gulf Cup,2017-12-26,0.10569444200531031,0.006044955099576033,0.3151750972762645,-0.03525943334540127,-0.18181191034331529,1
Saudi Arabia,Oman,Gulf Cup,2017-12-28,0.043263641071491055,0.20928632331879893,-0.16382944228274976,-0.17198043230101145,-0.09043492748667853,-1
Iraq,United Arab Emirates,Gulf Cup,2018-01-02,0.0737008924276199,-0.10062819419744562,-0.03542477302204938,0.10568095735082217,-0.3806641869716393,0
Estonia,Sweden,Friendly,2018-01-07,-0.316637435391232,-0.42668095903131276,0.10157263294422836,0.04044759867639636,0.053836414981711156,0
Denmark,Sweden,Friendly,2018-01-11,0.08805594126817562,-0.009477960199124169,0.10157263294422836,0.04044759867639636,0.053836414981711156,-1
Jordan,Finland,Friendly,2018-01-11,0.22782744689796153,-0.22879393201719944,0.030723086900129593,0.10568095735082217,-0.059246408681443874,-1
Moldova,South Korea,Friendly,2018-01-27,-0.5023520957433256,-0.28989839498092795,-0.10465304798962372,-0.039828067766032094,-0.0930664447053095,-1
Jamaica,South Korea,Friendly,2018-01-30,-0.16468791157145302,-0.1258233928694854,-0.10465304798962372,-0.039828067766032094,-0.0930664447053095,0
Latvia,South Korea,Friendly,2018-02-03,-0.5045074567626482,-0.2603489176629221,-0.10465304798962372,-0.039828067766032094,-0.0930664447053095,-1
Saudi Arabia,Moldova,Friendly,2018-02-26,0.3620458055198772,0.09410669029228691,-0.16382944228274976,-0.17198043230101145,-0.09043492748667853,1
Iraq,Saudi Arabia,Friendly,2018-02-28,0.05615289984267435,-0.05813926042799045,0.12840466926070038,0.2776613896518336,-0.29022925948496076,1
Iraq,Qatar,Friendly,2018-03-21,0.10569444200531031,0.006044955099576033,0.3151750972762645,-0.03525943334540127,-0.18181191034331529,-1
Denmark,Panama,Friendly,2018-03-22,0.021330406717801065,0.3249412071834037,-0.10076199740596625,0.05260961924078611,0.22508227086514676,1
Austria,Slovenia,Friendly,2018-03-23,0.08526772891138323,0.07475241783130526,0.030723086900129593,-0.06620300289685888,-0.17034339960280148,1
France,Colombia,Friendly,2018-03-23,0.09065879602349569,0.20223293827732736,0.33463035019455245,0.07111239079980614,0.2698400226073907,-1
Germany,Spain,Friendly,2018-03-23,-0.16371204199306466,-0.05808124912585999,-0.12062256809338501,-0.11152442022184683,-0.01915640695009846,0
Greece,Switzerland,Friendly,2018-03-23,-0.09221988637222811,-0.011442472216701915,0.16772049286640733,0.20812178054829622,0.14181187688508062,-1
Italy,Argentina,Friendly,2018-03-23,-0.18669849460911392,0.01971529127694449,-0.0034857328145263544,-0.4173175167546287,-0.5712484851629125,-1
Mexico,Iceland,Friendly,2018-03-23,0.3093117649608459,0.03400148156105276,0.13578145265888453,0.27013118527225743,0.3568202595027106,1
Netherlands,England,Friendly,2018-03-23,-0.029170635054214467,-0.09511730425075049,-0.27237354085603116,0.3067446981385886,0.29855548281526856,-1
Norway,Australia,Friendly,2018-03-23,-0.05617767213060065,0.32586430661586974,0.09727626459143945,0.22700804113168482,0.07986860985372307,1
Peru,Croatia,Friendly,2018-03-23,-0.20657004879382224,-0.29806860595382956,-0.15134565499351482,0.12679409732272107,-0.05288409096633656,1
Portugal,Egypt,Friendly,2018-03-23,0.12706286066470596,0.24565043004160492,0.17898832684824906,0.3859978775820151,0.2414559517487067,1
Russia,Brazil,Friendly,2018-03-23,-0.12309970265547232,-0.16460401424740212,0.1910667963683529,-0.19828289786778575,-0.35736671663888503,-1
Scotland,Costa Rica,Friendly,2018-03-23,-0.01030660705053843,0.2225623311101277,-0.06655317769131008,-0.06798065561734568,-0.12157549315605182,-1
Senegal,Uzbekistan,Friendly,2018-03-23,0.05505818958901343,0.5399773365008156,0.1828793774319064,-0.09211795155699543,0.20364795224710946,0
Serbia,Morocco,Friendly,2018-03-23,-0.20893949440181103,-0.05985466504430326,-0.24083981841763946,0.1826628528783134,-0.0765288217990438,-1
Tunisia,Iran,Friendly,2018-03-23,-0.10656552803059349,0.0959655853061605,-0.05447470817120614,-0.2751541703950713,0.2449424296542323,1
Ukraine,Saudi Arabia,Friendly,2018-03-23,0.01732364541725806,0.29461159484186217,0.16382944228274976,0.17198043230101145,0.09043492748667853,0
Uruguay,Czech Republic,Friendly,2018-03-23,0.13995386332581172,0.11599775111381305,-0.20233463035019456,0.22719061648761807,0.40955079105212183,1
Canada,New Zealand,Friendly,2018-03-24,0.1335201307525482,0.2311476741718339,-0.05058365758754846,-0.045503807488734394,0.10038204167034953,1
Northern Ireland,South Korea,Friendly,2018-03-24,-0.2933891354334719,-0.035951471071985264,-0.10465304798962372,-0.039828067766032094,-0.0930664447053095,1
Sweden,Chile,Friendly,2018-03-24,0.029743227706013675,0.20145193425651842,-0.10157263294422836,-0.04044759867639636,-0.053836414981711156,-1
Albania,Norway,Friendly,2018-03-26,-0.19062965320203085,-0.2415029536026676,-0.29920557717250285,-0.26999452568725335,0.17741856102563375,-1
Portugal,Netherlands,Friendly,2018-03-26,0.017221929379866108,0.006806658693665479,-0.015564202334630406,-0.2202245542370982,-0.06744276346631717,-1
Wales,Uruguay,Friendly,2018-03-26,-0.1539664507401972,-0.0881078982145369,0.2611057068741894,-0.09033758513678425,-0.15428039052892434,-1
Algeria,Iran,Friendly,2018-03-27,-0.0077215564525932034,0.25992067170628763,0.1284046692607005,-0.47922102137184674,-0.02511870768783475,-1
Australia,Colombia,Friendly,2018-03-27,-0.03552952523249053,-0.251806212977534,0.385214007782101,-0.15977608292999612,-0.4682951453936936,0
Belgium,Saudi Arabia,Friendly,2018-03-27,0.08949434647676435,0.36751112674758746,0.08171206225680938,0.5463920703983636,0.5590022409081282,1
England,Italy,Friendly,2018-03-27,0.08229574255126981,0.09048717070171497,0.31866083009079116,0.010072220312723479,0.03505177597215409,0
Germany,Brazil,Friendly,2018-03-27,-0.0035143568631184063,-0.011272595435997346,0.2490272373540856,0.0010977646583238965,0.13113927439309703,-1
Greece,Egypt,Friendly,2018-03-27,-0.06758592259349028,0.09995317515270674,0.14826523994811946,0.2894055133678012,-0.024708543572398767,1
Hungary,Scotland,Friendly,2018-03-27,-0.012960241137532691,-0.004524122179493162,0.06655317769131008,0.06798065561734568,0.12157549315605182,-1
Jordan,Vietnam,AFC Asian Cup qualification,2018-03-27,0.12441949702590294,0.051252280197330524,0.030723086900129593,0.10568095735082217,-0.059246408681443874,0
Luxembourg,Austria,Friendly,2018-03-27,-0.36442682111622515,-0.27276789327928697,-0.030723086900129593,0.06620300289685888,0.17034339960280148,-1
Mexico,Croatia,Friendly,2018-03-27,-0.005828827075419207,-0.12329103162850386,-0.015564202334630295,0.3969252825949785,0.30393616853637406,-1
Moldova,Ivory Coast,Friendly,2018-03-27,-0.439457967249298,-0.3979356967072154,-0.026832036316471908,0.1195876443996069,0.04405289186114064,-1
Morocco,Uzbekistan,Friendly,2018-03-27,0.1259706088019683,0.5266964591467187,0.22568093385214016,-0.24795081957381226,0.3833962299216859,1
Poland,South Korea,Friendly,2018-03-27,-0.13857233890597276,0.03577415198811851,-0.10465304798962372,-0.039828067766032094,-0.0930664447053095,1
Romania,Sweden,Friendly,2018-03-27,-0.09479492667302103,-0.1536713825832372,0.10157263294422836,0.04044759867639636,0.053836414981711156,1
Russia,France,Friendly,2018-03-27,-0.2065681994623385,-0.21643554685094957,-0.15134565499351482,-0.2738749582853708,-0.4808479971217275,-1
Spain,Argentina,Friendly,2018-03-27,0.03069735440534238,0.08172077639405195,0.17509727626459137,-0.10641243400667222,-0.06358608718083203,1
Switzerland,Panama,Friendly,2018-03-27,0.03171152047228998,0.3070788228865471,-0.2684824902723736,-0.1555121613075101,0.08327039398006614,1
Tunisia,Costa Rica,Friendly,2018-03-27,0.018945840237867273,0.07393452334606643,-0.03931582360570696,-0.1195876443996069,0.2696076331311386,1
Ukraine,Japan,Friendly,2018-03-27,-0.2057570131642763,-0.0020869317878697835,-0.17469195849546038,-0.12398556256055704,-0.19068323925104352,1
United States,Paraguay,Friendly,2018-03-27,0.054113306226287516,0.14157420477318983,0.03112840466926059,0.9032350300077362,0.5266332577660006,1
Algeria,Saudi Arabia,Friendly,2018-05-09,0.14003284415797523,0.28121653638170496,0.30739299610894943,-0.1516740630753709,0.0899814232757501,-1
Saudi Arabia,Greece,Friendly,2018-05-15,-0.014978482314105923,-0.30521070364731395,-0.16382944228274976,-0.17198043230101145,-0.09043492748667853,1
Iran,Uzbekistan,Friendly,2018-05-19,0.0295974546569282,0.18609244216234178,-1.1102230246251565e-16,0.09027855929996553,0.33153261159954844,1
Jordan,Cyprus,Friendly,2018-05-20,0.3890173267228352,-0.09925097861787435,0.030723086900129593,0.10568095735082217,-0.059246408681443874,1
United States,Bolivia,Friendly,2018-05-28,0.19547307911696832,0.39539703612598487,-0.06655317769131008,0.3205525467623649,0.12947930277641334,1
Nigeria,DR Congo,Friendly,2018-05-28,0.06854325810096618,0.1799432706539359,-0.02683203631647213,1.1102230246251565e-16,0.29682823773658956,0
Portugal,Tunisia,Friendly,2018-05-28,0.1684383929923272,0.3336465085546343,0.07003891050583655,0.2161800086138208,-0.0034431378100331367,0
Italy,Saudi Arabia,Friendly,2018-05-28,0.1392802286953807,0.44873143339158217,0.16382944228274976,0.17198043230101145,0.09043492748667853,1
France,Republic of Ireland,Friendly,2018-05-28,0.3295834920469132,0.2681219035906146,0.15134565499351482,0.2738749582853708,0.4808479971217275,1
Mexico,Wales,Friendly,2018-05-28,0.16774783139546967,-0.09783030007226223,0.13578145265888453,0.27013118527225743,0.3568202595027106,0
South Korea,Honduras,Friendly,2018-05-28,0.17162932648726303,0.2787359487627392,0.10465304798962372,0.039828067766032094,0.0930664447053095,1
Argentina,Haiti,Friendly,2018-05-29,0.359886930395682,0.42470110219555224,0.08949416342412442,0.6274802875214817,0.9206166019524366,1
Peru,Scotland,Friendly,2018-05-29,-0.06283677224514017,-0.27251258374367193,0.06655317769131008,0.06798065561734568,0.12157549315605182,1
Panama,Northern Ireland,Friendly,2018-05-29,0.22856969342406752,-0.150265880639187,0.10076199740596625,-0.05260961924078611,-0.22508227086514676,0
Japan,Ghana,Friendly,2018-05-30,0.3059803816937261,0.0303144761713936,0.2996108949416343,0.34869855442940767,0.38976481493122217,-1
Austria,Russia,Friendly,2018-05-30,-0.0013497737847072422,-0.008247145892219976,0.030723086900129593,-0.06620300289685888,-0.17034339960280148,1
Ukraine,Morocco,Friendly,2018-05-31,-0.22680390933835048,-0.06728828681793209,-0.24083981841763946,0.1826628528783134,-0.0765288217990438,0
Luxembourg,Senegal,Friendly,2018-05-31,-0.46561304051916763,-0.3568715476139732,-0.1980382619974057,0.02682998486149657,0.10321945587553266,0
Slovakia,Netherlands,Friendly,2018-05-31,-0.257189194724875,-0.23924390047227995,-0.04628728923476,-0.3168169184513121,-0.33360725878742264,0
France,Italy,Friendly,2018-06-01,0.14066666069137623,0.06702836403079226,0.15134565499351482,0.2738749582853708,0.4808479971217275,1
Czech Republic,Australia,Friendly,2018-06-01,-0.1576529373470228,0.1763740493327659,-0.2607003891050582,-0.17983951590640235,0.0020167703561593253,-1
Algeria,Cape Verde,Friendly,2018-06-01,0.18050742511697027,0.22253057775775043,0.3112840466926069,-0.32365449537638225,0.428298010626159,-1
Colombia,Egypt,Friendly,2018-06-01,0.10672368845566504,0.10826933065043987,-0.035019455252918164,0.49216808085336583,0.18629943094193802,0
England,Nigeria,Friendly,2018-06-02,0.12428849934069808,0.26201259376098873,0.31866083009079116,0.010072220312723479,0.03505177597215409,1
Mexico,Scotland,Friendly,2018-06-02,0.13790444947326286,-0.09773500941834623,0.2023346303501946,0.3381118408896031,0.47839575265876244,1
Sweden,Denmark,Friendly,2018-06-02,-0.08805594126817562,0.009477960199124169,-0.10157263294422836,-0.04044759867639636,-0.053836414981711156,0
Republic of Ireland,United States,Friendly,2018-06-02,-0.15284486694485655,-0.08940606360939007,0.06655317769131008,-0.3205525467623649,-0.12947930277641334,1
Belgium,Portugal,Friendly,2018-06-02,-0.1201329190955378,-0.08339683178862467,-0.11284046692606997,0.2778192738831382,0.20240281810034422,0
Austria,Germany,Friendly,2018-06-02,-0.12093511957706116,-0.16157856470362475,-0.027237354085603127,-0.2655836654229685,-0.6588493906347835,1
Iceland,Norway,Friendly,2018-06-02,-0.25705178619618385,-0.2534321860171427,-0.29920557717250285,-0.26999452568725335,0.17741856102563375,-1
Saudi Arabia,Peru,Friendly,2018-06-03,0.05090034695357093,0.006623325998032836,-0.16382944228274976,-0.17198043230101145,-0.09043492748667853,-1
Spain,Switzerland,Friendly,2018-06-03,0.24947770902350297,0.19408374264467376,0.34630350194552506,0.5190268632962527,0.6494742748671611,0
Croatia,Brazil,Friendly,2018-06-03,-0.04080869073963944,-0.17248298486303026,0.3424124513618677,-0.3250769951905068,-0.30448262567254847,-1
Andorra,Cape Verde,Friendly,2018-06-03,-0.4790779858319454,-0.3417015259683649,0.16772049286640722,1.1102230246251565e-16,0.42875151483708746,0
Italy,Netherlands,Friendly,2018-06-04,-0.053125107497055346,0.00463013354903552,-0.04628728923476,-0.3168169184513121,-0.33360725878742264,0
Slovakia,Morocco,Friendly,2018-06-04,-0.3089114132880475,-0.15704248228952755,-0.24083981841763946,0.1826628528783134,-0.0765288217990438,-1
Norway,Panama,Friendly,2018-06-06,0.022094047786126003,0.378010599805914,0.1984435797665366,0.32260414492803946,0.04766370983951301,1
Czech Republic,Nigeria,Friendly,2018-06-06,-0.10118184112220452,-0.039111314832029453,-0.058771076523994825,-0.13685303135083382,-0.2552704005231975,1
Belgium,Egypt,Friendly,2018-06-06,0.006929941569168152,0.16225359825298025,0.06614785992217909,0.6638171514651533,0.4438587698490509,1
England,Costa Rica,Friendly,2018-06-07,0.19933293890454284,0.49589167745778573,0.31866083009079116,0.010072220312723479,0.03505177597215409,1
Uruguay,Uzbekistan,Friendly,2018-06-07,0.017902548155919407,0.5188890241010164,-0.2762645914396887,0.025049618441285393,0.46114779865156647,1
Portugal,Algeria,Friendly,2018-06-07,0.06959442141432692,0.16969142215450717,-0.11284046692607008,0.42024685959059627,0.2666179995320339,1
South Korea,Bolivia,Friendly,2018-06-07,0.23257110505571643,0.254144783373476,0.10465304798962372,0.039828067766032094,0.0930664447053095,0
Iceland,Ghana,Friendly,2018-06-07,-0.07657116708382206,-0.13223128369209824,0.12491893644617391,0.22471299186885063,0.19908157568017865,0
India,New Zealand,Intercontinental Cup,2018-06-07,-0.24079891410364285,-0.21706526159271444,-0.0034857328145263544,0.2894055133678012,0.30421594125189383,-1
Germany,Saudi Arabia,Friendly,2018-06-08,0.19296403571677234,0.45265566938282964,0.22178988326848248,0.3713610948271211,0.5789409185186606,1
Croatia,Senegal,Friendly,2018-06-08,-0.017545433702402358,-0.08373547905809442,-0.046692607003890885,-0.0999641124612245,0.15610354684186922,1
Switzerland,Japan,Friendly,2018-06-08,-0.11588228989520033,0.019954649234283917,-0.3424124513618677,-0.33210734310885326,-0.33249511613612415,1
Lithuania,Iran,Friendly,2018-06-08,-0.5417689885360588,-0.08377749637533638,-0.015158884565499187,-0.1555665259954644,-0.024665203476906317,-1
Denmark,Mexico,Friendly,2018-06-09,-0.05302361983298698,0.1663613118335796,-0.13578145265888453,-0.27013118527225743,-0.3568202595027106,1
Sweden,Peru,Friendly,2018-06-09,0.05966166061724043,0.3506168463580295,-0.10157263294422836,-0.04044759867639636,-0.053836414981711156,0
Hungary,Australia,Friendly,2018-06-09,-0.15478238397673416,0.19964448939863289,-0.2019293125810634,-0.04298648455556853,0.2572871708793568,-1
Estonia,Morocco,Friendly,2018-06-09,-0.5520036764831711,-0.44458732033111037,-0.24083981841763946,0.1826628528783134,-0.0765288217990438,-1
Tunisia,Spain,Friendly,2018-06-09,-0.31548720512986206,-0.3934754685271118,-0.21789883268482468,-0.43049272714756337,-0.2380547648509419,-1
France,United States,Friendly,2018-06-09,0.17673862510205662,0.17871583998122453,0.2178988326848249,-0.0466775884769941,0.35136869434531415,0
Austria,Brazil,Friendly,2018-06-10,-0.12444947644017956,-0.1728511601396221,0.22178988326848248,-0.2644859007646446,-0.5277101162416865,-1
South Korea,Senegal,Friendly,2018-06-11,-0.03290884531920524,-0.1793890543252501,-0.09338521400778199,0.06665805262752866,0.19628590058084217,-1
Belgium,Costa Rica,Friendly,2018-06-11,0.06725131413465668,0.32418420011207605,-0.08211738002594038,0.3744116380973521,0.4685673134214497,1
Japan,Paraguay,Friendly,2018-06-12,0.17398570052312157,0.10122877396177188,0.27237354085603105,0.7066680458059283,0.5878371942406307,1
Russia,Saudi Arabia,FIFA World Cup,2018-06-14,0.07337868992441843,0.29932425057142487,0.16382944228274976,0.17198043230101145,0.09043492748667853,1
Egypt,Uruguay,FIFA World Cup,2018-06-15,-0.05349508920196344,-0.1488349181194848,0.11284046692606992,-0.37974309850458543,-0.12957184695652557,-1
Morocco,Iran,FIFA World Cup,2018-06-15,0.09637315414504011,0.3406040169843769,0.22568093385214028,-0.3382293788737778,0.051863618322137484,-1
Portugal,Spain,FIFA World Cup,2018-06-15,-0.14704881213753485,-0.0598289599724775,-0.14785992217898813,-0.21431271853374256,-0.24149790266097504,0
France,Australia,FIFA World Cup,2018-06-16,0.12618832125598622,0.4540391512548614,-0.05058365758754857,0.23088847372980226,0.7381351680010844,1
Argentina,Iceland,FIFA World Cup,2018-06-16,0.4854496135005084,0.29486337534839757,0.0034857328145263544,0.4173175167546287,0.5712484851629125,0
Croatia,Nigeria,FIFA World Cup,2018-06-16,0.05838222993429887,0.014239269623488315,0.15134565499351482,-0.12679409732272107,0.05288409096633656,1
Germany,Mexico,FIFA World Cup,2018-06-17,0.04312316095194024,0.2845014210555368,-0.07782101167315181,-0.07075052274614779,0.13168573152927143,-1
Brazil,Switzerland,FIFA World Cup,2018-06-17,0.08928002389355671,0.14727508895481112,-0.023346303501945553,0.40640467841608197,0.49917859352396565,0
Sweden,South Korea,FIFA World Cup,2018-06-18,-0.13154497655977893,0.1482018156713556,-0.20622568093385207,-0.08027566644242845,-0.14690285968702066,1
Belgium,Panama,FIFA World Cup,2018-06-18,0.014007498262720297,0.3579367737701187,-0.18287937743190663,0.4270212573381382,0.6936495842865964,1
Tunisia,England,FIFA World Cup,2018-06-18,-0.18038709866667557,-0.4219571541117193,-0.3579766536964981,-0.12965986471233037,0.23455585715898453,-1
Colombia,Japan,FIFA World Cup,2018-06-19,-0.03379256521827312,0.016828332515315125,-0.357976653696498,0.07877700492500761,0.02032473526329326,-1
Poland,Senegal,FIFA World Cup,2018-06-19,-0.171481184225178,-0.1436149023371316,-0.1980382619974057,0.02682998486149657,0.10321945587553266,-1
Russia,Egypt,FIFA World Cup,2018-06-19,-0.009185714983177773,0.09406672207681765,0.14826523994811946,0.2894055133678012,-0.024708543572398767,1
Portugal,Morocco,FIFA World Cup,2018-06-20,-0.03450028918330639,0.08900807687641787,-0.21011673151750987,0.2792552170925273,0.18963567352206168,1
Uruguay,Saudi Arabia,FIFA World Cup,2018-06-20,0.13605949410955964,0.354092446614092,-0.09727626459143962,0.2623180174377957,0.24471531801560287,1
Iran,Spain,FIFA World Cup,2018-06-20,-0.20892167709926857,-0.4894410538332723,-0.16342412451361854,-0.15533855675249209,-0.4829971945051742,-1
Denmark,Australia,FIFA World Cup,2018-06-21,-0.05694131319892559,0.2727949139933594,-0.2019293125810634,-0.04298648455556853,0.2572871708793568,0
France,Peru,FIFA World Cup,2018-06-21,0.33084723634032787,0.5223831234204073,0.15134565499351482,0.2738749582853708,0.4808479971217275,1
Argentina,Croatia,FIFA World Cup,2018-06-21,0.17030902146424332,0.13757086215884096,-0.14785992217898847,0.5441116140773498,0.518364394196576,-1
Brazil,Costa Rica,FIFA World Cup,2018-06-22,0.17423536023778308,0.4206013381833156,-0.1910667963683529,0.19828289786778575,0.35736671663888503,1
Serbia,Switzerland,FIFA World Cup,2018-06-22,-0.07201030833253652,-0.014607959248524871,0.16772049286640733,0.20812178054829622,0.14181187688508062,-1
Belgium,Tunisia,FIFA World Cup,2018-06-23,0.04830547389678941,0.2502496767660096,-0.04280155642023342,0.493999282496959,0.19895968029031108,1
South Korea,Mexico,FIFA World Cup,2018-06-23,-0.009534584541383673,0.02763745636134818,-0.031128404669260812,-0.23030311750622534,-0.2637538147974011,-1
Germany,Sweden,FIFA World Cup,2018-06-23,0.18420272205310284,0.108662149022833,0.15953307392996108,0.239828261202506,0.5423424060136932,1
England,Panama,FIFA World Cup,2018-06-24,0.14608912303260646,0.5296442511158284,0.2178988326848249,0.06268183955350959,0.26013404683730085,1
Japan,Senegal,FIFA World Cup,2018-06-24,0.0498655230388807,-0.07848223238415919,-0.02334630350194533,0.1508155474220536,0.2939026951265762,0
Poland,Colombia,FIFA World Cup,2018-06-24,-0.18755414204578558,-0.08196100246828752,0.18328469520103763,-0.20276256748556465,-0.21100797451433678,-1
Russia,Uruguay,FIFA World Cup,2018-06-25,-0.06268080418514121,-0.05476819604266714,0.2611057068741894,-0.09033758513678425,-0.15428039052892434,-1
Saudi Arabia,Egypt,FIFA World Cup,2018-06-25,-0.0825644049075962,-0.2052575284946072,-0.015564202334630295,0.11742508106678973,-0.1151434710590773,1
Spain,Morocco,FIFA World Cup,2018-06-25,0.11254852295422846,0.14883703684889538,-0.062256809338521735,0.4935679356262699,0.4311335761830367,0
Iran,Portugal,FIFA World Cup,2018-06-25,-0.06187286496173372,-0.4296120938607948,-0.015564202334630406,0.05897416178125048,-0.24149929184419916,0
Australia,Peru,FIFA World Cup,2018-06-26,0.20465891508434164,0.06834397216554589,0.2019293125810634,0.04298648455556853,-0.2572871708793568,-1
Denmark,France,FIFA World Cup,2018-06-26,-0.18312963445491182,-0.18124423726150196,-0.15134565499351482,-0.2738749582853708,-0.4808479971217275,0
Nigeria,Argentina,FIFA World Cup,2018-06-26,-0.22869125139854218,-0.15181013178232927,-0.0034857328145263544,-0.4173175167546287,-0.5712484851629125,-1
Iceland,Croatia,FIFA World Cup,2018-06-26,-0.3151405920362651,-0.15729251318955662,-0.15134565499351482,0.12679409732272107,-0.05288409096633656,-1
South Korea,Germany,FIFA World Cup,2018-06-27,-0.052657745493323915,-0.2568639646941886,0.046692607003890996,-0.15955259476007755,-0.39543954632667255,1
Mexico,Sweden,FIFA World Cup,2018-06-27,0.1410795611011626,-0.17583927203270378,0.23735408560311289,0.3105787839486538,0.4106566744844218,-1
Serbia,Brazil,FIFA World Cup,2018-06-27,-0.16129033222609324,-0.161883048203336,0.1910667963683529,-0.19828289786778575,-0.35736671663888503,-1
Switzerland,Costa Rica,FIFA World Cup,2018-06-27,0.08495533634422636,0.27332624922850446,-0.16772049286640733,-0.20812178054829622,-0.14181187688508062,0
Japan,Poland,FIFA World Cup,2018-06-28,0.2213467072640587,0.0651326699529724,0.17469195849546038,0.12398556256055704,0.19068323925104352,-1
Senegal,Colombia,FIFA World Cup,2018-06-28,-0.01607295782060758,0.061653899868844064,0.38132295719844334,-0.22959255234706122,-0.31422743038986944,-1
Panama,Tunisia,FIFA World Cup,2018-06-28,0.03429797563406911,-0.10768709700410906,0.1400778210116732,0.06697802515882079,-0.4946899039962854,-1
England,Belgium,FIFA World Cup,2018-06-28,0.13208162476988616,0.17170747734570968,0.40077821011673154,-0.36433941778462864,-0.4335155374492956,-1
France,Argentina,FIFA World Cup,2018-06-30,-0.046031833917737686,0.08674365530773676,0.14785992217898847,-0.1434425584692579,-0.09040048804118506,1
Uruguay,Portugal,FIFA World Cup,2018-06-30,-0.07356777146274251,-0.09681551192212012,-0.291828793774319,-0.006254779077429662,-0.11188410479218114,1
Russia,Spain,FIFA World Cup,2018-07-01,-0.2832973877854186,-0.21141266793726476,-0.17858300907911773,-0.3109050827479565,-0.5076623979820805,0
Croatia,Denmark,FIFA World Cup,2018-07-01,0.058852446908406186,-0.04307028020507575,0.15134565499351482,-0.12679409732272107,0.05288409096633656,0
Brazil,Mexico,FIFA World Cup,2018-07-02,0.04663751781505865,0.2957740164915341,-0.3268482490272374,-0.07184828740447169,0.0005464571361744053,1
Belgium,Japan,FIFA World Cup,2018-07-02,-0.13358631210477,0.0708126001178555,-0.25680933852140075,0.2504260755367951,0.27788407417040617,1
Sweden,Switzerland,FIFA World Cup,2018-07-03,-0.09843705502266453,0.027340344495980773,0.06614785992217898,0.16767418187189986,0.08797546190336947,1
Colombia,England,FIFA World Cup,2018-07-03,-0.03228787788338927,-0.22569174494825006,-0.5019455252918288,0.19269034717284117,0.1759561985421827,0
Uruguay,France,FIFA World Cup,2018-07-06,-0.1438873952771973,-0.16166735080828243,-0.4124513618677042,-0.18353737314858654,-0.32656760659280315,-1
Brazil,Belgium,FIFA World Cup,2018-07-06,0.1069840461031264,0.09641713807123953,-0.10894941634241251,-0.17612874022956637,-0.11120059678256466,-1
Sweden,England,FIFA World Cup,2018-07-07,-0.21281465758298101,-0.1952250837333005,-0.4202334630350195,-0.050519818989119836,-0.08888819095386524,-1
Russia,Croatia,FIFA World Cup,2018-07-07,-0.08229101191583288,0.007878970615628145,-0.15134565499351482,0.12679409732272107,-0.05288409096633656,0
France,Belgium,FIFA World Cup,2018-07-10,0.19045254290999258,0.14824867067478698,0.2334630350194552,-0.10053667981198133,0.012280683700277795,1
Croatia,England,FIFA World Cup,2018-07-11,-0.06590626940639921,-0.24777332413750042,-0.16731517509727634,-0.13686631763544455,0.017832314994182474,1
Belgium,England,FIFA World Cup,2018-07-14,-0.13208162476988616,-0.17170747734570968,-0.40077821011673154,0.36433941778462864,0.4335155374492956,1
France,Croatia,FIFA World Cup,2018-07-15,0.12427718754650563,0.2243145174665777,0.0,0.40066905560809185,0.4279639061553909,1
Germany,France,UEFA Nations League,2018-09-06,-0.0869828536699846,-0.0631041280395448,-0.0933852140077821,-0.07449429575926114,0.007657993910254568,0
Czech Republic,Ukraine,UEFA Nations League,2018-09-06,-0.02121801463351014,-0.056516899341583215,-0.058771076523994825,-0.13685303135083382,-0.2552704005231975,-1
Norway,Cyprus,UEFA Nations League,2018-09-06,0.4313125334832282,0.4403499165379432,0.29920557717250285,0.26999452568725335,-0.17741856102563375,1
Austria,Sweden,Friendly,2018-09-06,0.06326760247604168,-0.05291641568079175,0.13229571984435795,-0.02575540422046252,-0.11650698462109033,1
Jordan,Lebanon,Friendly,2018-09-06,0.2345815347334106,0.04978902924040618,0.030723086900129593,0.10568095735082217,-0.059246408681443874,-1
Netherlands,Peru,Friendly,2018-09-06,0.24330568314600698,0.4507246258405795,0.04628728923476,0.3168169184513121,0.33360725878742264,1
Portugal,Croatia,Friendly,2018-09-06,0.05395756373205085,0.1594626785804154,-0.12062256809338523,0.22338646153693498,0.21328040435476892,0
Argentina,Guatemala,Friendly,2018-09-07,0.38076691388495854,0.6551448714324066,0.0034857328145263544,0.4173175167546287,0.5712484851629125,1
Ecuador,Jamaica,Friendly,2018-09-07,0.17776379050229907,0.26980655249753926,-0.07433527885862512,-0.4614702003924588,-0.22077342145844248,1
South Korea,Costa Rica,Friendly,2018-09-07,0.11806325788134076,0.15246477805312963,0.10465304798962372,0.039828067766032094,0.0930664447053095,1
Mexico,Uruguay,Friendly,2018-09-07,0.013781380655272457,-0.18593819828679914,0.3968871595330739,0.17979360013547319,0.20253986897378629,-1
Scotland,Belgium,Friendly,2018-09-07,-0.07755792118519511,-0.10162186900194836,0.015564202334630295,-0.4423922937146978,-0.5901428065775015,-1
United States,Brazil,Friendly,2018-09-07,-0.09327012829519044,-0.12688430737767709,0.1245136186770428,0.12226964889457914,-0.2278874138624717,-1
Venezuela,Colombia,Friendly,2018-09-07,-0.16731923040722552,-0.19228209478300196,0.18328469520103763,-0.20276256748556465,-0.21100797451433678,-1
Switzerland,Iceland,UEFA Nations League,2018-09-08,0.2666692588823478,0.18250040909777576,-0.16772049286640733,-0.20812178054829622,-0.14181187688508062,1
England,Spain,UEFA Nations League,2018-09-08,-0.1351001064631865,0.028481685584607508,0.14007782101167343,-0.300832862435233,-0.47261062200992643,-1
South Africa,Libya,African Cup of Nations qualification,2018-09-08,0.12175067855968269,0.17519543449834662,-0.03153372243839181,-0.09532794883734286,-0.10633102558212842,0
France,Netherlands,UEFA Nations League,2018-09-09,0.08754155319432089,0.07165849757982778,0.10505836575875482,-0.04294196016594132,0.14724073833430484,1
Bulgaria,Norway,UEFA Nations League,2018-09-09,-0.28940506153344714,-0.33160808603060943,-0.29920557717250285,-0.26999452568725335,0.17741856102563375,1
Germany,Peru,Friendly,2018-09-09,0.24386438267034327,0.4592789953808625,0.05796044098573272,0.19938066252610964,0.48850599103198206,1
Portugal,Italy,UEFA Nations League,2018-09-10,0.07034703687692145,0.0021765251446299594,0.030723086900129593,0.09659236421421391,0.2661644953211055,1
Scotland,Albania,UEFA Nations League,2018-09-10,0.10498518249343003,0.11980725856492391,-0.06655317769131008,-0.06798065561734568,-0.12157549315605182,1
Russia,Czech Republic,Friendly,2018-09-10,0.07727305914067051,0.061229555071145914,0.058771076523994825,0.13685303135083382,0.2552704005231975,1
Saudi Arabia,Bolivia,Friendly,2018-09-10,0.092264814832268,0.05835307868483497,-0.16382944228274976,-0.17198043230101145,-0.09043492748667853,0
Iceland,Belgium,UEFA Nations League,2018-09-11,-0.24896523667277815,-0.23335835998134735,0.08211738002594038,-0.3744116380973521,-0.4685673134214497,-1
Spain,Croatia,UEFA Nations League,2018-09-11,0.2010063758695857,0.2192916385528929,0.027237354085602905,0.43769918007067754,0.45477830701574395,1
Colombia,Argentina,Friendly,2018-09-11,-0.13669062994123338,-0.1154892829695906,-0.18677042801556398,-0.21455494926906404,-0.36024051064857576,0
Ecuador,Guatemala,Friendly,2018-09-11,0.2081703597347584,0.5659035936344639,-0.07433527885862512,-0.4614702003924588,-0.22077342145844248,1
England,Switzerland,Friendly,2018-09-11,0.11437760256031648,0.22256542822928127,0.4863813229571985,0.2181940008610197,0.1768636528572347,1
Japan,Costa Rica,Kirin Challenge Cup,2018-09-11,0.2008376262394267,0.25337159999422054,0.17469195849546038,0.12398556256055704,0.19068323925104352,1
Jordan,Oman,Friendly,2018-09-11,0.09854933031126811,0.05727038094636416,0.030723086900129593,0.10568095735082217,-0.059246408681443874,0
South Korea,Chile,Friendly,2018-09-11,0.1612882042657926,0.05325011858516282,0.10465304798962372,0.039828067766032094,0.0930664447053095,0
Panama,Venezuela,Friendly,2018-09-11,0.05351798525800833,-0.11167041138457634,0.10076199740596625,-0.05260961924078611,-0.22508227086514676,-1
United States,Mexico,Friendly,2018-09-11,-0.046632610480131786,0.16888970911385703,-0.2023346303501946,0.05042136149010745,-0.22734095672629728,1
Uzbekistan,Iran,Friendly,2018-09-11,-0.0295974546569282,-0.18609244216234178,1.1102230246251565e-16,-0.09027855929996553,-0.33153261159954844,-1
Brazil,El Salvador,Friendly,2018-09-12,0.35758080792248026,0.621807225144956,-0.1910667963683529,0.19828289786778575,0.35736671663888503,1
Albania,Jordan,Friendly,2018-10-10,-0.14833444644163785,0.29809794155314995,-0.030723086900129593,-0.10568095735082217,0.059246408681443874,0
Poland,Portugal,UEFA Nations League,2018-10-11,-0.2078933142548265,-0.21934210185945258,-0.030723086900129593,-0.09659236421421391,-0.2661644953211055,-1
Russia,Sweden,UEFA Nations League,2018-10-11,0.06461737626074893,-0.044669269788571775,0.10157263294422836,0.04044759867639636,0.053836414981711156,0
Israel,Scotland,UEFA Nations League,2018-10-11,-0.12316162055188373,-0.12050789641833237,0.06655317769131008,0.06798065561734568,0.12157549315605182,1
Argentina,Iraq,Friendly,2018-10-11,0.26982582346182027,0.4871554025426281,0.03891050583657574,0.3116365594038065,0.9519126721345519,1
France,Iceland,Friendly,2018-10-11,0.43941777958277073,0.3816070306561343,0.15134565499351482,0.2738749582853708,0.4808479971217275,0
Mexico,Costa Rica,Friendly,2018-10-11,0.12759784242272443,0.12482732169178146,0.13578145265888453,0.27013118527225743,0.3568202595027106,1
United States,Colombia,Friendly,2018-10-11,-0.08607982907856093,0.023517098296102823,0.11673151750972754,0.11778997927680024,-0.08152867173792344,-1
Wales,Spain,Friendly,2018-10-11,-0.3745830343404746,-0.24475237010913453,-0.17858300907911773,-0.3109050827479565,-0.5076623979820805,-1
Belgium,Switzerland,UEFA Nations League,2018-10-12,-0.01770402220956968,0.05085795088357159,0.08560311284046696,0.5825334186456483,0.6103791903065303,1
Croatia,England,UEFA Nations League,2018-10-12,-0.06590626940639921,-0.24777332413750042,-0.16731517509727634,-0.13686631763544455,0.017832314994182474,0
Austria,Northern Ireland,UEFA Nations League,2018-10-12,0.22511176134973465,0.1312368710625491,0.030723086900129593,-0.06620300289685888,-0.17034339960280148,1
Japan,Panama,Kirin Challenge Cup,2018-10-12,0.1475938103674903,0.28712417365226317,0.07392996108949412,0.17659518180134315,0.4157655101161903,1
South Korea,Uruguay,Friendly,2018-10-12,0.004246796113888784,-0.15830074192545096,0.3657587548638131,-0.050509517370752155,-0.061213945823614835,1
Qatar,Ecuador,Friendly,2018-10-12,-0.20292371131693043,-0.4039590798442614,-0.2762645914396888,0.6024105910886822,0.021921144830118477,1
Saudi Arabia,Brazil,Friendly,2018-10-12,-0.19647839257989075,-0.463928264818827,0.027237354085603127,-0.3702633301687972,-0.44780164412556356,-1
Netherlands,Germany,UEFA Nations League,2018-10-13,-0.0005586995243362924,-0.008554369540282991,-0.011673151750972721,0.11743625592520246,-0.1548987322445594,1
Slovakia,Czech Republic,UEFA Nations League,2018-10-13,-0.06088948931618687,-0.03323729613001225,0.058771076523994825,0.13685303135083382,0.2552704005231975,-1
Norway,Slovenia,UEFA Nations League,2018-10-13,0.11081970877184211,0.17126026593548316,0.29920557717250285,0.26999452568725335,-0.17741856102563375,1
Morocco,Comoros,African Cup of Nations qualification,2018-10-13,0.4402066993120859,0.4106214616349422,0.24083981841763946,-0.1826628528783134,0.0765288217990438,1
Scotland,Portugal,Friendly,2018-10-14,-0.19769084028073292,-0.18501870079057303,-0.09727626459143968,-0.16457301983155959,-0.3877399884771573,-1
Iceland,Switzerland,UEFA Nations League,2018-10-15,-0.2666692588823478,-0.18250040909777576,0.16772049286640733,0.20812178054829622,0.14181187688508062,-1
Spain,England,UEFA Nations League,2018-10-15,0.1351001064631865,-0.028481685584607508,-0.14007782101167343,0.300832862435233,0.47261062200992643,-1
Croatia,Jordan,Friendly,2018-10-15,0.10038401260047425,0.4434612223282315,0.12062256809338523,-0.23247505467354324,0.11213049964778043,1
Saudi Arabia,Iraq,Friendly,2018-10-15,-0.05615289984267435,0.05813926042799045,-0.12840466926070038,-0.2776613896518336,0.29022925948496076,0
France,Germany,UEFA Nations League,2018-10-16,0.0869828536699846,0.0631041280395448,0.0933852140077821,0.07449429575926114,-0.007657993910254568,1
Ukraine,Czech Republic,UEFA Nations League,2018-10-16,0.02121801463351014,0.056516899341583215,0.058771076523994825,0.13685303135083382,0.2552704005231975,1
Norway,Bulgaria,UEFA Nations League,2018-10-16,0.28940506153344714,0.33160808603060943,0.29920557717250285,0.26999452568725335,-0.17741856102563375,1
Belgium,Netherlands,Friendly,2018-10-16,-0.1029109897156717,-0.07659017309495919,-0.12840466926070038,0.057594719646040016,0.13496005463402705,0
Colombia,Costa Rica,Friendly,2018-10-16,0.16704506102115357,0.27019993250953567,-0.18328469520103763,0.20276256748556465,0.21100797451433678,1
Denmark,Austria,Friendly,2018-10-16,0.024788338792133935,0.04343845548166758,-0.030723086900129593,0.06620300289685888,0.17034339960280148,1
Iran,Bolivia,Friendly,2018-10-16,0.24001921544283644,0.0796489433602523,0.015158884565499187,0.1555665259954644,0.024665203476906317,1
Japan,Uruguay,Kirin Challenge Cup,2018-10-16,0.08702116447197472,-0.05739391998436005,0.43579766536964976,0.03364797742377279,0.036402848722119185,1
South Korea,Panama,Friendly,2018-10-16,0.06481944200940437,0.18621735171117226,0.0038910505836574627,0.0924376870068182,0.31814871557045626,0
Mexico,Chile,Friendly,2018-10-16,0.17082278880717627,0.025612662223814642,0.13578145265888453,0.27013118527225743,0.3568202595027106,-1
Oman,Ecuador,Friendly,2018-10-16,-0.19664581022578553,-0.5490611876354938,0.07433527885862512,0.4614702003924588,0.22077342145844248,0
Sweden,Slovakia,Friendly,2018-10-16,0.07354517219610845,0.13913612098972994,-0.10157263294422836,-0.04044759867639636,-0.053836414981711156,0
United States,Peru,Friendly,2018-10-16,0.15410861123827124,0.34366728343918274,-0.06655317769131008,0.3205525467623649,0.12947930277641334,0
Uzbekistan,Qatar,Friendly,2018-10-16,0.1676984881162762,-0.10061236195935797,0.3657587548638132,-0.07565242400072458,-0.10801513149431813,1
Argentina,Brazil,Superclásico de las Américas,2018-10-16,0.12950033072460387,-0.03491212270418931,0.19455252918287924,0.21903461888684295,0.21388176852402752,-1
Comoros,Morocco,African Cup of Nations qualification,2018-10-16,-0.4402066993120859,-0.4106214616349422,-0.24083981841763946,0.1826628528783134,-0.0765288217990438,0
Switzerland,Qatar,Friendly,2018-11-14,0.15673991084897,0.38083739139158235,0.18287937743190658,-0.34906217124451966,0.057040399743243375,-1
Belgium,Iceland,UEFA Nations League,2018-11-15,0.24896523667277815,0.23335835998134735,-0.08211738002594038,0.3744116380973521,0.4685673134214497,1
Croatia,Spain,UEFA Nations League,2018-11-15,-0.2010063758695857,-0.2192916385528929,-0.027237354085602905,-0.43769918007067754,-0.45477830701574395,1
England,United States,Friendly,2018-11-15,0.1183677069619502,0.20217464665214724,0.38521400778210124,-0.3104803264496414,-0.09442752680425925,1
Germany,Russia,Friendly,2018-11-15,0.11958534579235391,0.15333141881140477,0.05796044098573272,0.19938066252610964,0.48850599103198206,1
Peru,Ecuador,Friendly,2018-11-15,-0.2042825161078654,-0.34639819031472774,0.07433527885862512,0.4614702003924588,0.22077342145844248,-1
Poland,Czech Republic,Friendly,2018-11-15,0.005628320533727749,-0.006528838823519401,0.058771076523994825,0.13685303135083382,0.2552704005231975,-1
Uzbekistan,Lebanon,Friendly,2018-11-15,0.29745279144727377,0.0370083941259165,0.015158884565499298,0.06528796669549886,-0.3068674081226421,0
Netherlands,France,UEFA Nations League,2018-11-16,-0.08754155319432089,-0.07165849757982778,-0.10505836575875482,0.04294196016594132,-0.14724073833430484,1
Slovenia,Norway,UEFA Nations League,2018-11-16,-0.11081970877184211,-0.17126026593548316,-0.29920557717250285,-0.26999452568725335,0.17741856102563375,0
Argentina,Mexico,Friendly,2018-11-16,0.17613784853966252,0.2608618937873448,-0.13229571984435817,0.14718633148237126,0.21442822566020192,1
Brazil,Uruguay,Friendly,2018-11-16,0.060418898470331106,0.10983581820473498,0.0700389105058365,0.1079453127310015,0.2030863261099607,1
Honduras,Panama,Friendly,2018-11-16,-0.10680988447785866,-0.09251859705156695,-0.10076199740596625,0.05260961924078611,0.22508227086514676,1
Japan,Venezuela,Kirin Challenge Cup,2018-11-16,0.20111179562549863,0.17545376226768683,0.17469195849546038,0.12398556256055704,0.19068323925104352,0
Egypt,Tunisia,African Cup of Nations qualification,2018-11-16,0.041375532327621256,0.08799607851302937,-0.10894941634241251,-0.16981786896819429,-0.24489908955873985,1
Italy,Portugal,UEFA Nations League,2018-11-17,-0.07034703687692145,-0.0021765251446299594,-0.030723086900129593,-0.09659236421421391,-0.2661644953211055,0
Albania,Scotland,UEFA Nations League,2018-11-17,-0.10498518249343003,-0.11980725856492391,0.06655317769131008,0.06798065561734568,0.12157549315605182,-1
Australia,South Korea,Friendly,2018-11-17,0.013452277907322285,-0.134071058521128,0.09727626459143968,0.0031584167895364335,-0.3503536155846663,0
Jordan,India,Friendly,2018-11-17,0.322600551154705,0.10478509242180545,0.030723086900129593,0.10568095735082217,-0.059246408681443874,1
Uganda,Cape Verde,African Cup of Nations qualification,2018-11-17,-0.10090896342175548,-0.2214471937672018,0.16772049286640722,1.1102230246251565e-16,0.42875151483708746,1
Nicaragua,Haiti,CONCACAF Nations League qualification,2018-11-17,-0.12024298146994572,-0.30436858634326747,0.08600843060959806,0.21016277076685297,0.349368116789524,-1
South Africa,Nigeria,African Cup of Nations qualification,2018-11-17,-0.11045296456440301,-0.21455636441616166,-0.03153372243839181,-0.09532794883734286,-0.10633102558212842,0
Switzerland,Belgium,UEFA Nations League,2018-11-18,0.01770402220956968,-0.05085795088357159,-0.08560311284046696,-0.5825334186456483,-0.6103791903065303,1
England,Croatia,UEFA Nations League,2018-11-18,0.06590626940639921,0.24777332413750042,0.16731517509727634,0.13686631763544455,-0.017832314994182474,1
Northern Ireland,Austria,UEFA Nations League,2018-11-18,-0.22511176134973465,-0.1312368710625491,-0.030723086900129593,0.06620300289685888,0.17034339960280148,-1
Ethiopia,Ghana,African Cup of Nations qualification,2018-11-18,-0.16238037769484537,-0.5810474214557368,0.12491893644617391,0.22471299186885063,0.19908157568017865,-1
Germany,Netherlands,UEFA Nations League,2018-11-19,0.0005586995243362924,0.008554369540282991,0.011673151750972721,-0.11743625592520246,0.1548987322445594,0
Czech Republic,Slovakia,UEFA Nations League,2018-11-19,0.06088948931618687,0.03323729613001225,-0.058771076523994825,-0.13685303135083382,-0.2552704005231975,1
Cyprus,Norway,UEFA Nations League,2018-11-19,-0.4313125334832282,-0.4403499165379432,-0.29920557717250285,-0.26999452568725335,0.17741856102563375,-1
Iceland,Qatar,Friendly,2018-11-19,-0.10992934803337784,0.19833698229380659,0.3505998702983139,-0.14094039069622344,0.198852276628324,0
Portugal,Poland,UEFA Nations League,2018-11-20,0.2078933142548265,0.21934210185945258,0.030723086900129593,0.09659236421421391,0.2661644953211055,0
Sweden,Russia,UEFA Nations League,2018-11-20,-0.06461737626074893,0.044669269788571775,-0.10157263294422836,-0.04044759867639636,-0.053836414981711156,1
Scotland,Israel,UEFA Nations League,2018-11-20,0.12316162055188373,0.12050789641833237,-0.06655317769131008,-0.06798065561734568,-0.12157549315605182,1
Argentina,Mexico,Friendly,2018-11-20,0.17613784853966252,0.2608618937873448,-0.13229571984435817,0.14718633148237126,0.21442822566020192,1
Australia,Lebanon,Friendly,2018-11-20,0.33305441362440424,0.263525617780354,0.2019293125810634,0.04298648455556853,-0.2572871708793568,1
El Salvador,Haiti,Friendly,2018-11-20,-0.12719420825140215,-0.16219400024521446,0.08600843060959806,0.21016277076685297,0.349368116789524,1
France,Uruguay,Friendly,2018-11-20,0.1438873952771973,0.16166735080828243,0.4124513618677042,0.18353737314858654,0.32656760659280315,1
Iran,Venezuela,Friendly,2018-11-20,0.1257855376545327,-0.09994889968662779,0.015158884565499187,0.1555665259954644,0.024665203476906317,0
Iraq,Bolivia,Friendly,2018-11-20,0.14841771467494236,0.00021381825684452238,-0.03542477302204938,0.10568095735082217,-0.3806641869716393,0
Italy,United States,Friendly,2018-11-20,0.03607196441068039,0.11168747595043227,0.06655317769131008,-0.3205525467623649,-0.12947930277641334,1
Japan,Kyrgyzstan,Kirin Challenge Cup,2018-11-20,0.3923325159456281,0.5120555755822451,0.17469195849546038,0.12398556256055704,0.19068323925104352,1
Jordan,Saudi Arabia,Friendly,2018-11-20,0.05528568923977706,-0.15201594237243476,0.19455252918287935,0.2776613896518336,0.031188518805234655,0
South Korea,Uzbekistan,Friendly,2018-11-20,0.02214934426980819,0.3605882821755655,0.08949416342412442,-0.025459898929466762,0.39993385282795163,1
Panama,Ecuador,Friendly,2018-11-20,-0.07789532094025042,-0.3302005113392261,0.17509727626459137,0.4088605811516727,-0.004308849406704285,-1
South Africa,Paraguay,Friendly,2018-11-20,-0.06226045071686337,-0.13282010675181333,0.06614785992217886,0.48735453440802845,0.2908229294074588,0
Tunisia,Morocco,Friendly,2018-11-20,-0.2029386821756336,-0.24463843167821642,-0.2801556420233464,0.06307520847870651,0.1930788113320948,-1
Jordan,Kyrgyzstan,Friendly,2018-12-20,0.22453754660387082,0.06334110658007841,0.030723086900129593,0.10568095735082217,-0.059246408681443874,-1
Qatar,Jordan,Friendly,2018-12-23,-0.10482723140241301,0.08783172684486829,-0.3813229571984435,0.03525943334540127,-0.13960586794688012,1
Qatar,Kyrgyzstan,Friendly,2018-12-25,0.1197103152014578,0.1511728334249467,-0.3505998702983139,0.14094039069622344,-0.198852276628324,1
Qatar,Algeria,Friendly,2018-12-27,-0.1895743863206112,-0.34540075190927144,-0.4941634241245136,0.4645948860726058,-0.19839877241739556,-1
Australia,Oman,Friendly,2018-12-30,0.19702220920226177,0.271006969486312,0.2019293125810634,0.04298648455556853,-0.2572871708793568,1
South Korea,Saudi Arabia,Friendly,2018-12-31,0.14030629022344843,0.19579170468864104,0.2684824902723735,0.21180850006704355,0.18350137219198803,0
Qatar,Iran,Friendly,2018-12-31,-0.1972959427732044,-0.08548008020298381,-0.3657587548638131,-0.01462613529924095,-0.22351748010523032,-1
Australia,Jordan,AFC Asian Cup,2019-01-06,0.09847287889099365,0.2137365885399478,0.1712062256809338,-0.06269447279525364,-0.19804076219791295,-1
South Korea,Philippines,AFC Asian Cup,2019-01-07,0.35918714814198816,0.4033308349915292,0.10465304798962372,0.039828067766032094,0.0930664447053095,1
Finland,Sweden,Friendly,2019-01-08,-0.18130307132185397,-0.26721553071523196,0.10157263294422836,0.04044759867639636,0.053836414981711156,1
Iraq,Vietnam,AFC Asian Cup,2019-01-08,0.12528670762880023,0.14512896214177484,-0.03542477302204938,0.10568095735082217,-0.3806641869716393,1
Qatar,Lebanon,AFC Asian Cup,2019-01-09,0.12975430333099758,0.13762075608527446,-0.3505998702983139,0.14094039069622344,-0.198852276628324,1
Uzbekistan,Oman,AFC Asian Cup,2019-01-09,0.1614205870251313,0.04448974583187448,0.015158884565499298,0.06528796669549886,-0.3068674081226421,1
Iceland,Sweden,Friendly,2019-01-11,-0.1682322038596833,-0.20984075359375653,0.10157263294422836,0.04044759867639636,0.053836414981711156,0
Kyrgyzstan,South Korea,AFC Asian Cup,2019-01-11,-0.3095581475875422,-0.4111487536411542,-0.10465304798962372,-0.039828067766032094,-0.0930664447053095,-1
Vietnam,Iran,AFC Asian Cup,2019-01-12,-0.21688820839669432,-0.22456408724518262,-0.015158884565499187,-0.1555665259954644,-0.024665203476906317,-1
Lebanon,Saudi Arabia,AFC Asian Cup,2019-01-12,-0.17929584549363353,-0.20180497161284094,0.16382944228274976,0.17198043230101145,0.09043492748667853,-1
Oman,Japan,AFC Asian Cup,2019-01-13,-0.2663442996530254,-0.5059848499485309,-0.17469195849546038,-0.12398556256055704,-0.19068323925104352,-1
Iran,Iraq,AFC Asian Cup,2019-01-16,0.09160150076789408,0.07943512510340778,0.05058365758754857,0.04988556864464222,0.4053293904485456,0
Saudi Arabia,Qatar,AFC Asian Cup,2019-01-17,0.049541542162635954,0.06418421552756648,0.18677042801556415,-0.3129208229972349,0.10841734914164547,-1
Japan,Uzbekistan,AFC Asian Cup,2019-01-17,0.10492371262789413,0.4614951041166564,0.15953307392996108,0.05869759586505818,0.49755064737368565,1
Iran,Oman,AFC Asian Cup,2019-01-20,0.1910180416820595,0.23058218799421626,0.015158884565499187,0.1555665259954644,0.024665203476906317,1
Jordan,Vietnam,AFC Asian Cup,2019-01-20,0.12441949702590294,0.051252280197330524,0.030723086900129593,0.10568095735082217,-0.059246408681443874,0
Australia,Uzbekistan,AFC Asian Cup,2019-01-21,0.035601622177130476,0.2265172236544375,0.1867704280155641,-0.02230148213993033,0.04958023724328531,0
Japan,Saudi Arabia,AFC Asian Cup,2019-01-21,0.22308065858153436,0.29669852662973195,0.33852140077821014,0.2959659948615685,0.28111816673772205,1
Qatar,Iraq,AFC Asian Cup,2019-01-22,-0.10569444200531031,-0.006044955099576033,-0.3151750972762645,0.03525943334540127,0.18181191034331529,1
Vietnam,Japan,AFC Asian Cup,2019-01-24,-0.29221446636766024,-0.49996674919949724,-0.17469195849546038,-0.12398556256055704,-0.19068323925104352,-1
South Korea,Qatar,AFC Asian Cup,2019-01-25,0.18984783238608438,0.2599759202162075,0.4552529182879376,-0.10111232293019135,0.2919187213336335,-1
United Arab Emirates,Australia,AFC Asian Cup,2019-01-25,-0.17130656071571626,-0.019231712398057876,-0.2019293125810634,-0.04298648455556853,0.2572871708793568,1
United States,Panama,Friendly,2019-01-27,0.027721416070656257,0.3274696044636811,-0.16731517509727634,0.373162166003151,0.3545615736415601,1
Iran,Japan,AFC Asian Cup,2019-01-28,-0.07532625797096593,-0.2754026619543146,-0.1595330739299612,0.03158096343490735,-0.1660180357741372,-1
United Arab Emirates,Qatar,AFC Asian Cup,2019-01-29,0.031993549577690406,0.10667314929702165,0.3505998702983139,-0.14094039069622344,0.198852276628324,-1
Japan,Qatar,AFC Asian Cup,2019-02-01,0.2726222007441703,0.36088274215729843,0.5252918287937742,-0.0169548281356664,0.3895355158793675,-1
United States,Costa Rica,Friendly,2019-02-02,0.08096523194259264,0.2937170308056385,-0.06655317769131008,0.3205525467623649,0.12947930277641334,1
Germany,Serbia,Friendly,2019-03-20,0.15777597536297483,0.15061045276733864,0.05796044098573272,0.19938066252610964,0.48850599103198206,0
United Arab Emirates,Saudi Arabia,Friendly,2019-03-21,-0.01754799258494555,0.04248893376945517,0.16382944228274976,0.17198043230101145,0.09043492748667853,1
United States,Ecuador,Friendly,2019-03-21,-0.050173904869594166,-0.0027309068755450028,0.007782101167315036,0.7820227471548237,0.3502527242348558,1
Netherlands,Belarus,UEFA Euro qualification,2019-03-21,0.40329688821299525,0.5318429562971541,0.04628728923476,0.3168169184513121,0.33360725878742264,1
Croatia,Azerbaijan,UEFA Euro qualification,2019-03-21,0.44901073961106586,0.33786334092797166,0.15134565499351482,-0.12679409732272107,0.05288409096633656,1
Austria,Poland,UEFA Euro qualification,2019-03-21,0.07029496482223552,0.05951124800244534,0.030723086900129593,-0.06620300289685888,-0.17034339960280148,-1
Belgium,Russia,UEFA Euro qualification,2019-03-21,0.016115656552345925,0.06818687617616259,-0.08211738002594038,0.3744116380973521,0.4685673134214497,1
Kazakhstan,Scotland,UEFA Euro qualification,2019-03-21,-0.2417341331946099,-0.335780512477029,0.06655317769131008,0.06798065561734568,0.12157549315605182,1
Argentina,Venezuela,Friendly,2019-03-22,0.3040098603484589,0.30777137775259256,0.0034857328145263544,0.4173175167546287,0.5712484851629125,-1
Japan,Colombia,Kirin Challenge Cup,2019-03-22,0.03379256521827312,-0.016828332515315125,0.357976653696498,-0.07877700492500761,-0.02032473526329326,-1
South Korea,Bolivia,Friendly,2019-03-22,0.23257110505571643,0.254144783373476,0.10465304798962372,0.039828067766032094,0.0930664447053095,1
Mexico,Chile,Friendly,2019-03-22,0.17082278880717627,0.025612662223814642,0.13578145265888453,0.27013118527225743,0.3568202595027106,1
Peru,Paraguay,Friendly,2019-03-22,-0.09999530501198373,-0.2020930786659929,0.09768158236057067,0.5826824832453713,0.3971539549895872,1
England,Czech Republic,UEFA Euro qualification,2019-03-22,0.2254703404629026,0.3011239085930182,0.377431906614786,0.1469252516635573,0.2903221764953516,1
Portugal,Ukraine,UEFA Euro qualification,2019-03-22,0.1923036201550441,0.15629636369434996,0.030723086900129593,0.09659236421421391,0.2661644953211055,0
Moldova,France,UEFA Euro qualification,2019-03-22,-0.6419926949066341,-0.6098664877146613,-0.15134565499351482,-0.2738749582853708,-0.4808479971217275,-1
Brazil,Panama,Friendly,2019-03-23,0.12099154436584669,0.4543539118413582,-0.29182879377431914,0.25089251710857186,0.5824489875040317,0
Georgia,Switzerland,UEFA Euro qualification,2019-03-23,-0.1914213455278364,-0.06135223036092441,0.16772049286640733,0.20812178054829622,0.14181187688508062,-1
Sweden,Romania,UEFA Euro qualification,2019-03-23,0.09479492667302103,0.1536713825832372,-0.10157263294422836,-0.04044759867639636,-0.053836414981711156,1
Spain,Norway,UEFA Euro qualification,2019-03-23,0.25909518170966694,0.12315196572530684,-0.12062256809338512,0.04091055706070312,0.6850809590077143,1
Netherlands,Germany,UEFA Euro qualification,2019-03-24,-0.0005586995243362924,-0.008554369540282991,-0.011673151750972721,0.11743625592520246,-0.1548987322445594,-1
Hungary,Croatia,UEFA Euro qualification,2019-03-24,-0.15669351768621476,-0.030080144389650787,-0.15134565499351482,0.12679409732272107,-0.05288409096633656,1
Israel,Austria,UEFA Euro qualification,2019-03-24,-0.18325411140002568,-0.14569574335189817,-0.030723086900129593,0.06620300289685888,0.17034339960280148,1
San Marino,Scotland,UEFA Euro qualification,2019-03-24,-0.655260347581732,-0.7266706536523417,0.06655317769131008,0.06798065561734568,0.12157549315605182,-1
Cyprus,Belgium,UEFA Euro qualification,2019-03-24,-0.42322598395982247,-0.42027609050214787,0.08211738002594038,-0.3744116380973521,-0.4685673134214497,-1
Libya,South Africa,African Cup of Nations qualification,2019-03-24,-0.12175067855968269,-0.17519543449834662,0.03153372243839181,0.09532794883734286,0.10633102558212842,-1
Montenegro,England,UEFA Euro qualification,2019-03-25,-0.44558113602491023,-0.44620167515471465,-0.31866083009079116,-0.010072220312723479,-0.03505177597215409,-1
Portugal,Serbia,UEFA Euro qualification,2019-03-25,0.17443920521850464,0.14886274192072113,0.030723086900129593,0.09659236421421391,0.2661644953211055,0
France,Iceland,UEFA Euro qualification,2019-03-25,0.43941777958277073,0.3816070306561343,0.15134565499351482,0.2738749582853708,0.4808479971217275,1
Algeria,Tunisia,Friendly,2019-03-26,0.09884397157800029,0.16395508640012713,0.18287937743190663,-0.20406685097677546,-0.27006113734206705,1
Czech Republic,Brazil,Friendly,2019-03-26,-0.20037276179614283,-0.22583356931854803,0.13229571984435806,-0.33513592921861957,-0.6126371171620826,-1
Honduras,Ecuador,Friendly,2019-03-26,-0.1847052054181091,-0.4227191083907931,0.07433527885862512,0.4614702003924588,0.22077342145844248,0
Japan,Bolivia,Kirin Challenge Cup,2019-03-26,0.31534547341380237,0.3550516053145669,0.17469195849546038,0.12398556256055704,0.19068323925104352,1
South Korea,Colombia,Friendly,2019-03-26,-0.04898180313981282,-0.11773515445640603,0.28793774319066134,-0.16293449971953256,-0.11794152980902728,1
Morocco,Argentina,Friendly,2019-03-26,-0.08185116854888608,-0.06711626045484342,0.2373540856031131,-0.5999803696329421,-0.49471966336386874,-1
Nigeria,Egypt,Friendly,2019-03-26,0.014723066998356238,0.0719484818377012,0.14826523994811946,0.2894055133678012,-0.024708543572398767,1
Paraguay,Mexico,Friendly,2019-03-26,-0.1007459167064193,0.027315504340667207,-0.2334630350194552,-0.8528136685176287,-0.7539742144922978,-1
United States,Chile,Friendly,2019-03-26,0.12419017832704449,0.19450237133767168,-0.06655317769131008,0.3205525467623649,0.12947930277641334,0
Switzerland,Denmark,UEFA Euro qualification,2019-03-26,0.010381113754488913,-0.017862384296856604,-0.16772049286640733,-0.20812178054829622,-0.14181187688508062,0
Malta,Spain,UEFA Euro qualification,2019-03-26,-0.7043085273000942,-0.6034540090136873,-0.17858300907911773,-0.3109050827479565,-0.5076623979820805,-1
Norway,Sweden,UEFA Euro qualification,2019-03-26,0.08881958233650056,0.043591432423386145,0.4007782101167312,0.3104421243636497,-0.12358214604392259,0
Venezuela,Ecuador,Friendly,2019-06-01,-0.13141330619825875,-0.21853009995464978,0.07433527885862512,0.4614702003924588,0.22077342145844248,0
El Salvador,Haiti,Friendly,2019-06-02,-0.12719420825140215,-0.16219400024521446,0.08600843060959806,0.21016277076685297,0.349368116789524,1
France,Bolivia,Friendly,2019-06-02,0.37221170421902494,0.5741128761072094,0.15134565499351482,0.2738749582853708,0.4808479971217275,1
Colombia,Panama,Friendly,2019-06-03,0.11380124514921719,0.3039525061675783,-0.2840466926070039,0.25537218672635076,0.43609024537948354,1
South Africa,Uganda,COSAFA Cup,2019-06-04,0.12821805172229994,0.225410881059394,-0.03153372243839181,-0.09532794883734286,-0.10633102558212842,0
Brazil,Qatar,Friendly,2019-06-05,0.2460199347425267,0.5281124803463935,0.15953307392996102,0.05734250717156231,0.556218993267209,1
Mexico,Venezuela,Friendly,2019-06-05,0.12787201180879637,0.046909483965247745,0.13578145265888453,0.27013118527225743,0.3568202595027106,1
Paraguay,Honduras,Friendly,2019-06-05,0.0804179943222274,0.27841399674205825,-0.09768158236057067,-0.5826824832453713,-0.3971539549895872,0
United States,Jamaica,Friendly,2019-06-05,0.1275898856327049,0.26707564562199426,-0.06655317769131008,0.3205525467623649,0.12947930277641334,-1
Portugal,Switzerland,UEFA Nations League,2019-06-05,0.10242889688596812,0.13425478267219626,0.19844357976653693,0.30471414476251013,0.4079763722061861,1
Chile,Haiti,Friendly,2019-06-06,0.012926293048843185,0.13822654618439278,0.08600843060959806,0.21016277076685297,0.349368116789524,1
Slovakia,Jordan,Friendly,2019-06-06,-0.12006954777221601,0.35687334174270147,-0.030723086900129593,-0.10568095735082217,0.059246408681443874,1
England,Netherlands,UEFA Nations League,2019-06-06,0.029170635054214467,0.09511730425075049,0.27237354085603116,-0.3067446981385886,-0.29855548281526856,-1
Czech Republic,Bulgaria,UEFA Euro qualification,2019-06-07,0.187929796317025,0.1821178287475056,-0.058771076523994825,-0.13685303135083382,-0.2552704005231975,1
Faroe Islands,Spain,UEFA Euro qualification,2019-06-07,-0.657477400370877,-0.7108889241302094,-0.17858300907911773,-0.3109050827479565,-0.5076623979820805,-1
Norway,Romania,UEFA Euro qualification,2019-06-07,0.1836145090095216,0.19726281500662335,0.29920557717250285,0.26999452568725335,-0.17741856102563375,0
Sweden,Malta,UEFA Euro qualification,2019-06-07,0.3563937632539267,0.4367106108649943,-0.10157263294422836,-0.04044759867639636,-0.053836414981711156,1
Austria,Slovenia,UEFA Euro qualification,2019-06-07,0.08526772891138323,0.07475241783130526,0.030723086900129593,-0.06620300289685888,-0.17034339960280148,1
Argentina,Nicaragua,Friendly,2019-06-07,0.4801299118656277,0.7290696885388197,0.0034857328145263544,0.4173175167546287,0.5712484851629125,1
Ivory Coast,Comoros,Friendly,2019-06-07,0.27349130628589813,0.3525505863900764,0.026832036316471908,-0.1195876443996069,-0.04405289186114064,1
South Korea,Australia,Friendly,2019-06-07,-0.013452277907322285,0.134071058521128,-0.09727626459143968,-0.0031584167895364335,0.3503536155846663,1
Tunisia,Iraq,Friendly,2019-06-07,-0.014964027262699409,0.17540071040956828,-0.0038910505836575737,-0.22526860175042906,0.650271820102778,1
Uruguay,Panama,Friendly,2019-06-07,0.06057264589551559,0.3445180936366232,-0.36186770428015563,0.14294720437757036,0.3793626613940711,1
Belarus,Germany,UEFA Euro qualification,2019-06-08,-0.40385558773733155,-0.540397325837437,-0.05796044098573272,-0.19938066252610964,-0.48850599103198206,-1
Croatia,Wales,UEFA Euro qualification,2019-06-08,0.17357665847088888,0.025460731556241623,0.15134565499351482,-0.12679409732272107,0.05288409096633656,1
Scotland,Cyprus,UEFA Euro qualification,2019-06-08,0.34566806277462736,0.3186542215001995,-0.06655317769131008,-0.06798065561734568,-0.12157549315605182,1
Belgium,Kazakhstan,UEFA Euro qualification,2019-06-08,0.319292054379805,0.43740238147897736,-0.08211738002594038,0.3744116380973521,0.4685673134214497,1
Brazil,Honduras,Friendly,2019-06-09,0.22780142884370536,0.5468725088929252,-0.1910667963683529,0.19828289786778575,0.35736671663888503,1
Japan,El Salvador,Kirin Challenge Cup,2019-06-09,0.3841830739241239,0.454577486955861,0.17469195849546038,0.12398556256055704,0.19068323925104352,1
Mexico,Ecuador,Friendly,2019-06-09,-0.0035412943894623794,-0.17162061598940204,0.21011673151750965,0.7316013856647162,0.577593680961153,1
Paraguay,Guatemala,Friendly,2019-06-09,0.10388314863887671,0.421598481985729,-0.09768158236057067,-0.5826824832453713,-0.3971539549895872,1
Peru,Colombia,Friendly,2019-06-09,-0.24018844031683217,-0.3201501851430799,0.18328469520103763,-0.20276256748556465,-0.21100797451433678,-1
United States,Venezuela,Friendly,2019-06-09,0.08123940132866458,0.21579919307910478,-0.06655317769131008,0.3205525467623649,0.12947930277641334,-1
Switzerland,England,UEFA Nations League,2019-06-09,-0.11437760256031648,-0.22256542822928127,-0.4863813229571985,-0.2181940008610197,-0.1768636528572347,0
Portugal,Netherlands,UEFA Nations League,2019-06-09,0.017221929379866108,0.006806658693665479,-0.015564202334630406,-0.2202245542370982,-0.06744276346631717,1
Czech Republic,Montenegro,UEFA Euro qualification,2019-06-10,0.22011079556200763,0.14507776656169646,-0.058771076523994825,-0.13685303135083382,-0.2552704005231975,1
Faroe Islands,Norway,UEFA Euro qualification,2019-06-10,-0.39838221866121004,-0.5877369584049026,-0.29920557717250285,-0.26999452568725335,0.17741856102563375,-1
Spain,Sweden,UEFA Euro qualification,2019-06-10,0.3479147640461675,0.166743398148693,0.2801556420233461,0.35135268142435283,0.5614988129637917,1
North Macedonia,Austria,UEFA Euro qualification,2019-06-10,-0.19506370880348034,-0.2511340361760701,-0.030723086900129593,0.06620300289685888,0.17034339960280148,-1
Germany,Estonia,UEFA Euro qualification,2019-06-11,0.5008401574443349,0.5353431080541458,0.05796044098573272,0.19938066252610964,0.48850599103198206,1
Andorra,France,UEFA Euro qualification,2019-06-11,-0.7994994561776974,-0.7987753647667848,-0.15134565499351482,-0.2738749582853708,-0.4808479971217275,-1
Belgium,Scotland,UEFA Euro qualification,2019-06-11,0.07755792118519511,0.10162186900194836,-0.015564202334630295,0.4423922937146978,0.5901428065775015,1
Croatia,Tunisia,Friendly,2019-06-11,0.11448082926027636,0.17418382997421888,0.19066147859922178,-0.0072064529231141705,-0.21672354216480205,-1
Jordan,Indonesia,Friendly,2019-06-11,0.20173552399645645,-0.1873219476617649,0.030723086900129593,0.10568095735082217,-0.059246408681443874,1
South Korea,Iran,Friendly,2019-06-11,-0.0074481103871200105,0.1744958400132237,0.08949416342412453,-0.1157384582294323,0.06840124122840319,0
Brazil,Bolivia,Copa América,2019-06-14,0.28874320741215875,0.522281343503662,-0.1910667963683529,0.19828289786778575,0.35736671663888503,1
Argentina,Colombia,Copa América,2019-06-15,0.13669062994123338,0.1154892829695906,0.18677042801556398,0.21455494926906404,0.36024051064857576,-1
Ghana,South Africa,Friendly,2019-06-15,-0.06973423045374116,0.2037344045421916,-0.0933852140077821,-0.12938504303150777,-0.09275055009805022,0
Ivory Coast,Uganda,Friendly,2019-06-15,0.2187957061101713,0.46659024155817574,0.026832036316471908,-0.1195876443996069,-0.04405289186114064,-1
Paraguay,Qatar,Copa América,2019-06-16,0.09863650022104875,0.25965396819552655,0.25291828793774324,-0.7236228739415947,-0.19830167836126322,0
Uruguay,Ecuador,Copa América,2019-06-16,-0.017322675044734837,0.014317582297397102,-0.18677042801556426,0.551807785529243,0.3750538119873668,1
Senegal,Nigeria,Friendly,2019-06-16,0.07592766363670123,0.09797474868158274,0.1980382619974057,-0.02682998486149657,-0.10321945587553266,1
Japan,Chile,Copa América,2019-06-17,0.24406257262387854,0.15415694052625373,0.17469195849546038,0.12398556256055704,0.19068323925104352,-1
Brazil,Venezuela,Copa América,2019-06-18,0.17450952962385502,0.34268350045678186,-0.1910667963683529,0.19828289786778575,0.35736671663888503,0
Colombia,Qatar,Copa América,2019-06-19,0.2388296355258972,0.37771107467261356,0.16731517509727628,0.06182217678934121,0.4098602511426608,1
Argentina,Paraguay,Copa América,2019-06-19,0.2768837652460818,0.2335463894466776,0.10116731517509703,1.0,0.9684024401524998,0
Mexico,Canada,Gold Cup,2019-06-19,0.04283669182356897,-0.02325765264301527,0.18287937743190663,0.605040506128793,0.5606541590842549,1
Uruguay,Japan,Copa América,2019-06-20,-0.08702116447197472,0.05739391998436005,-0.43579766536964976,-0.03364797742377279,-0.036402848722119185,0
Nicaragua,Haiti,Gold Cup,2019-06-20,-0.12024298146994572,-0.30436858634326747,0.08600843060959806,0.21016277076685297,0.349368116789524,-1
Ecuador,Chile,Copa América,2019-06-21,0.17436408319663865,0.19723327821321668,-0.07433527885862512,-0.4614702003924588,-0.22077342145844248,-1
DR Congo,Uganda,African Cup of Nations,2019-06-22,0.17012775818573678,0.26002397482161976,0.02683203631647213,-1.1102230246251565e-16,-0.29682823773658956,-1
Brazil,Peru,Copa América,2019-06-22,0.24737873953346168,0.4705515908168598,-0.1910667963683529,0.19828289786778575,0.35736671663888503,1
Colombia,Paraguay,Copa América,2019-06-23,0.14019313530484845,0.118057106477087,-0.08560311284046696,0.785445050730936,0.608161929503924,1
Qatar,Argentina,Copa América,2019-06-23,-0.3755202654671306,-0.49320035764220416,-0.35408560311284026,-0.27637712605840525,-0.7701007617912365,-1
Ivory Coast,South Africa,African Cup of Nations,2019-06-24,0.09057765438787135,0.24117936049878175,0.05836575875486372,-0.02425969556226404,0.06227813372098778,1
Chile,Uruguay,Copa América,2019-06-24,-0.15704140815190382,-0.21155086051061378,0.2611057068741894,-0.09033758513678425,-0.15428039052892434,-1
Ecuador,Japan,Copa América,2019-06-24,-0.06969848942723988,0.04307633768696295,-0.2490272373540855,-0.5854557629530158,-0.411456660709486,0
Haiti,Costa Rica,Gold Cup,2019-06-24,-0.05615123943329503,-0.03901188671642597,-0.08600843060959806,-0.21016277076685297,-0.349368116789524,1
Egypt,DR Congo,African Cup of Nations,2019-06-26,0.05382019110260994,0.1079947888162347,-0.1750972762645916,-0.28940551336780107,0.32153678130898833,1
United States,Panama,Gold Cup,2019-06-26,0.027721416070656257,0.3274696044636811,-0.16731517509727634,0.373162166003151,0.3545615736415601,1
Senegal,Algeria,African Cup of Nations,2019-06-27,0.03318229138467843,0.09396422263218618,0.05447470817120603,0.2968245105148858,-0.10276595166460423,-1
Brazil,Paraguay,Copa América,2019-06-27,0.14738343452147795,0.2684585121508669,-0.09338521400778221,0.780965381113157,0.7545206716284723,0
Morocco,Ivory Coast,African Cup of Nations,2019-06-28,0.16671539302618776,0.05807087524486576,0.21400778210116755,-0.06307520847870651,0.12058171366018444,1
Colombia,Chile,Copa América,2019-06-28,0.21027000740560542,0.17098527304156885,-0.18328469520103763,0.20276256748556465,0.21100797451433678,0
Venezuela,Argentina,Copa América,2019-06-28,-0.3040098603484589,-0.30777137775259256,-0.0034857328145263544,-0.4173175167546287,-0.5712484851629125,-1
Uruguay,Peru,Copa América,2019-06-29,0.18695984106313057,0.36071577261212484,-0.2611057068741894,0.09033758513678425,0.15428039052892434,0
Haiti,Canada,Gold Cup,2019-06-29,-0.14091239003245049,-0.1870968610512227,-0.03891050583657596,0.1247465500896826,-0.1455342172079797,1
Mexico,Costa Rica,Gold Cup,2019-06-29,0.12759784242272443,0.12482732169178146,0.13578145265888453,0.27013118527225743,0.3568202595027106,0
Egypt,Uganda,African Cup of Nations,2019-06-30,0.22394794928834671,0.36801876363785446,-0.14826523994811946,-0.2894055133678012,0.024708543572398767,1
Jamaica,Panama,Gold Cup,2019-06-30,-0.09986846956204865,0.06039395884168686,-0.10076199740596625,0.05260961924078611,0.22508227086514676,1
South Africa,Morocco,African Cup of Nations,2019-07-01,-0.2572930474140591,-0.2992502357436475,-0.27237354085603127,0.08733490404097055,-0.18285984738117222,-1
Brazil,Argentina,Copa América,2019-07-02,-0.12950033072460387,0.03491212270418931,-0.19455252918287924,-0.21903461888684295,-0.21388176852402752,1
Haiti,Mexico,Gold Cup,2019-07-02,-0.18374908185601946,-0.16383920840820743,-0.2217898832684826,-0.4802939560391104,-0.7061883762922346,-1
United States,Jamaica,Gold Cup,2019-07-03,0.1275898856327049,0.26707564562199426,-0.06655317769131008,0.3205525467623649,0.12947930277641334,1
Uganda,Senegal,African Cup of Nations,2019-07-05,-0.3145986799234042,-0.5379419941571384,-0.1980382619974057,0.02682998486149657,0.10321945587553266,-1
Egypt,South Africa,African Cup of Nations,2019-07-06,0.09572989756604677,0.14260788257846047,-0.11673151750972766,-0.19407756453045832,0.1310395691545272,-1
Argentina,Chile,Copa América,2019-07-06,0.3469606373468388,0.28647455601115945,0.0034857328145263544,0.4173175167546287,0.5712484851629125,1
Brazil,Peru,Copa América,2019-07-07,0.24737873953346168,0.4705515908168598,-0.1910667963683529,0.19828289786778575,0.35736671663888503,1
United States,Mexico,Gold Cup,2019-07-07,-0.046632610480131786,0.16888970911385703,-0.2023346303501946,0.05042136149010745,-0.22734095672629728,-1
Ghana,Tunisia,African Cup of Nations,2019-07-08,-0.12408859569216668,0.14912260047676051,-0.08560311284046696,-0.10512534746924374,-0.46868920881131726,0
Nigeria,South Africa,African Cup of Nations,2019-07-10,0.11045296456440301,0.21455636441616166,0.03153372243839181,0.09532794883734286,0.10633102558212842,1
Ivory Coast,Algeria,African Cup of Nations,2019-07-11,-0.06262068242855445,0.02261247003322353,-0.11673151750972777,0.20406685097677546,-0.04359938765021221,0
Algeria,Nigeria,African Cup of Nations,2019-07-14,0.042745372252022795,0.004010526049396557,0.14356355382619967,-0.32365449537638236,-0.00045350421092843485,1
Senegal,Tunisia,African Cup of Nations,2019-07-14,0.13202626296267872,0.2579193090323133,0.23735408560311266,0.09275765953811033,-0.3728270890066713,1
Tunisia,Nigeria,African Cup of Nations,2019-07-17,-0.056098599325977494,-0.15994456035073057,-0.03931582360570696,-0.1195876443996069,0.2696076331311386,-1
Senegal,Algeria,African Cup of Nations,2019-07-19,0.03318229138467843,0.09396422263218618,0.05447470817120603,0.2968245105148858,-0.10276595166460423,-1
Iraq,Lebanon,WAFF Championship,2019-07-30,0.23544874533630789,0.1436657111848505,-0.03542477302204938,0.10568095735082217,-0.3806641869716393,1
Jordan,Saudi Arabia,WAFF Championship,2019-08-10,0.05528568923977706,-0.15201594237243476,0.19455252918287935,0.2776613896518336,0.031188518805234655,1
Malaysia,Jordan,Friendly,2019-08-30,-0.1312415263643929,-0.035972905498785845,-0.030723086900129593,-0.10568095735082217,0.059246408681443874,-1
Argentina,Chile,Friendly,2019-09-05,0.3469606373468388,0.28647455601115945,0.0034857328145263544,0.4173175167546287,0.5712484851629125,0
South Korea,Georgia,Friendly,2019-09-05,0.2245292670649508,-0.059509240814450415,0.10465304798962372,0.039828067766032094,0.0930664447053095,0
Peru,Ecuador,Friendly,2019-09-05,-0.2042825161078654,-0.34639819031472774,0.07433527885862512,0.4614702003924588,0.22077342145844248,-1
Republic of Ireland,Switzerland,UEFA Euro qualification,2019-09-05,-0.15683497134649027,-0.06901528203225604,0.16772049286640733,0.20812178054829622,0.14181187688508062,0
Faroe Islands,Sweden,UEFA Euro qualification,2019-09-05,-0.3095626363247095,-0.5441455259815164,0.10157263294422836,0.04044759867639636,0.053836414981711156,-1
Norway,Malta,UEFA Euro qualification,2019-09-05,0.44521334559042725,0.48030204328838044,0.29920557717250285,0.26999452568725335,-0.17741856102563375,1
Romania,Spain,UEFA Euro qualification,2019-09-05,-0.44270969071918853,-0.3204147807319302,-0.17858300907911773,-0.3109050827479565,-0.5076623979820805,-1
Japan,Paraguay,Kirin Challenge Cup,2019-09-05,0.17398570052312157,0.10122877396177188,0.27237354085603105,0.7066680458059283,0.5878371942406307,1
Brazil,Colombia,Friendly,2019-09-06,0.007190299216629503,0.1504014056737799,-0.0077821011673152585,-0.004479669617778903,0.14635874212454825,0
Costa Rica,Uruguay,Friendly,2019-09-06,-0.11381646176745197,-0.3107655199785806,0.2611057068741894,-0.09033758513678425,-0.15428039052892434,-1
United States,Mexico,Friendly,2019-09-06,-0.046632610480131786,0.16888970911385703,-0.2023346303501946,0.05042136149010745,-0.22734095672629728,-1
Germany,Netherlands,UEFA Euro qualification,2019-09-06,0.0005586995243362924,0.008554369540282991,0.011673151750972721,-0.11743625592520246,0.1548987322445594,-1
Slovakia,Croatia,UEFA Euro qualification,2019-09-06,-0.22045356037269026,-0.08658788058553002,-0.15134565499351482,0.12679409732272107,-0.05288409096633656,-1
Austria,Latvia,UEFA Euro qualification,2019-09-06,0.43623008267891095,0.35563431765348597,0.030723086900129593,-0.06620300289685888,-0.17034339960280148,1
Scotland,Russia,UEFA Euro qualification,2019-09-06,-0.061442264632849186,-0.03343499282578577,-0.06655317769131008,-0.06798065561734568,-0.12157549315605182,-1
San Marino,Belgium,UEFA Euro qualification,2019-09-06,-0.7328182687669271,-0.8282925226542901,0.08211738002594038,-0.3744116380973521,-0.4685673134214497,-1
Kosovo,Czech Republic,UEFA Euro qualification,2019-09-07,-0.025951738953869707,-0.024201598137863378,0.058771076523994825,0.13685303135083382,0.2552704005231975,1
England,Bulgaria,UEFA Euro qualification,2019-09-07,0.4134001367799276,0.4832417373405238,0.31866083009079116,0.010072220312723479,0.03505177597215409,1
Serbia,Portugal,UEFA Euro qualification,2019-09-07,-0.17443920521850464,-0.14886274192072113,-0.030723086900129593,-0.09659236421421391,-0.2661644953211055,-1
France,Albania,UEFA Euro qualification,2019-09-07,0.3729956465886177,0.36967779824165925,0.15134565499351482,0.2738749582853708,0.4808479971217275,1
Switzerland,Gibraltar,UEFA Euro qualification,2019-09-08,0.6393188337394515,0.7439737898999614,-0.16772049286640733,-0.20812178054829622,-0.14181187688508062,1
Spain,Faroe Islands,UEFA Euro qualification,2019-09-08,0.657477400370877,0.7108889241302094,0.17858300907911773,0.3109050827479565,0.5076623979820805,1
Sweden,Norway,UEFA Euro qualification,2019-09-08,-0.08881958233650056,-0.043591432423386145,-0.4007782101167312,-0.3104421243636497,0.12358214604392259,0
Iraq,Uzbekistan,Friendly,2019-09-09,-0.06200404611096588,0.106657317058934,-0.05058365758754868,0.04039299065532331,-0.07379677884899716,0
Northern Ireland,Germany,UEFA Euro qualification,2019-09-09,-0.3460468809267958,-0.29281543576617386,-0.05796044098573272,-0.19938066252610964,-0.48850599103198206,-1
Estonia,Netherlands,UEFA Euro qualification,2019-09-09,-0.5002814579199986,-0.5267887385138628,-0.04628728923476,-0.3168169184513121,-0.33360725878742264,-1
Azerbaijan,Croatia,UEFA Euro qualification,2019-09-09,-0.44901073961106586,-0.33786334092797166,-0.15134565499351482,0.12679409732272107,-0.05288409096633656,0
Poland,Austria,UEFA Euro qualification,2019-09-09,-0.07029496482223552,-0.05951124800244534,-0.030723086900129593,0.06620300289685888,0.17034339960280148,0
Scotland,Belgium,UEFA Euro qualification,2019-09-09,-0.07755792118519511,-0.10162186900194836,0.015564202334630295,-0.4423922937146978,-0.5901428065775015,-1
Argentina,Mexico,Friendly,2019-09-10,0.17613784853966252,0.2608618937873448,-0.13229571984435817,0.14718633148237126,0.21442822566020192,1
Brazil,Peru,Friendly,2019-09-10,0.24737873953346168,0.4705515908168598,-0.1910667963683529,0.19828289786778575,0.35736671663888503,-1
Colombia,Venezuela,Friendly,2019-09-10,0.16731923040722552,0.19228209478300196,-0.18328469520103763,0.20276256748556465,0.21100797451433678,0
Ecuador,Bolivia,Friendly,2019-09-10,0.24564698398656248,0.39812794300152987,-0.07433527885862512,-0.4614702003924588,-0.22077342145844248,1
Ivory Coast,Tunisia,Friendly,2019-09-10,0.036223289149445836,0.18656755643335066,0.06614785992217886,0.0,-0.31366052499227925,1
Jordan,Paraguay,Friendly,2019-09-10,0.006190731181364262,-0.34748569504039484,0.12840466926070027,0.6883634405961935,0.33790754630814335,-1
United States,Uruguay,Friendly,2019-09-10,-0.03285122982485933,-0.017048489172942105,0.1945525291828793,0.23021496162558064,-0.024801087752510997,0
England,Kosovo,UEFA Euro qualification,2019-09-10,0.2514220794167723,0.32532550673088156,0.31866083009079116,0.010072220312723479,0.03505177597215409,1
Montenegro,Czech Republic,UEFA Euro qualification,2019-09-10,-0.22011079556200763,-0.14507776656169646,0.058771076523994825,0.13685303135083382,0.2552704005231975,-1
Lithuania,Portugal,UEFA Euro qualification,2019-09-10,-0.6036418534977925,-0.5133895902361312,-0.030723086900129593,-0.09659236421421391,-0.2661644953211055,-1
France,Andorra,UEFA Euro qualification,2019-09-10,0.7994994561776974,0.7987753647667848,0.15134565499351482,0.2738749582853708,0.4808479971217275,1
Hong Kong,Iran,FIFA World Cup qualification,2019-09-10,-0.36046731159752343,-0.2912540286521441,-0.015158884565499187,-0.1555665259954644,-0.024665203476906317,-1
Qatar,India,FIFA World Cup qualification,2019-09-10,0.21777331975229197,0.19261681926667373,-0.3505998702983139,0.14094039069622344,-0.198852276628324,0
Myanmar,Japan,FIFA World Cup qualification,2019-09-10,-0.5659312253360316,-0.5946065049479445,-0.17469195849546038,-0.12398556256055704,-0.19068323925104352,-1
Jordan,Singapore,Friendly,2019-10-05,0.2770224635305276,0.11794222160429202,0.030723086900129593,0.10568095735082217,-0.059246408681443874,0
Germany,Argentina,Friendly,2019-10-09,-0.13301468758772228,0.023639527268191962,0.054474708171206365,-0.21793685422851905,-0.08274249413093049,0
Netherlands,Northern Ireland,UEFA Euro qualification,2019-10-10,0.3454881814024595,0.28426106622589087,0.04628728923476,0.3168169184513121,0.33360725878742264,1
Croatia,Hungary,UEFA Euro qualification,2019-10-10,0.15669351768621476,0.030080144389650787,0.15134565499351482,-0.12679409732272107,0.05288409096633656,1
Austria,Israel,UEFA Euro qualification,2019-10-10,0.18325411140002568,0.14569574335189817,0.030723086900129593,-0.06620300289685888,-0.17034339960280148,1
Belgium,San Marino,UEFA Euro qualification,2019-10-10,0.7328182687669271,0.8282925226542901,-0.08211738002594038,0.3744116380973521,0.4685673134214497,1
Russia,Scotland,UEFA Euro qualification,2019-10-10,0.061442264632849186,0.03343499282578577,0.06655317769131008,0.06798065561734568,0.12157549315605182,1
Algeria,DR Congo,Friendly,2019-10-10,0.11128863035298897,0.18395379670333245,0.11673151750972754,-0.32365449537638225,0.2963747335256611,0
Brazil,Senegal,Friendly,2019-10-10,0.023263257037237084,0.08874750580493584,-0.3891050583657586,0.22511288272928232,0.4605861725144177,0
Serbia,Paraguay,Friendly,2019-10-10,-0.013906897704615284,0.10657546394753092,0.09768158236057067,0.5826824832453713,0.3971539549895872,1
Haiti,Costa Rica,CONCACAF Nations League,2019-10-10,-0.05615123943329503,-0.03901188671642597,-0.08600843060959806,-0.21016277076685297,-0.349368116789524,0
Iran,Cambodia,FIFA World Cup qualification,2019-10-10,0.5323110723489259,0.35679097413949523,0.015158884565499187,0.1555665259954644,0.024665203476906317,1
Iraq,Hong Kong,FIFA World Cup qualification,2019-10-10,0.26886581082962935,0.21181890354873634,-0.03542477302204938,0.10568095735082217,-0.3806641869716393,1
Saudi Arabia,Singapore,FIFA World Cup qualification,2019-10-10,0.22173677429075056,0.2699581639767268,-0.16382944228274976,-0.17198043230101145,-0.09043492748667853,1
Bangladesh,Qatar,FIFA World Cup qualification,2019-10-10,-0.2917283161697266,-0.1004546956590513,0.3505998702983139,-0.14094039069622344,0.198852276628324,-1
Czech Republic,England,UEFA Euro qualification,2019-10-11,-0.2254703404629026,-0.3011239085930182,-0.377431906614786,-0.1469252516635573,-0.2903221764953516,1
Portugal,Luxembourg,UEFA Euro qualification,2019-10-11,0.5020251705488161,0.4325987471362942,0.030723086900129593,0.09659236421421391,0.2661644953211055,1
Iceland,France,UEFA Euro qualification,2019-10-11,-0.43941777958277073,-0.3816070306561343,-0.15134565499351482,-0.2738749582853708,-0.4808479971217275,-1
Morocco,Libya,Friendly,2019-10-11,0.3790437259737418,0.47444567024199413,0.24083981841763946,-0.1826628528783134,0.0765288217990438,0
Uruguay,Peru,Friendly,2019-10-11,0.18695984106313057,0.36071577261212484,-0.2611057068741894,0.09033758513678425,0.15428039052892434,1
Denmark,Switzerland,UEFA Euro qualification,2019-10-12,-0.010381113754488913,0.017862384296856604,0.16772049286640733,0.20812178054829622,0.14181187688508062,1
Malta,Sweden,UEFA Euro qualification,2019-10-12,-0.3563937632539267,-0.4367106108649943,0.10157263294422836,0.04044759867639636,0.053836414981711156,-1
Norway,Spain,UEFA Euro qualification,2019-10-12,-0.25909518170966694,-0.12315196572530684,0.12062256809338512,-0.04091055706070312,-0.6850809590077143,0
Colombia,Chile,Friendly,2019-10-12,0.21027000740560542,0.17098527304156885,-0.18328469520103763,0.20276256748556465,0.21100797451433678,0
Ivory Coast,DR Congo,Friendly,2019-10-12,0.04866794792443452,0.20656626673655598,-2.220446049250313e-16,-0.11958764439960679,0.2527753458754489,1
Belarus,Netherlands,UEFA Euro qualification,2019-10-13,-0.40329688821299525,-0.5318429562971541,-0.04628728923476,-0.3168169184513121,-0.33360725878742264,-1
Estonia,Germany,UEFA Euro qualification,2019-10-13,-0.5008401574443349,-0.5353431080541458,-0.05796044098573272,-0.19938066252610964,-0.48850599103198206,-1
Wales,Croatia,UEFA Euro qualification,2019-10-13,-0.17357665847088888,-0.025460731556241623,-0.15134565499351482,0.12679409732272107,-0.05288409096633656,0
Slovenia,Austria,UEFA Euro qualification,2019-10-13,-0.08526772891138323,-0.07475241783130526,-0.030723086900129593,0.06620300289685888,0.17034339960280148,-1
Scotland,San Marino,UEFA Euro qualification,2019-10-13,0.655260347581732,0.7266706536523417,-0.06655317769131008,-0.06798065561734568,-0.12157549315605182,1
Kazakhstan,Belgium,UEFA Euro qualification,2019-10-13,-0.319292054379805,-0.43740238147897736,0.08211738002594038,-0.3744116380973521,-0.4685673134214497,-1
Brazil,Nigeria,Friendly,2019-10-13,0.09919092067393831,0.18672225448651858,-0.1910667963683529,0.19828289786778575,0.35736671663888503,0
Ecuador,Argentina,Friendly,2019-10-13,-0.17259655415020014,-0.08924127779794278,-0.07782101167315147,-0.8787877171470875,-0.792021906621355,-1
Slovakia,Paraguay,Friendly,2019-10-13,-0.11387881659085175,0.009387646702306629,0.09768158236057067,0.5826824832453713,0.3971539549895872,0
Bulgaria,England,UEFA Euro qualification,2019-10-14,-0.4134001367799276,-0.4832417373405238,-0.31866083009079116,-0.010072220312723479,-0.03505177597215409,-1
Ukraine,Portugal,UEFA Euro qualification,2019-10-14,-0.1923036201550441,-0.15629636369434996,-0.030723086900129593,-0.09659236421421391,-0.2661644953211055,1
Czech Republic,Northern Ireland,Friendly,2019-10-14,0.14918847599377139,0.07825446188362317,-0.058771076523994825,-0.13685303135083382,-0.2552704005231975,-1
Switzerland,Republic of Ireland,UEFA Euro qualification,2019-10-15,0.15683497134649027,0.06901528203225604,-0.16772049286640733,-0.20812178054829622,-0.14181187688508062,1
Sweden,Spain,UEFA Euro qualification,2019-10-15,-0.3479147640461675,-0.166743398148693,-0.2801556420233461,-0.35135268142435283,-0.5614988129637917,0
Romania,Norway,UEFA Euro qualification,2019-10-15,-0.1836145090095216,-0.19726281500662335,-0.29920557717250285,-0.26999452568725335,0.17741856102563375,0
Algeria,Colombia,Friendly,2019-10-15,-0.04925524920528601,-0.032310322763342114,0.3268482490272373,-0.526417062861947,-0.21146147872526522,1
Bolivia,Haiti,Friendly,2019-10-15,-0.058356607741080646,-0.06266811860392041,0.08600843060959806,0.21016277076685297,0.349368116789524,1
Peru,Uruguay,Friendly,2019-10-15,-0.18695984106313057,-0.36071577261212484,0.2611057068741894,-0.09033758513678425,-0.15428039052892434,0
Canada,United States,CONCACAF Nations League,2019-10-15,0.0037959186565628134,-0.14563205647084176,0.01945525291828798,-0.6554618676189005,-0.33331320235795764,1
Mexico,Panama,CONCACAF Nations League,2019-10-15,0.07435402655078804,0.15857989534982408,0.035019455252918275,0.32274080451304354,0.5819025303678573,1
Cambodia,Iraq,FIFA World Cup qualification,2019-10-15,-0.44070957158103186,-0.27735584903608745,0.03542477302204938,-0.10568095735082217,0.3806641869716393,-1
Singapore,Uzbekistan,FIFA World Cup qualification,2019-10-15,-0.3398937202443908,-0.10516158648980234,-0.015158884565499298,-0.06528796669549886,0.3068674081226421,-1
Qatar,Oman,FIFA World Cup qualification,2019-10-15,-0.0062779010911449,0.14510210779123245,-0.3505998702983139,0.14094039069622344,-0.198852276628324,1
Tajikistan,Japan,FIFA World Cup qualification,2019-10-15,-0.3901734844080127,-0.47336384438545664,-0.17469195849546038,-0.12398556256055704,-0.19068323925104352,-1
Uzbekistan,Kyrgyzstan,Friendly,2019-11-09,0.287408803317734,0.05056047146558873,0.015158884565499298,0.06528796669549886,-0.3068674081226421,1
Ghana,South Africa,African Cup of Nations qualification,2019-11-14,-0.06973423045374116,0.2037344045421916,-0.0933852140077821,-0.12938504303150777,-0.09275055009805022,1
England,Montenegro,UEFA Euro qualification,2019-11-14,0.44558113602491023,0.44620167515471465,0.31866083009079116,0.010072220312723479,0.03505177597215409,1
Czech Republic,Kosovo,UEFA Euro qualification,2019-11-14,0.025951738953869707,0.024201598137863378,-0.058771076523994825,-0.13685303135083382,-0.2552704005231975,1
Portugal,Lithuania,UEFA Euro qualification,2019-11-14,0.6036418534977925,0.5133895902361312,0.030723086900129593,0.09659236421421391,0.2661644953211055,1
France,Moldova,UEFA Euro qualification,2019-11-14,0.6419926949066341,0.6098664877146613,0.15134565499351482,0.2738749582853708,0.4808479971217275,1
Bulgaria,Paraguay,Friendly,2019-11-14,-0.24091912359168988,-0.13949288591518672,0.09768158236057067,0.5826824832453713,0.3971539549895872,-1
Qatar,Singapore,Friendly,2019-11-14,0.1721952321281146,0.2057739484491603,-0.3505998702983139,0.14094039069622344,-0.198852276628324,1
Republic of Ireland,New Zealand,Friendly,2019-11-14,-0.02312065484887116,0.2873736670332856,-0.0034857328145263544,0.2894055133678012,0.30421594125189383,1
Jordan,Australia,FIFA World Cup qualification,2019-11-14,-0.09847287889099365,-0.2137365885399478,-0.1712062256809338,0.06269447279525364,0.19804076219791295,-1
Iraq,Iran,FIFA World Cup qualification,2019-11-14,-0.09160150076789408,-0.07943512510340778,-0.05058365758754857,-0.04988556864464222,-0.4053293904485456,1
Uzbekistan,Saudi Arabia,FIFA World Cup qualification,2019-11-14,0.11815694595364024,-0.16479657748692444,0.17898832684824906,0.2372683989965103,-0.2164324806359636,-1
Kyrgyzstan,Japan,FIFA World Cup qualification,2019-11-14,-0.3923325159456281,-0.5120555755822451,-0.17469195849546038,-0.12398556256055704,-0.19068323925104352,-1
Lebanon,South Korea,FIFA World Cup qualification,2019-11-14,-0.31960213571708196,-0.397596676301482,-0.10465304798962372,-0.039828067766032094,-0.0930664447053095,0
Tunisia,Libya,African Cup of Nations qualification,2019-11-15,0.1761050437981082,0.22980723856377772,-0.03931582360570696,-0.1195876443996069,0.2696076331311386,1
Switzerland,Georgia,UEFA Euro qualification,2019-11-15,0.1914213455278364,0.06135223036092441,-0.16772049286640733,-0.20812178054829622,-0.14181187688508062,1
Norway,Faroe Islands,UEFA Euro qualification,2019-11-15,0.39838221866121004,0.5877369584049026,0.29920557717250285,0.26999452568725335,-0.17741856102563375,1
Spain,Malta,UEFA Euro qualification,2019-11-15,0.7043085273000942,0.6034540090136873,0.17858300907911773,0.3109050827479565,0.5076623979820805,1
Romania,Sweden,UEFA Euro qualification,2019-11-15,-0.09479492667302103,-0.1536713825832372,0.10157263294422836,0.04044759867639636,0.053836414981711156,-1
Brazil,Argentina,Superclásico de las Américas,2019-11-15,-0.12950033072460387,0.03491212270418931,-0.19455252918287924,-0.21903461888684295,-0.21388176852402752,-1
United States,Canada,CONCACAF Nations League,2019-11-15,-0.0037959186565628134,0.14563205647084176,-0.01945525291828798,0.6554618676189005,0.33331320235795764,1
Panama,Mexico,CONCACAF Nations League,2019-11-15,-0.07435402655078804,-0.15857989534982408,-0.035019455252918275,-0.32274080451304354,-0.5819025303678573,-1
Colombia,Peru,Friendly,2019-11-15,0.24018844031683217,0.3201501851430799,-0.18328469520103763,0.20276256748556465,0.21100797451433678,1
Hungary,Uruguay,Friendly,2019-11-15,-0.1370833099555231,-0.09272731104794607,0.2611057068741894,-0.09033758513678425,-0.15428039052892434,-1
Northern Ireland,Netherlands,UEFA Euro qualification,2019-11-16,-0.3454881814024595,-0.28426106622589087,-0.04628728923476,-0.3168169184513121,-0.33360725878742264,0
Germany,Belarus,UEFA Euro qualification,2019-11-16,0.40385558773733155,0.540397325837437,0.05796044098573272,0.19938066252610964,0.48850599103198206,1
Croatia,Slovakia,UEFA Euro qualification,2019-11-16,0.22045356037269026,0.08658788058553002,0.15134565499351482,-0.12679409732272107,0.05288409096633656,1
Austria,North Macedonia,UEFA Euro qualification,2019-11-16,0.19506370880348034,0.2511340361760701,0.030723086900129593,-0.06620300289685888,-0.17034339960280148,1
Cyprus,Scotland,UEFA Euro qualification,2019-11-16,-0.34566806277462736,-0.3186542215001995,0.06655317769131008,0.06798065561734568,0.12157549315605182,-1
Russia,Belgium,UEFA Euro qualification,2019-11-16,-0.016115656552345925,-0.06818687617616259,0.08211738002594038,-0.3744116380973521,-0.4685673134214497,-1
Kosovo,England,UEFA Euro qualification,2019-11-17,-0.2514220794167723,-0.32532550673088156,-0.31866083009079116,-0.010072220312723479,-0.03505177597215409,-1
Bulgaria,Czech Republic,UEFA Euro qualification,2019-11-17,-0.187929796317025,-0.1821178287475056,0.058771076523994825,0.13685303135083382,0.2552704005231975,1
Luxembourg,Portugal,UEFA Euro qualification,2019-11-17,-0.5020251705488161,-0.4325987471362942,-0.030723086900129593,-0.09659236421421391,-0.2661644953211055,-1
Albania,France,UEFA Euro qualification,2019-11-17,-0.3729956465886177,-0.36967779824165925,-0.15134565499351482,-0.2738749582853708,-0.4808479971217275,-1
Costa Rica,Haiti,CONCACAF Nations League,2019-11-17,0.05615123943329503,0.03901188671642597,0.08600843060959806,0.21016277076685297,0.349368116789524,0
Lithuania,New Zealand,Friendly,2019-11-17,-0.3674986401142053,-0.02274585849839328,-0.0034857328145263544,0.2894055133678012,0.30421594125189383,1
Comoros,Egypt,African Cup of Nations qualification,2019-11-18,-0.27864354946407355,-0.25397910846975513,0.14826523994811946,0.2894055133678012,-0.024708543572398767,0
Gibraltar,Switzerland,UEFA Euro qualification,2019-11-18,-0.6393188337394515,-0.7439737898999614,0.16772049286640733,0.20812178054829622,0.14181187688508062,-1
Malta,Norway,UEFA Euro qualification,2019-11-18,-0.44521334559042725,-0.48030204328838044,-0.29920557717250285,-0.26999452568725335,0.17741856102563375,-1
Spain,Romania,UEFA Euro qualification,2019-11-18,0.44270969071918853,0.3204147807319302,0.17858300907911773,0.3109050827479565,0.5076623979820805,1
Sweden,Faroe Islands,UEFA Euro qualification,2019-11-18,0.3095626363247095,0.5441455259815164,-0.10157263294422836,-0.04044759867639636,-0.053836414981711156,1
Argentina,Uruguay,Friendly,2019-11-18,0.18991922919493498,0.07492369550054567,0.26459143968871573,0.32697993161784444,0.4169680946339882,0
Ethiopia,Ivory Coast,African Cup of Nations qualification,2019-11-19,-0.3226922625364579,-0.618492377412327,-0.026832036316471908,0.1195876443996069,0.04405289186114064,1
Germany,Northern Ireland,UEFA Euro qualification,2019-11-19,0.3460468809267958,0.29281543576617386,0.05796044098573272,0.19938066252610964,0.48850599103198206,1
Netherlands,Estonia,UEFA Euro qualification,2019-11-19,0.5002814579199986,0.5267887385138628,0.04628728923476,0.3168169184513121,0.33360725878742264,1
Japan,Venezuela,Kirin Challenge Cup,2019-11-19,0.20111179562549863,0.17545376226768683,0.17469195849546038,0.12398556256055704,0.19068323925104352,-1
Latvia,Austria,UEFA Euro qualification,2019-11-19,-0.43623008267891095,-0.35563431765348597,-0.030723086900129593,0.06620300289685888,0.17034339960280148,1
Scotland,Kazakhstan,UEFA Euro qualification,2019-11-19,0.2417341331946099,0.335780512477029,-0.06655317769131008,-0.06798065561734568,-0.12157549315605182,1
Belgium,Cyprus,UEFA Euro qualification,2019-11-19,0.42322598395982247,0.42027609050214787,-0.08211738002594038,0.3744116380973521,0.4685673134214497,1
Brazil,South Korea,Friendly,2019-11-19,0.05617210235644232,0.26813656013018594,-0.2957198443579766,0.15845483010175365,0.2643002719335755,1
Croatia,Georgia,Friendly,2019-11-19,0.23989267868175368,0.03614433445270526,0.15134565499351482,-0.12679409732272107,0.05288409096633656,1
Ecuador,Colombia,Friendly,2019-11-19,-0.035905924208966766,0.026248005171647826,0.10894941634241251,-0.6642327678780234,-0.43178139597277926,-1
Saudi Arabia,Paraguay,Friendly,2019-11-19,-0.049094958058412796,-0.19546975266796007,-0.06614785992217909,0.41070205094435985,0.3067190275029087,0
Qatar,Iraq,Gulf Cup,2019-11-26,-0.10569444200531031,-0.006044955099576033,-0.3151750972762645,0.03525943334540127,0.18181191034331529,-1
United Arab Emirates,Iraq,Gulf Cup,2019-11-29,-0.0737008924276199,0.10062819419744562,0.03542477302204938,-0.10568095735082217,0.3806641869716393,-1
Qatar,United Arab Emirates,Gulf Cup,2019-12-02,-0.031993549577690406,-0.10667314929702165,-0.3505998702983139,0.14094039069622344,-0.198852276628324,1
Oman,Saudi Arabia,Gulf Cup,2019-12-02,-0.043263641071491055,-0.20928632331879893,0.16382944228274976,0.17198043230101145,0.09043492748667853,-1
Qatar,Saudi Arabia,Gulf Cup,2019-12-05,-0.049541542162635954,-0.06418421552756648,-0.18677042801556415,0.3129208229972349,-0.10841734914164547,-1
South Korea,Hong Kong,EAFF Championship,2019-12-11,0.3530192012104034,0.4657498686653678,0.10465304798962372,0.039828067766032094,0.0930664447053095,1
Japan,Hong Kong,EAFF Championship,2019-12-14,0.43579356956848936,0.5666566906064587,0.17469195849546038,0.12398556256055704,0.19068323925104352,1
South Korea,Japan,EAFF Championship,2019-12-18,-0.08277436835808594,-0.10090682194109091,-0.07003891050583666,-0.08415749479452495,-0.09761679454573402,1
Moldova,Sweden,Friendly,2020-01-09,-0.3708071191835467,-0.43810021065228355,0.10157263294422836,0.04044759867639636,0.053836414981711156,-1
Kosovo,Sweden,Friendly,2020-01-12,-0.03860742183379129,-0.13010042299758107,0.10157263294422836,0.04044759867639636,0.053836414981711156,-1
Canada,Iceland,Friendly,2020-01-15,0.2664750731372769,0.05725913420406803,-0.047097924773022104,-0.3349093208565356,-0.2038338995815443,-1
United States,Costa Rica,Friendly,2020-02-01,0.08096523194259264,0.2937170308056385,-0.06655317769131008,0.3205525467623649,0.12947930277641334,1
Germany,Spain,UEFA Nations League,2020-09-03,-0.16371204199306466,-0.05808124912585999,-0.12062256809338501,-0.11152442022184683,-0.01915640695009846,0
Ukraine,Switzerland,UEFA Nations League,2020-09-03,-0.08987472326907597,-0.0220415810221537,0.16772049286640733,0.20812178054829622,0.14181187688508062,1
Netherlands,Poland,UEFA Nations League,2020-09-04,0.19067138487496038,0.2125354431657871,0.04628728923476,0.3168169184513121,0.33360725878742264,1
Norway,Austria,UEFA Nations League,2020-09-04,0.025551979860458873,0.0965078481041779,0.26848249027237325,0.3361975285841122,-0.007075161422832266,-1
Scotland,Israel,UEFA Nations League,2020-09-04,0.12316162055188373,0.12050789641833237,-0.06655317769131008,-0.06798065561734568,-0.12157549315605182,0
Slovakia,Czech Republic,UEFA Nations League,2020-09-04,-0.06088948931618687,-0.03323729613001225,0.058771076523994825,0.13685303135083382,0.2552704005231975,-1
Iceland,England,UEFA Nations League,2020-09-05,-0.3810468614426643,-0.40506583732705703,-0.31866083009079116,-0.010072220312723479,-0.03505177597215409,-1
Denmark,Belgium,UEFA Nations League,2020-09-05,0.007322908455080768,-0.032995566586714986,0.08211738002594038,-0.3744116380973521,-0.4685673134214497,-1
Portugal,Croatia,UEFA Nations League,2020-09-05,0.05395756373205085,0.1594626785804154,-0.12062256809338523,0.22338646153693498,0.21328040435476892,1
Sweden,France,UEFA Nations League,2020-09-05,-0.27118557572308744,-0.1717662770623778,-0.2529182879377432,-0.31432255696176714,-0.5346844121034386,-1
Spain,Ukraine,UEFA Nations League,2020-09-06,0.33935243229257894,0.21612532366682746,0.17858300907911773,0.3109050827479565,0.5076623979820805,1
Switzerland,Germany,UEFA Nations League,2020-09-06,-0.08576566703043831,-0.13600249351881377,-0.22568093385214005,-0.40750244307440586,-0.6303178679170627,0
Netherlands,Italy,UEFA Nations League,2020-09-07,0.053125107497055346,-0.00463013354903552,0.04628728923476,0.3168169184513121,0.33360725878742264,-1
Northern Ireland,Norway,UEFA Nations League,2020-09-07,-0.2506637412101935,-0.227744719166727,-0.29920557717250285,-0.26999452568725335,0.17741856102563375,-1
Austria,Romania,UEFA Nations League,2020-09-07,0.1580625291490627,0.10075496690244545,0.030723086900129593,-0.06620300289685888,-0.17034339960280148,-1
Czech Republic,Scotland,UEFA Nations League,2020-09-07,-0.015830794507821322,-0.027794562245360144,0.0077821011673152585,-0.06887237573348814,-0.13369490736714568,-1
Belgium,Iceland,UEFA Nations League,2020-09-08,0.24896523667277815,0.23335835998134735,-0.08211738002594038,0.3744116380973521,0.4685673134214497,1
Denmark,England,UEFA Nations League,2020-09-08,-0.1247587163148054,-0.20470304393242467,-0.31866083009079116,-0.010072220312723479,-0.03505177597215409,0
France,Croatia,UEFA Nations League,2020-09-08,0.12427718754650563,0.2243145174665777,0.0,0.40066905560809185,0.4279639061553909,1
Sweden,Portugal,UEFA Nations League,2020-09-08,-0.20086595190863266,-0.10691443817621549,-0.13229571984435795,-0.13703996289061027,-0.32000091030281663,-1
Andorra,Cape Verde,Friendly,2020-10-07,-0.4790779858319454,-0.3417015259683649,0.16772049286640722,1.1102230246251565e-16,0.42875151483708746,-1
Austria,Greece,Friendly,2020-10-07,0.05705043382560526,-0.014133598968109062,0.030723086900129593,-0.06620300289685888,-0.17034339960280148,1
Cyprus,Czech Republic,Friendly,2020-10-07,-0.32983726826680604,-0.29085965925483936,0.058771076523994825,0.13685303135083382,0.2552704005231975,-1
France,Ukraine,Friendly,2020-10-07,0.2626232439694989,0.22114820258051227,0.15134565499351482,0.2738749582853708,0.4808479971217275,1
Netherlands,Mexico,Friendly,2020-10-07,0.04256446142760395,0.2759470515152538,-0.08949416342412453,0.04668573317905467,-0.02321300071528798,-1
Portugal,Spain,Friendly,2020-10-07,-0.14704881213753485,-0.0598289599724775,-0.14785992217898813,-0.21431271853374256,-0.24149790266097504,0
Switzerland,Croatia,Friendly,2020-10-07,-0.04847133315391727,0.025207895908219147,-0.31906614785992216,-0.08132768322557515,-0.19469596785141718,-1
Belgium,Ivory Coast,Friendly,2020-10-08,0.012082184747343572,0.06368212033265896,-0.10894941634241229,0.493999282496959,0.5126202052825903,0
England,Wales,Friendly,2020-10-08,0.2394829278772881,0.27323405569374204,0.31866083009079116,0.010072220312723479,0.03505177597215409,1
Russia,Sweden,Friendly,2020-10-08,0.06461737626074893,-0.044669269788571775,0.10157263294422836,0.04044759867639636,0.053836414981711156,-1
Uzbekistan,Iran,Friendly,2020-10-08,-0.0295974546569282,-0.18609244216234178,1.1102230246251565e-16,-0.09027855929996553,-0.33153261159954844,-1
Paraguay,Peru,FIFA World Cup qualification,2020-10-08,0.09999530501198373,0.2020930786659929,-0.09768158236057067,-0.5826824832453713,-0.3971539549895872,0
Uruguay,Chile,FIFA World Cup qualification,2020-10-08,0.15704140815190382,0.21155086051061378,-0.2611057068741894,0.09033758513678425,0.15428039052892434,1
Argentina,Ecuador,FIFA World Cup qualification,2020-10-08,0.17259655415020014,0.08924127779794278,0.07782101167315147,0.8787877171470875,0.792021906621355,1
Scotland,Israel,UEFA Euro qualification,2020-10-08,0.12316162055188373,0.12050789641833237,-0.06655317769131008,-0.06798065561734568,-0.12157549315605182,0
Norway,Serbia,UEFA Euro qualification,2020-10-08,0.062392835646372546,0.08553973616789179,0.29920557717250285,0.26999452568725335,-0.17741856102563375,-1
Morocco,Senegal,Friendly,2020-10-09,0.07091241921295488,-0.013280877354096887,0.042801556420233755,-0.15583286801681684,0.17974827767457646,1
Nigeria,Algeria,Friendly,2020-10-09,-0.042745372252022795,-0.004010526049396557,-0.14356355382619967,0.32365449537638236,0.00045350421092843485,-1
Colombia,Venezuela,FIFA World Cup qualification,2020-10-09,0.16731923040722552,0.19228209478300196,-0.18328469520103763,0.20276256748556465,0.21100797451433678,1
Brazil,Bolivia,FIFA World Cup qualification,2020-10-09,0.28874320741215875,0.522281343503662,-0.1910667963683529,0.19828289786778575,0.35736671663888503,1
Spain,Switzerland,UEFA Nations League,2020-10-10,0.24947770902350297,0.19408374264467376,0.34630350194552506,0.5190268632962527,0.6494742748671611,1
Ukraine,Germany,UEFA Nations League,2020-10-10,-0.17564039029951428,-0.15804407454096747,-0.05796044098573272,-0.19938066252610964,-0.48850599103198206,-1
Costa Rica,Panama,Friendly,2020-10-10,-0.053243815871936384,0.03375257365804263,-0.10076199740596625,0.05260961924078611,0.22508227086514676,-1
England,Belgium,UEFA Nations League,2020-10-11,0.13208162476988616,0.17170747734570968,0.40077821011673154,-0.36433941778462864,-0.4335155374492956,1
Croatia,Sweden,UEFA Nations League,2020-10-11,0.1469083881765818,-0.05254824040419992,0.2529182879377432,-0.08634649864632471,0.10672050594804772,1
France,Portugal,UEFA Nations League,2020-10-11,0.07031962381445478,0.0648518388861623,0.12062256809338523,0.17728259407115687,0.214683501800622,0
Norway,Romania,UEFA Nations League,2020-10-11,0.1836145090095216,0.19726281500662335,0.29920557717250285,0.26999452568725335,-0.17741856102563375,1
Northern Ireland,Austria,UEFA Nations League,2020-10-11,-0.22511176134973465,-0.1312368710625491,-0.030723086900129593,0.06620300289685888,0.17034339960280148,-1
Scotland,Slovakia,UEFA Nations League,2020-10-11,0.0767202838240082,0.061031858375372394,-0.06655317769131008,-0.06798065561734568,-0.12157549315605182,1
Israel,Czech Republic,UEFA Nations League,2020-10-11,-0.10733082604406241,-0.09271333417297223,0.058771076523994825,0.13685303135083382,0.2552704005231975,-1
Ghana,Qatar,Friendly,2020-10-12,-0.03335818094955578,0.33056826598590483,0.22568093385214,-0.36565338256507407,-0.00022929905185464783,1
United Arab Emirates,Uzbekistan,Friendly,2020-10-12,-0.13570493853858578,0.20728551125637962,-0.015158884565499298,-0.06528796669549886,0.3068674081226421,-1
Germany,Switzerland,UEFA Nations League,2020-10-13,0.08576566703043831,0.13600249351881377,0.22568093385214005,0.40750244307440586,0.6303178679170627,0
Ukraine,Spain,UEFA Nations League,2020-10-13,-0.33935243229257894,-0.21612532366682746,-0.17858300907911773,-0.3109050827479565,-0.5076623979820805,1
Costa Rica,Panama,Friendly,2020-10-13,-0.053243815871936384,0.03375257365804263,-0.10076199740596625,0.05260961924078611,0.22508227086514676,-1
Japan,Ivory Coast,Friendly,2020-10-13,0.14566849685211358,-0.007130479785196542,0.14785992217898847,0.24357320696016393,0.23473613111218417,1
Mexico,Algeria,Friendly,2020-10-13,0.009808030606856866,-0.1130622880544121,-0.0077821011673151474,0.5937856806486398,0.35727376371363906,0
Morocco,DR Congo,Friendly,2020-10-13,0.21538334095062228,0.26463714198142174,0.21400778210116733,-0.1826628528783133,0.37335705953563336,0
Nigeria,Tunisia,Friendly,2020-10-13,0.056098599325977494,0.15994456035073057,0.03931582360570696,0.1195876443996069,-0.2696076331311386,0
Bolivia,Argentina,FIFA World Cup qualification,2020-10-13,-0.4182435381367626,-0.48736922079947265,-0.0034857328145263544,-0.4173175167546287,-0.5712484851629125,-1
Ecuador,Uruguay,FIFA World Cup qualification,2020-10-13,0.017322675044734837,-0.014317582297397102,0.18677042801556426,-0.551807785529243,-0.3750538119873668,1
Venezuela,Paraguay,FIFA World Cup qualification,2020-10-13,-0.027126095102377068,-0.07422498830591495,0.09768158236057067,0.5826824832453713,0.3971539549895872,-1
Peru,Brazil,FIFA World Cup qualification,2020-10-13,-0.24737873953346168,-0.4705515908168598,0.1910667963683529,-0.19828289786778575,-0.35736671663888503,-1
Chile,Colombia,FIFA World Cup qualification,2020-10-13,-0.21027000740560542,-0.17098527304156885,0.18328469520103763,-0.20276256748556465,-0.21100797451433678,0
Italy,Netherlands,UEFA Nations League,2020-10-14,-0.053125107497055346,0.00463013354903552,-0.04628728923476,-0.3168169184513121,-0.33360725878742264,0
Iceland,Belgium,UEFA Nations League,2020-10-14,-0.24896523667277815,-0.23335835998134735,0.08211738002594038,-0.3744116380973521,-0.4685673134214497,-1
England,Denmark,UEFA Nations League,2020-10-14,0.1247587163148054,0.20470304393242467,0.31866083009079116,0.010072220312723479,0.03505177597215409,-1
Portugal,Sweden,UEFA Nations League,2020-10-14,0.20086595190863266,0.10691443817621549,0.13229571984435795,0.13703996289061027,0.32000091030281663,1
Croatia,France,UEFA Nations League,2020-10-14,-0.12427718754650563,-0.2243145174665777,0.0,-0.40066905560809185,-0.4279639061553909,-1
Norway,Northern Ireland,UEFA Nations League,2020-10-14,0.2506637412101935,0.227744719166727,0.29920557717250285,0.26999452568725335,-0.17741856102563375,1
Romania,Austria,UEFA Nations League,2020-10-14,-0.1580625291490627,-0.10075496690244545,-0.030723086900129593,0.06620300289685888,0.17034339960280148,-1
Scotland,Czech Republic,UEFA Nations League,2020-10-14,0.015830794507821322,0.027794562245360144,-0.0077821011673152585,0.06887237573348814,0.13369490736714568,1
Belgium,Switzerland,Friendly,2020-11-11,-0.01770402220956968,0.05085795088357159,0.08560311284046696,0.5825334186456483,0.6103791903065303,1
Denmark,Sweden,Friendly,2020-11-11,0.08805594126817562,-0.009477960199124169,0.10157263294422836,0.04044759867639636,0.053836414981711156,1
France,Finland,Friendly,2020-11-11,0.4524886470449414,0.43898180777760976,0.15134565499351482,0.2738749582853708,0.4808479971217275,-1
Germany,Czech Republic,Friendly,2020-11-11,0.19685840493302442,0.2145609738825507,0.11673151750972754,0.33623369387694346,0.7437763915551796,1
Luxembourg,Austria,Friendly,2020-11-11,-0.36442682111622515,-0.27276789327928697,-0.030723086900129593,0.06620300289685888,0.17034339960280148,-1
Netherlands,Spain,Friendly,2020-11-11,-0.16427074151740095,-0.06663561866614298,-0.13229571984435773,0.005911835703355628,-0.17405513919465787,0
Portugal,Andorra,Friendly,2020-11-11,0.7291798323632426,0.7339235258806225,0.030723086900129593,0.09659236421421391,0.2661644953211055,1
Serbia,Scotland,UEFA Euro qualification,2020-11-12,0.02325163506222827,0.0361559588698519,0.06655317769131008,0.06798065561734568,0.12157549315605182,0
England,Republic of Ireland,Friendly,2020-11-12,0.27121257390680675,0.2915807102615373,0.31866083009079116,0.010072220312723479,0.03505177597215409,1
Jordan,Iraq,Friendly,2020-11-12,-0.0008672106028972948,-0.09387668194444432,0.06614785992217898,0.0,0.3214177782901954,0
Wales,United States,Friendly,2020-11-12,-0.12111522091533788,-0.0710594090415948,0.06655317769131008,-0.3205525467623649,-0.12947930277641334,0
Bolivia,Ecuador,FIFA World Cup qualification,2020-11-12,-0.24564698398656248,-0.39812794300152987,0.07433527885862512,0.4614702003924588,0.22077342145844248,-1
Argentina,Paraguay,FIFA World Cup qualification,2020-11-12,0.2768837652460818,0.2335463894466776,0.10116731517509703,1.0,0.9684024401524998,0
Costa Rica,Qatar,Friendly,2020-11-13,0.07178457450474363,0.10751114216307789,0.3505998702983139,-0.14094039069622344,0.198852276628324,0
Japan,Panama,Friendly,2020-11-13,0.1475938103674903,0.28712417365226317,0.07392996108949412,0.17659518180134315,0.4157655101161903,1
Colombia,Uruguay,FIFA World Cup qualification,2020-11-13,0.0532285992537016,-0.04056558746904493,0.07782101167315175,0.1124249823487804,0.056727583985412444,-1
Brazil,Venezuela,FIFA World Cup qualification,2020-11-13,0.17450952962385502,0.34268350045678186,-0.1910667963683529,0.19828289786778575,0.35736671663888503,1
Portugal,France,UEFA Nations League,2020-11-14,-0.07031962381445478,-0.0648518388861623,-0.12062256809338523,-0.17728259407115687,-0.214683501800622,-1
Sweden,Croatia,UEFA Nations League,2020-11-14,-0.1469083881765818,0.05254824040419992,-0.2529182879377432,0.08634649864632471,-0.10672050594804772,1
Germany,Ukraine,UEFA Nations League,2020-11-14,0.17564039029951428,0.15804407454096747,0.05796044098573272,0.19938066252610964,0.48850599103198206,1
Switzerland,Spain,UEFA Nations League,2020-11-14,-0.24947770902350297,-0.19408374264467376,-0.34630350194552506,-0.5190268632962527,-0.6494742748671611,0
Mexico,South Korea,Friendly,2020-11-14,0.009534584541383673,-0.02763745636134818,0.031128404669260812,0.23030311750622534,0.2637538147974011,1
Saudi Arabia,Jamaica,Friendly,2020-11-14,0.02438162134800459,-0.06996831181915564,-0.16382944228274976,-0.17198043230101145,-0.09043492748667853,1
Belgium,England,UEFA Nations League,2020-11-15,-0.13208162476988616,-0.17170747734570968,-0.40077821011673154,0.36433941778462864,0.4335155374492956,1
Austria,Northern Ireland,UEFA Nations League,2020-11-15,0.22511176134973465,0.1312368710625491,0.030723086900129593,-0.06620300289685888,-0.17034339960280148,1
Romania,Norway,UEFA Nations League,2020-11-15,-0.1836145090095216,-0.19726281500662335,-0.29920557717250285,-0.26999452568725335,0.17741856102563375,1
Slovakia,Scotland,UEFA Nations League,2020-11-15,-0.0767202838240082,-0.061031858375372394,0.06655317769131008,0.06798065561734568,0.12157549315605182,1
Czech Republic,Israel,UEFA Nations League,2020-11-15,0.10733082604406241,0.09271333417297223,-0.058771076523994825,-0.13685303135083382,-0.2552704005231975,1
United States,Panama,Friendly,2020-11-16,0.027721416070656257,0.3274696044636811,-0.16731517509727634,0.373162166003151,0.3545615736415601,1
Croatia,Portugal,UEFA Nations League,2020-11-17,-0.05395756373205085,-0.1594626785804154,0.12062256809338523,-0.22338646153693498,-0.21328040435476892,-1
France,Sweden,UEFA Nations League,2020-11-17,0.27118557572308744,0.1717662770623778,0.2529182879377432,0.31432255696176714,0.5346844121034386,1
Spain,Germany,UEFA Nations League,2020-11-17,0.16371204199306466,0.05808124912585999,0.12062256809338501,0.11152442022184683,0.01915640695009846,1
Switzerland,Ukraine,UEFA Nations League,2020-11-17,0.08987472326907597,0.0220415810221537,-0.16772049286640733,-0.20812178054829622,-0.14181187688508062,1
Japan,Mexico,Friendly,2020-11-17,0.07323978381670226,0.12854427830243909,0.03891050583657585,-0.1461456227117004,-0.1661370202516671,-1
South Korea,Qatar,Friendly,2020-11-17,0.18984783238608438,0.2599759202162075,0.4552529182879376,-0.10111232293019135,0.2919187213336335,1
Saudi Arabia,Jamaica,Friendly,2020-11-17,0.02438162134800459,-0.06996831181915564,-0.16382944228274976,-0.17198043230101145,-0.09043492748667853,-1
Uzbekistan,Iraq,Friendly,2020-11-17,0.06200404611096588,-0.106657317058934,0.05058365758754868,-0.04039299065532331,0.07379677884899716,-1
Ecuador,Colombia,FIFA World Cup qualification,2020-11-17,-0.035905924208966766,0.026248005171647826,0.10894941634241251,-0.6642327678780234,-0.43178139597277926,1
Peru,Argentina,FIFA World Cup qualification,2020-11-17,-0.37687907025806555,-0.4356394681126705,-0.0034857328145263544,-0.4173175167546287,-0.5712484851629125,-1
Paraguay,Bolivia,FIFA World Cup qualification,2020-11-17,0.1413597728906808,0.25382283135279504,-0.09768158236057067,-0.5826824832453713,-0.3971539549895872,0
Uruguay,Brazil,FIFA World Cup qualification,2020-11-17,-0.060418898470331106,-0.10983581820473498,-0.0700389105058365,-0.1079453127310015,-0.2030863261099607,-1
Poland,Netherlands,UEFA Nations League,2020-11-18,-0.19067138487496038,-0.2125354431657871,-0.04628728923476,-0.3168169184513121,-0.33360725878742264,-1
England,Iceland,UEFA Nations League,2020-11-18,0.3810468614426643,0.40506583732705703,0.31866083009079116,0.010072220312723479,0.03505177597215409,1
Belgium,Denmark,UEFA Nations League,2020-11-18,-0.007322908455080768,0.032995566586714986,-0.08211738002594038,0.3744116380973521,0.4685673134214497,1
Austria,Norway,UEFA Nations League,2020-11-18,-0.025551979860458873,-0.0965078481041779,-0.26848249027237325,-0.3361975285841122,0.007075161422832266,0
Czech Republic,Slovakia,UEFA Nations League,2020-11-18,0.06088948931618687,0.03323729613001225,-0.058771076523994825,-0.13685303135083382,-0.2552704005231975,1
Israel,Scotland,UEFA Nations League,2020-11-18,-0.12316162055188373,-0.12050789641833237,0.06655317769131008,0.06798065561734568,0.12157549315605182,1
Qatar,Bangladesh,FIFA World Cup qualification,2020-12-04,0.2917283161697266,0.1004546956590513,-0.3505998702983139,0.14094039069622344,-0.198852276628324,1
United States,El Salvador,Friendly,2020-12-09,0.2643106796272898,0.4949229177672789,-0.06655317769131008,0.3205525467623649,0.12947930277641334,1
United Arab Emirates,Iraq,Friendly,2021-01-12,-0.0737008924276199,0.10062819419744562,0.03542477302204938,-0.10568095735082217,0.3806641869716393,0
Panama,Serbia,Friendly,2021-01-28,0.04029878786024654,-0.2924708636380222,0.10076199740596625,-0.05260961924078611,-0.22508227086514676,0
Jordan,Tajikistan,Friendly,2021-02-01,0.2223785150662554,0.02464937538328993,0.030723086900129593,0.10568095735082217,-0.059246408681443874,1
Jordan,Tajikistan,Friendly,2021-02-05,0.2223785150662554,0.02464937538328993,0.030723086900129593,0.10568095735082217,-0.059246408681443874,-1
Jordan,Uzbekistan,Friendly,2021-02-15,-0.06287125671386318,0.01278063511448968,0.015564202334630295,0.04039299065532331,0.24762099944119825,-1
Oman,Jordan,Friendly,2021-03-20,-0.09854933031126811,-0.05727038094636416,-0.030723086900129593,-0.10568095735082217,0.059246408681443874,0
Jordan,Lebanon,Friendly,2021-03-24,0.2345815347334106,0.04978902924040618,0.030723086900129593,0.10568095735082217,-0.059246408681443874,1
Qatar,Luxembourg,Friendly,2021-03-24,0.242856362813878,-0.0824934269274844,-0.3505998702983139,0.14094039069622344,-0.198852276628324,1
Portugal,Azerbaijan,FIFA World Cup qualification,2021-03-24,0.5029683033431167,0.49732601950838706,0.030723086900129593,0.09659236421421391,0.2661644953211055,1
France,Ukraine,FIFA World Cup qualification,2021-03-24,0.2626232439694989,0.22114820258051227,0.15134565499351482,0.2738749582853708,0.4808479971217275,0
Belgium,Wales,FIFA World Cup qualification,2021-03-24,0.10740130310740192,0.10152657834803236,-0.08211738002594038,0.3744116380973521,0.4685673134214497,1
Estonia,Czech Republic,FIFA World Cup qualification,2021-03-24,-0.30398175251131043,-0.32078213417159507,0.058771076523994825,0.13685303135083382,0.2552704005231975,-1
Gibraltar,Norway,FIFA World Cup qualification,2021-03-24,-0.6297013610532876,-0.8149055668193284,-0.29920557717250285,-0.26999452568725335,0.17741856102563375,-1
Slovenia,Croatia,FIFA World Cup qualification,2021-03-24,-0.16890851461192335,-0.0751205931078971,-0.15134565499351482,0.12679409732272107,-0.05288409096633656,1
Japan,South Korea,Friendly,2021-03-25,0.08277436835808594,0.10090682194109091,0.07003891050583666,0.08415749479452495,0.09761679454573402,1
United States,Jamaica,Friendly,2021-03-25,0.1275898856327049,0.26707564562199426,-0.06655317769131008,0.3205525467623649,0.12947930277641334,1
Spain,Greece,FIFA World Cup qualification,2021-03-25,0.3416975953957311,0.20552621486137568,0.17858300907911773,0.3109050827479565,0.5076623979820805,0
Sweden,Georgia,FIFA World Cup qualification,2021-03-25,0.09298429050517187,0.08869257485690518,-0.10157263294422836,-0.04044759867639636,-0.053836414981711156,1
Bulgaria,Switzerland,FIFA World Cup qualification,2021-03-25,-0.2990225342196111,-0.2606763091112425,0.16772049286640733,0.20812178054829622,0.14181187688508062,-1
Scotland,Austria,FIFA World Cup qualification,2021-03-25,-0.060092490848141944,-0.025187846933565794,-0.09727626459143968,-0.0017776527204867998,0.048767906446749665,0
England,San Marino,FIFA World Cup qualification,2021-03-25,0.8648998935368133,0.9999999999999998,0.31866083009079116,0.010072220312723479,0.03505177597215409,1
Germany,Iceland,FIFA World Cup qualification,2021-03-25,0.35243492591278613,0.31850290261658953,0.05796044098573272,0.19938066252610964,0.48850599103198206,1
South Africa,Ghana,African Cup of Nations qualification,2021-03-25,0.06973423045374116,-0.2037344045421916,0.0933852140077821,0.12938504303150777,0.09275055009805022,0
Libya,Tunisia,African Cup of Nations qualification,2021-03-25,-0.1761050437981082,-0.22980723856377772,0.03931582360570696,0.1195876443996069,-0.2696076331311386,-1
Qatar,Azerbaijan,Friendly,2021-03-27,0.2437994956081786,-0.017766154555391545,-0.3505998702983139,0.14094039069622344,-0.198852276628324,1
Wales,Mexico,Friendly,2021-03-27,-0.16774783139546967,0.09783030007226223,-0.13578145265888453,-0.27013118527225743,-0.3568202595027106,1
Serbia,Portugal,FIFA World Cup qualification,2021-03-27,-0.17443920521850464,-0.14886274192072113,-0.030723086900129593,-0.09659236421421391,-0.2661644953211055,0
Czech Republic,Belgium,FIFA World Cup qualification,2021-03-27,-0.09338871569301643,-0.1294164312473085,0.023346303501945553,-0.5112646694481859,-0.7238377139446472,0
Netherlands,Latvia,FIFA World Cup qualification,2021-03-27,0.5566065027316358,0.5086585128168277,0.04628728923476,0.3168169184513121,0.33360725878742264,1
Croatia,Cyprus,FIFA World Cup qualification,2021-03-27,0.4894013393233094,0.34421024371035713,0.15134565499351482,-0.12679409732272107,0.05288409096633656,1
Northern Ireland,United States,Friendly,2021-03-28,-0.2562911094947238,-0.17720372382449412,0.06655317769131008,-0.3205525467623649,-0.12947930277641334,-1
Georgia,Spain,FIFA World Cup qualification,2021-03-28,-0.4408990545513394,-0.25543597300559817,-0.17858300907911773,-0.3109050827479565,-0.5076623979820805,-1
Kosovo,Sweden,FIFA World Cup qualification,2021-03-28,-0.03860742183379129,-0.13010042299758107,0.10157263294422836,0.04044759867639636,0.053836414981711156,-1
Switzerland,Lithuania,FIFA World Cup qualification,2021-03-28,0.5012129566118244,0.3791348075639349,-0.16772049286640733,-0.20812178054829622,-0.14181187688508062,1
Kazakhstan,France,FIFA World Cup qualification,2021-03-28,-0.5097445972897976,-0.5856510521537643,-0.15134565499351482,-0.2738749582853708,-0.4808479971217275,-1
Austria,Faroe Islands,FIFA World Cup qualification,2021-03-28,0.37283023880075117,0.4912291103007247,0.030723086900129593,-0.06620300289685888,-0.17034339960280148,1
Israel,Scotland,FIFA World Cup qualification,2021-03-28,-0.12316162055188373,-0.12050789641833237,0.06655317769131008,0.06798065561734568,0.12157549315605182,0
Albania,England,FIFA World Cup qualification,2021-03-28,-0.3146247284485113,-0.39313660491258196,-0.31866083009079116,-0.010072220312723479,-0.03505177597215409,-1
Romania,Germany,FIFA World Cup qualification,2021-03-28,-0.27899764872612387,-0.2623335316060702,-0.05796044098573272,-0.19938066252610964,-0.48850599103198206,-1
Ecuador,Bolivia,Friendly,2021-03-29,0.24564698398656248,0.39812794300152987,-0.07433527885862512,-0.4614702003924588,-0.22077342145844248,1
Uzbekistan,Iraq,Friendly,2021-03-29,0.06200404611096588,-0.106657317058934,0.05058365758754868,-0.04039299065532331,0.07379677884899716,-1
Egypt,Comoros,African Cup of Nations qualification,2021-03-29,0.27864354946407355,0.25397910846975513,-0.14826523994811946,-0.2894055133678012,0.024708543572398767,1
Costa Rica,Mexico,Friendly,2021-03-30,-0.12759784242272443,-0.12482732169178146,-0.13578145265888453,-0.27013118527225743,-0.3568202595027106,-1
Republic of Ireland,Qatar,Friendly,2021-03-30,-9.50604975202829e-05,0.3118221093593263,0.3505998702983139,-0.14094039069622344,0.198852276628324,0
Luxembourg,Portugal,FIFA World Cup qualification,2021-03-30,-0.5020251705488161,-0.4325987471362942,-0.030723086900129593,-0.09659236421421391,-0.2661644953211055,-1
Wales,Czech Republic,FIFA World Cup qualification,2021-03-30,-0.014012587414385491,0.027889852899276146,0.058771076523994825,0.13685303135083382,0.2552704005231975,1
Belgium,Belarus,FIFA World Cup qualification,2021-03-30,0.30038589849732356,0.45525278320219487,-0.08211738002594038,0.3744116380973521,0.4685673134214497,1
Gibraltar,Netherlands,FIFA World Cup qualification,2021-03-30,-0.7245258012455535,-0.8714219138784922,-0.04628728923476,-0.3168169184513121,-0.33360725878742264,-1
Montenegro,Norway,FIFA World Cup qualification,2021-03-30,-0.32158606077842977,-0.2945680238448003,-0.29920557717250285,-0.26999452568725335,0.17741856102563375,-1
Croatia,Malta,FIFA World Cup qualification,2021-03-30,0.5033021514305085,0.3841623704607944,0.15134565499351482,-0.12679409732272107,0.05288409096633656,1
Ivory Coast,Ethiopia,African Cup of Nations qualification,2021-03-30,0.3226922625364579,0.618492377412327,0.026832036316471908,-0.1195876443996069,-0.04405289186114064,1
Sweden,Estonia,Friendly,2021-03-31,0.316637435391232,0.42668095903131276,-0.10157263294422836,-0.04044759867639636,-0.053836414981711156,1
Switzerland,Finland,Friendly,2021-03-31,0.2797401263445185,0.2398751862192512,-0.16772049286640733,-0.20812178054829622,-0.14181187688508062,1
Spain,Kosovo,FIFA World Cup qualification,2021-03-31,0.3865221858799588,0.29684382114627406,0.17858300907911773,0.3109050827479565,0.5076623979820805,1
Scotland,Faroe Islands,FIFA World Cup qualification,2021-03-31,0.3127377479526092,0.4660412633671589,-0.06655317769131008,-0.06798065561734568,-0.12157549315605182,1
Austria,Denmark,FIFA World Cup qualification,2021-03-31,-0.024788338792133935,-0.04343845548166758,0.030723086900129593,-0.06620300289685888,-0.17034339960280148,-1
England,Poland,FIFA World Cup qualification,2021-03-31,0.21984201992917485,0.3076527474165376,0.31866083009079116,0.010072220312723479,0.03505177597215409,1
Germany,North Macedonia,FIFA World Cup qualification,2021-03-31,0.3159988283805415,0.41271260087969486,0.05796044098573272,0.19938066252610964,0.48850599103198206,-1
Iraq,Tajikistan,Friendly,2021-05-24,0.22324572566915268,0.11852605732773425,-0.03542477302204938,0.10568095735082217,-0.3806641869716393,0
United Arab Emirates,Jordan,Friendly,2021-05-24,-0.07283368182472261,0.19450487614188994,-0.030723086900129593,-0.10568095735082217,0.059246408681443874,1
Japan,Myanmar,FIFA World Cup qualification,2021-05-28,0.5659312253360316,0.5946065049479445,0.17469195849546038,0.12398556256055704,0.19068323925104352,1
Mexico,Iceland,Friendly,2021-05-29,0.3093117649608459,0.03400148156105276,0.13578145265888453,0.27013118527225743,0.3568202595027106,1
Sweden,Finland,Friendly,2021-05-29,0.18130307132185397,0.26721553071523196,-0.10157263294422836,-0.04044759867639636,-0.053836414981711156,1
Switzerland,United States,Friendly,2021-05-30,0.003990104401633721,-0.02039078157713403,-0.10116731517509725,-0.5286743273106611,-0.27129117966149396,1
Jordan,Vietnam,Friendly,2021-05-31,0.12441949702590294,0.051252280197330524,0.030723086900129593,0.10568095735082217,-0.059246408681443874,0
Croatia,Armenia,Friendly,2021-06-01,0.45765765974457984,0.2497996088192811,0.15134565499351482,-0.12679409732272107,0.05288409096633656,0
England,Austria,Friendly,2021-06-02,0.14954705510693933,0.24814149941409225,0.28793774319066157,0.07627522320958235,0.20539517557495557,1
France,Wales,Friendly,2021-06-02,0.2978538460173945,0.24977524902281933,0.15134565499351482,0.2738749582853708,0.4808479971217275,1
Germany,Denmark,Friendly,2021-06-02,0.09614678078492722,0.11814010922195717,0.05796044098573272,0.19938066252610964,0.48850599103198206,0
Netherlands,Scotland,Friendly,2021-06-02,0.1804689109008668,0.17821204209690755,0.11284046692607008,0.3847975740686578,0.45518275194347446,0
Norway,Luxembourg,Friendly,2021-06-02,0.389978800976684,0.36927574138346486,0.29920557717250285,0.26999452568725335,-0.17741856102563375,1
Belgium,Greece,Friendly,2021-06-03,0.07451586416265843,0.062300423100273505,-0.08211738002594038,0.3744116380973521,0.4685673134214497,0
Mexico,Costa Rica,CONCACAF Nations League,2021-06-03,0.12759784242272443,0.12482732169178146,0.13578145265888453,0.27013118527225743,0.3568202595027106,0
United States,Honduras,CONCACAF Nations League,2021-06-03,0.13453130054851492,0.41998820151524807,-0.06655317769131008,0.3205525467623649,0.12947930277641334,1
Iran,Hong Kong,FIFA World Cup qualification,2021-06-03,0.36046731159752343,0.2912540286521441,0.015158884565499187,0.1555665259954644,0.024665203476906317,1
Uruguay,Paraguay,FIFA World Cup qualification,2021-06-03,0.08696453605114685,0.15862269394613193,-0.1634241245136187,0.6730200683821556,0.5514343455185116,0
Argentina,Chile,FIFA World Cup qualification,2021-06-03,0.3469606373468388,0.28647455601115945,0.0034857328145263544,0.4173175167546287,0.5712484851629125,0
Peru,Colombia,FIFA World Cup qualification,2021-06-03,-0.24018844031683217,-0.3201501851430799,0.18328469520103763,-0.20276256748556465,-0.21100797451433678,-1
Qatar,India,FIFA World Cup qualification,2021-06-03,0.21777331975229197,0.19261681926667373,-0.3505998702983139,0.14094039069622344,-0.198852276628324,1
Italy,Czech Republic,Friendly,2021-06-04,0.14317459791163278,0.21063673789130322,0.058771076523994825,0.13685303135083382,0.2552704005231975,1
Spain,Portugal,Friendly,2021-06-04,0.14704881213753485,0.0598289599724775,0.14785992217898813,0.21431271853374256,0.24149790266097504,0
Brazil,Ecuador,FIFA World Cup qualification,2021-06-04,0.04309622342559627,0.12415340050213208,-0.11673151750972777,0.6597530982602445,0.5781401380973274,1
Sweden,Armenia,Friendly,2021-06-05,0.31074927156799803,0.302347849223481,-0.10157263294422836,-0.04044759867639636,-0.053836414981711156,1
Tunisia,DR Congo,Friendly,2021-06-05,0.012444658774988682,0.019998710303205325,-0.06614785992217909,-0.11958764439960679,0.5664358708677282,1
Austria,Slovakia,Friendly,2021-06-06,0.13681277467215014,0.08621970530893819,0.030723086900129593,-0.06620300289685888,-0.17034339960280148,0
Belgium,Croatia,Friendly,2021-06-06,-0.06617535536348695,0.07606584679179074,-0.2334630350194552,0.5012057354200732,0.41568322245511313,1
England,Romania,Friendly,2021-06-06,0.30760958425600204,0.3488964663165377,0.31866083009079116,0.010072220312723479,0.03505177597215409,1
Luxembourg,Scotland,Friendly,2021-06-06,-0.3043343302680832,-0.24758004634572117,0.06655317769131008,0.06798065561734568,0.12157549315605182,-1
Netherlands,Georgia,Friendly,2021-06-06,0.2766283130339384,0.1888003543394552,0.04628728923476,0.3168169184513121,0.33360725878742264,1
Norway,Greece,Friendly,2021-06-06,0.08260241368606414,0.08237424913606883,0.29920557717250285,0.26999452568725335,-0.17741856102563375,-1
United States,Mexico,CONCACAF Nations League,2021-06-06,-0.046632610480131786,0.16888970911385703,-0.2023346303501946,0.05042136149010745,-0.22734095672629728,1
Germany,Latvia,Friendly,2021-06-07,0.5571652022559721,0.5172128823571107,0.05796044098573272,0.19938066252610964,0.48850599103198206,1
Iraq,Cambodia,FIFA World Cup qualification,2021-06-07,0.44070957158103186,0.27735584903608745,-0.03542477302204938,0.10568095735082217,-0.3806641869716393,1
Uzbekistan,Singapore,FIFA World Cup qualification,2021-06-07,0.3398937202443908,0.10516158648980234,0.015158884565499298,0.06528796669549886,-0.3068674081226421,1
Japan,Tajikistan,FIFA World Cup qualification,2021-06-07,0.3901734844080127,0.47336384438545664,0.17469195849546038,0.12398556256055704,0.19068323925104352,1
Qatar,Oman,FIFA World Cup qualification,2021-06-07,-0.0062779010911449,0.14510210779123245,-0.3505998702983139,0.14094039069622344,-0.198852276628324,1
Czech Republic,Albania,Friendly,2021-06-08,0.08915438798560871,0.09201269631956377,-0.058771076523994825,-0.13685303135083382,-0.2552704005231975,1
France,Bulgaria,Friendly,2021-06-08,0.471771054920034,0.4597829306696011,0.15134565499351482,0.2738749582853708,0.4808479971217275,1
Morocco,Ghana,Friendly,2021-06-08,0.3270272778678003,0.0955158312014559,0.3657587548638134,0.04205013899053722,0.27561039747922245,1
Senegal,Cape Verde,Friendly,2021-06-08,0.2136897165016487,0.3164948003899366,0.36575875486381293,-0.02682998486149646,0.3255320589615548,1
Spain,Lithuania,Friendly,2021-06-08,0.7506906656353274,0.5732185502086087,0.17858300907911773,0.3109050827479565,0.5076623979820805,1
Panama,Dominican Republic,FIFA World Cup qualification,2021-06-08,0.20796871867969258,0.06757126181925477,0.10076199740596625,-0.05260961924078611,-0.22508227086514676,1
Haiti,Nicaragua,FIFA World Cup qualification,2021-06-08,0.12024298146994572,0.30436858634326747,-0.08600843060959806,-0.21016277076685297,-0.349368116789524,1
Ecuador,Peru,FIFA World Cup qualification,2021-06-08,0.2042825161078654,0.34639819031472774,-0.07433527885862512,-0.4614702003924588,-0.22077342145844248,-1
Colombia,Argentina,FIFA World Cup qualification,2021-06-08,-0.13669062994123338,-0.1154892829695906,-0.18677042801556398,-0.21455494926906404,-0.36024051064857576,0
Venezuela,Uruguay,FIFA World Cup qualification,2021-06-08,-0.11409063115352391,-0.23284768225204688,0.2611057068741894,-0.09033758513678425,-0.15428039052892434,0
Paraguay,Brazil,FIFA World Cup qualification,2021-06-08,-0.14738343452147795,-0.2684585121508669,0.09338521400778221,-0.780965381113157,-0.7545206716284723,-1
Portugal,Israel,Friendly,2021-06-09,0.32085246083261665,0.3055265972089054,0.030723086900129593,0.09659236421421391,0.2661644953211055,1
United States,Costa Rica,Friendly,2021-06-09,0.08096523194259264,0.2937170308056385,-0.06655317769131008,0.3205525467623649,0.12947930277641334,1
South Africa,Uganda,Friendly,2021-06-10,0.12821805172229994,0.225410881059394,-0.03153372243839181,-0.09532794883734286,-0.10633102558212842,1
Cambodia,Iran,FIFA World Cup qualification,2021-06-11,-0.5323110723489259,-0.35679097413949523,-0.015158884565499187,-0.1555665259954644,-0.024665203476906317,-1
Hong Kong,Iraq,FIFA World Cup qualification,2021-06-11,-0.26886581082962935,-0.21181890354873634,0.03542477302204938,-0.10568095735082217,0.3806641869716393,-1
Japan,Serbia,Kirin Challenge Cup,2021-06-11,0.18789259822773685,-0.0053466899857590455,0.17469195849546038,0.12398556256055704,0.19068323925104352,1
Tunisia,Algeria,Friendly,2021-06-11,-0.09884397157800029,-0.16395508640012713,-0.18287937743190663,0.20406685097677546,0.27006113734206705,-1
Saudi Arabia,Singapore,FIFA World Cup qualification,2021-06-11,0.22173677429075056,0.2699581639767268,-0.16382944228274976,-0.17198043230101145,-0.09043492748667853,1
Haiti,Canada,FIFA World Cup qualification,2021-06-12,-0.14091239003245049,-0.1870968610512227,-0.03891050583657596,0.1247465500896826,-0.1455342172079797,-1
Ghana,Ivory Coast,Friendly,2021-06-12,-0.16031188484161252,-0.03744495595659014,-0.15175097276264582,-0.10512534746924374,-0.155028683819038,0
Mexico,Honduras,Friendly,2021-06-12,0.1811639110286467,0.25109849240139104,0.13578145265888453,0.27013118527225743,0.3568202595027106,0
Wales,Switzerland,UEFA Euro,2021-06-12,-0.1251053253169716,-0.05066862746446077,0.16772049286640733,0.20812178054829622,0.14181187688508062,0
Russia,Belgium,UEFA Euro,2021-06-12,-0.016115656552345925,-0.06818687617616259,0.08211738002594038,-0.3744116380973521,-0.4685673134214497,-1
South Korea,Lebanon,FIFA World Cup qualification,2021-06-13,0.31960213571708196,0.397596676301482,0.10465304798962372,0.039828067766032094,0.0930664447053095,1
Austria,North Macedonia,UEFA Euro,2021-06-13,0.19506370880348034,0.2511340361760701,0.030723086900129593,-0.06620300289685888,-0.17034339960280148,1
Netherlands,Ukraine,UEFA Euro,2021-06-13,0.175081690775178,0.14948970500068448,0.04628728923476,0.3168169184513121,0.33360725878742264,1
England,Croatia,UEFA Euro,2021-06-13,0.06590626940639921,0.24777332413750042,0.16731517509727634,0.13686631763544455,-0.017832314994182474,1
Brazil,Venezuela,Copa América,2021-06-13,0.17450952962385502,0.34268350045678186,-0.1910667963683529,0.19828289786778575,0.35736671663888503,1
Colombia,Ecuador,Copa América,2021-06-13,0.035905924208966766,-0.026248005171647826,-0.10894941634241251,0.6642327678780234,0.43178139597277926,1
Scotland,Czech Republic,UEFA Euro,2021-06-14,0.015830794507821322,0.027794562245360144,-0.0077821011673152585,0.06887237573348814,0.13369490736714568,-1
Spain,Sweden,UEFA Euro,2021-06-14,0.3479147640461675,0.166743398148693,0.2801556420233461,0.35135268142435283,0.5614988129637917,0
Argentina,Chile,Copa América,2021-06-14,0.3469606373468388,0.28647455601115945,0.0034857328145263544,0.4173175167546287,0.5712484851629125,0
Paraguay,Bolivia,Copa América,2021-06-14,0.1413597728906808,0.25382283135279504,-0.09768158236057067,-0.5826824832453713,-0.3971539549895872,1
Australia,Jordan,FIFA World Cup qualification,2021-06-15,0.09847287889099365,0.2137365885399478,0.1712062256809338,-0.06269447279525364,-0.19804076219791295,1
Iran,Iraq,FIFA World Cup qualification,2021-06-15,0.09160150076789408,0.07943512510340778,0.05058365758754857,0.04988556864464222,0.4053293904485456,1
Saudi Arabia,Uzbekistan,FIFA World Cup qualification,2021-06-15,-0.11815694595364024,0.16479657748692444,-0.17898832684824906,-0.2372683989965103,0.2164324806359636,1
Japan,Kyrgyzstan,FIFA World Cup qualification,2021-06-15,0.3923325159456281,0.5120555755822451,0.17469195849546038,0.12398556256055704,0.19068323925104352,1
Canada,Haiti,FIFA World Cup qualification,2021-06-15,0.14091239003245049,0.1870968610512227,0.03891050583657596,-0.1247465500896826,0.1455342172079797,1
Hungary,Portugal,UEFA Euro,2021-06-15,-0.2106510814182656,-0.1895428229700662,-0.030723086900129593,-0.09659236421421391,-0.2661644953211055,-1
Germany,France,UEFA Euro,2021-06-15,-0.0869828536699846,-0.0631041280395448,-0.0933852140077821,-0.07449429575926114,0.007657993910254568,-1
Italy,Switzerland,UEFA Euro,2021-06-16,0.03208186000904667,0.1320782575275663,0.16772049286640733,0.20812178054829622,0.14181187688508062,1
Denmark,Belgium,UEFA Euro,2021-06-17,0.007322908455080768,-0.032995566586714986,0.08211738002594038,-0.3744116380973521,-0.4685673134214497,-1
Netherlands,Austria,UEFA Euro,2021-06-17,0.12037642005272486,0.15302419516334176,0.015564202334630406,0.383019921348171,0.5039506583902241,1
Colombia,Venezuela,Copa América,2021-06-17,0.16731923040722552,0.19228209478300196,-0.18328469520103763,0.20276256748556465,0.21100797451433678,0
Brazil,Peru,Copa América,2021-06-17,0.24737873953346168,0.4705515908168598,-0.1910667963683529,0.19828289786778575,0.35736671663888503,1
Croatia,Czech Republic,UEFA Euro,2021-06-18,0.1595640710565034,0.05335058445551777,0.21011673151750965,0.010058934028112754,0.30815449148953405,0
England,Scotland,UEFA Euro,2021-06-18,0.20963954595508127,0.27332934634765804,0.38521400778210124,0.07805287593006915,0.1566272691282059,0
Sweden,Slovakia,UEFA Euro,2021-06-18,0.07354517219610845,0.13913612098972994,-0.10157263294422836,-0.04044759867639636,-0.053836414981711156,1
Argentina,Uruguay,Copa América,2021-06-18,0.18991922919493498,0.07492369550054567,0.26459143968871573,0.32697993161784444,0.4169680946339882,1
Spain,Poland,UEFA Euro,2021-06-19,0.35494212639236133,0.2791710618319301,0.17858300907911773,0.3109050827479565,0.5076623979820805,0
Hungary,France,UEFA Euro,2021-06-19,-0.2809707052327204,-0.2543946618562285,-0.15134565499351482,-0.2738749582853708,-0.4808479971217275,0
Germany,Portugal,UEFA Euro,2021-06-19,-0.016663229855529815,0.0017477108466175117,0.027237354085603127,0.10278829831189573,0.22234149571087658,1
Venezuela,Ecuador,Copa América,2021-06-20,-0.13141330619825875,-0.21853009995464978,0.07433527885862512,0.4614702003924588,0.22077342145844248,0
Colombia,Peru,Copa América,2021-06-20,0.24018844031683217,0.3201501851430799,-0.18328469520103763,0.20276256748556465,0.21100797451433678,-1
Finland,Belgium,UEFA Euro,2021-06-21,-0.2620361041349488,-0.2907331371028228,0.08211738002594038,-0.3744116380973521,-0.4685673134214497,-1
Netherlands,North Macedonia,UEFA Euro,2021-06-21,0.3154401288562052,0.40415823133941187,0.04628728923476,0.3168169184513121,0.33360725878742264,1
Ukraine,Austria,UEFA Euro,2021-06-21,-0.054705270722453125,0.0035344901626572778,-0.030723086900129593,0.06620300289685888,0.17034339960280148,-1
Uruguay,Chile,Copa América,2021-06-21,0.15704140815190382,0.21155086051061378,-0.2611057068741894,0.09033758513678425,0.15428039052892434,0
Argentina,Paraguay,Copa América,2021-06-21,0.2768837652460818,0.2335463894466776,0.10116731517509703,1.0,0.9684024401524998,1
Scotland,Croatia,UEFA Euro,2021-06-22,-0.14373327654868207,-0.025556022210157625,-0.2178988326848249,0.05881344170537539,-0.17445958412238838,-1
England,Czech Republic,UEFA Euro,2021-06-22,0.2254703404629026,0.3011239085930182,0.377431906614786,0.1469252516635573,0.2903221764953516,1
Spain,Slovakia,UEFA Euro,2021-06-23,0.42145993624227596,0.30587951913842293,0.17858300907911773,0.3109050827479565,0.5076623979820805,1
Sweden,Poland,UEFA Euro,2021-06-23,0.007027362346193833,0.11242766368323709,-0.10157263294422836,-0.04044759867639636,-0.053836414981711156,1
Germany,Hungary,UEFA Euro,2021-06-23,0.1939878515627358,0.1912905338166837,0.05796044098573272,0.19938066252610964,0.48850599103198206,0
Portugal,France,UEFA Euro,2021-06-23,-0.07031962381445478,-0.0648518388861623,-0.12062256809338523,-0.17728259407115687,-0.214683501800622,0
Ecuador,Peru,Copa América,2021-06-23,0.2042825161078654,0.34639819031472774,-0.07433527885862512,-0.4614702003924588,-0.22077342145844248,0
Brazil,Colombia,Copa América,2021-06-23,0.007190299216629503,0.1504014056737799,-0.0077821011673152585,-0.004479669617778903,0.14635874212454825,1
Bolivia,Uruguay,Copa América,2021-06-24,-0.22832430894182765,-0.412445525298927,0.2611057068741894,-0.09033758513678425,-0.15428039052892434,-1
Chile,Paraguay,Copa América,2021-06-24,-0.07007687210075697,-0.05292816656448185,0.09768158236057067,0.5826824832453713,0.3971539549895872,-1
Italy,Austria,UEFA Euro,2021-06-26,0.06725131255566952,0.15765432871237728,-0.030723086900129593,0.06620300289685888,0.17034339960280148,1
Netherlands,Czech Republic,UEFA Euro,2021-06-27,0.19629970540868813,0.2060066043422677,0.10505836575875482,0.4536699498021459,0.5888776593106202,-1
Belgium,Portugal,UEFA Euro,2021-06-27,-0.1201329190955378,-0.08339683178862467,-0.11284046692606997,0.2778192738831382,0.20240281810034422,1
Brazil,Ecuador,Copa América,2021-06-27,0.04309622342559627,0.12415340050213208,-0.11673151750972777,0.6597530982602445,0.5781401380973274,0
Croatia,Spain,UEFA Euro,2021-06-28,-0.2010063758695857,-0.2192916385528929,-0.027237354085602905,-0.43769918007067754,-0.45477830701574395,-1
France,Switzerland,UEFA Euro,2021-06-28,0.1727485207004229,0.19910662155835857,0.31906614785992216,0.481996738833667,0.6226598740068081,0
Argentina,Bolivia,Copa América,2021-06-28,0.4182435381367626,0.48736922079947265,0.0034857328145263544,0.4173175167546287,0.5712484851629125,1
Uruguay,Paraguay,Copa América,2021-06-28,0.08696453605114685,0.15862269394613193,-0.1634241245136187,0.6730200683821556,0.5514343455185116,1
England,Germany,UEFA Euro,2021-06-29,0.028611935529878174,0.0865629347104675,0.26070038910505844,-0.18930844221338616,-0.45345421505982797,1
Sweden,Ukraine,UEFA Euro,2021-06-29,-0.008562331753588559,0.04938192551813447,-0.10157263294422836,-0.04044759867639636,-0.053836414981711156,-1
Mexico,Panama,Friendly,2021-06-30,0.07435402655078804,0.15857989534982408,0.035019455252918275,0.32274080451304354,0.5819025303678573,1
Switzerland,Spain,UEFA Euro,2021-07-02,-0.24947770902350297,-0.19408374264467376,-0.34630350194552506,-0.5190268632962527,-0.6494742748671611,0
Belgium,Italy,UEFA Euro,2021-07-02,-0.04978588221861635,-0.08122030664399471,-0.08211738002594038,0.3744116380973521,0.4685673134214497,-1
Peru,Paraguay,Copa América,2021-07-02,-0.09999530501198373,-0.2020930786659929,0.09768158236057067,0.5826824832453713,0.3971539549895872,0
Brazil,Chile,Copa América,2021-07-02,0.21746030662223492,0.32138667871534876,-0.1910667963683529,0.19828289786778575,0.35736671663888503,1
Czech Republic,Denmark,UEFA Euro,2021-07-03,-0.1007116241480972,-0.09642086466059352,-0.058771076523994825,-0.13685303135083382,-0.2552704005231975,-1
Ukraine,England,UEFA Euro,2021-07-03,-0.20425232582939246,-0.24460700925143497,-0.31866083009079116,-0.010072220312723479,-0.03505177597215409,-1
Mexico,Nigeria,Friendly,2021-07-03,0.05255340285887966,-0.10905176200501554,0.13578145265888453,0.27013118527225743,0.3568202595027106,1
Uruguay,Colombia,Copa América,2021-07-03,-0.0532285992537016,0.04056558746904493,-0.07782101167315175,-0.1124249823487804,-0.056727583985412444,0
Argentina,Ecuador,Copa América,2021-07-03,0.17259655415020014,0.08924127779794278,0.07782101167315147,0.8787877171470875,0.792021906621355,1
Qatar,El Salvador,Friendly,2021-07-04,0.11156087317995356,0.09369474479856255,-0.3505998702983139,0.14094039069622344,-0.198852276628324,1
Brazil,Peru,Copa América,2021-07-05,0.24737873953346168,0.4705515908168598,-0.1910667963683529,0.19828289786778575,0.35736671663888503,1
Argentina,Colombia,Copa América,2021-07-06,0.13669062994123338,0.1154892829695906,0.18677042801556398,0.21455494926906404,0.36024051064857576,0
Italy,Spain,UEFA Euro,2021-07-06,-0.2173958490144563,-0.06200548511710746,-0.17858300907911773,-0.3109050827479565,-0.5076623979820805,0
England,Denmark,UEFA Euro,2021-07-07,0.1247587163148054,0.20470304393242467,0.31866083009079116,0.010072220312723479,0.03505177597215409,1
Peru,Colombia,Copa América,2021-07-09,-0.24018844031683217,-0.3201501851430799,0.18328469520103763,-0.20276256748556465,-0.21100797451433678,-1
Brazil,Argentina,Copa América,2021-07-10,-0.12950033072460387,0.03491212270418931,-0.19455252918287924,-0.21903461888684295,-0.21388176852402752,-1
England,Italy,UEFA Euro,2021-07-11,0.08229574255126981,0.09048717070171497,0.31866083009079116,0.010072220312723479,0.03505177597215409,0
United States,Haiti,Gold Cup,2021-07-11,0.13711647137588767,0.33272891752206446,0.01945525291828798,0.5307153175292179,0.47884741956593735,1
Qatar,Panama,Gold Cup,2021-07-13,-0.12502839037668,-0.07375856850503526,-0.45136186770428016,0.19355000993700955,0.026229994236822762,0
Guatemala,Mexico,Gold Cup,2021-07-14,-0.204629065345296,-0.3942829776450618,-0.13578145265888453,-0.27013118527225743,-0.3568202595027106,-1
Haiti,Canada,Gold Cup,2021-07-15,-0.14091239003245049,-0.1870968610512227,-0.03891050583657596,0.1247465500896826,-0.1455342172079797,-1
Panama,Honduras,Gold Cup,2021-07-17,0.10680988447785866,0.09251859705156695,0.10076199740596625,-0.05260961924078611,-0.22508227086514676,-1
South Africa,Senegal,COSAFA Cup,2021-07-18,-0.18638062820110424,-0.3125311130977444,-0.22957198443579752,-0.06849796397584629,-0.0031115697065957626,0
Mexico,El Salvador,Gold Cup,2021-07-18,0.3109432901074216,0.3260332086534219,0.13578145265888453,0.27013118527225743,0.3568202595027106,1
United States,Canada,Gold Cup,2021-07-18,-0.0037959186565628134,0.14563205647084176,-0.01945525291828798,0.6554618676189005,0.33331320235795764,1
Honduras,Qatar,Gold Cup,2021-07-20,0.018218505898821347,-0.018760028546531693,0.3505998702983139,-0.14094039069622344,0.198852276628324,-1
Mexico,Honduras,Gold Cup,2021-07-24,0.1811639110286467,0.25109849240139104,0.13578145265888453,0.27013118527225743,0.3568202595027106,1
Qatar,El Salvador,Gold Cup,2021-07-24,0.11156087317995356,0.09369474479856255,-0.3505998702983139,0.14094039069622344,-0.198852276628324,1
Costa Rica,Canada,Gold Cup,2021-07-25,-0.08476115059915545,-0.14808497433479673,0.047097924773022104,0.3349093208565356,0.2038338995815443,-1
United States,Jamaica,Gold Cup,2021-07-25,0.1275898856327049,0.26707564562199426,-0.06655317769131008,0.3205525467623649,0.12947930277641334,1
Mexico,Canada,Gold Cup,2021-07-29,0.04283669182356897,-0.02325765264301527,0.18287937743190663,0.605040506128793,0.5606541590842549,1
United States,Qatar,Gold Cup,2021-07-29,0.15274980644733627,0.4012281729687164,0.2840466926070038,0.17961215606614145,0.32833157940473734,1
United States,Mexico,Gold Cup,2021-08-01,-0.046632610480131786,0.16888970911385703,-0.2023346303501946,0.05042136149010745,-0.22734095672629728,1
Qatar,Serbia,Friendly,2021-09-01,-0.08472960251643347,-0.3662294321430575,-0.3505998702983139,0.14094039069622344,-0.198852276628324,-1
Switzerland,Greece,Friendly,2021-09-01,0.09221988637222811,0.011442472216701915,-0.16772049286640733,-0.20812178054829622,-0.14181187688508062,1
Portugal,Republic of Ireland,FIFA World Cup qualification,2021-09-01,0.2592638682324584,0.2032700647044523,0.030723086900129593,0.09659236421421391,0.2661644953211055,1
Denmark,Scotland,FIFA World Cup qualification,2021-09-01,0.08488082964027588,0.06862630241523338,0.06655317769131008,0.06798065561734568,0.12157549315605182,1
Moldova,Austria,FIFA World Cup qualification,2021-09-01,-0.4340747216595884,-0.3851837949714918,-0.030723086900129593,0.06620300289685888,0.17034339960280148,-1
Norway,Netherlands,FIFA World Cup qualification,2021-09-01,-0.09482444019226599,-0.05651634705916386,0.25291828793774285,-0.04682239276405875,-0.5110258198130564,0
Russia,Croatia,FIFA World Cup qualification,2021-09-01,-0.08229101191583288,0.007878970615628145,-0.15134565499351482,0.12679409732272107,-0.05288409096633656,0
South Korea,Iraq,FIFA World Cup qualification,2021-09-02,0.08415339038077407,0.2539309651166315,0.1400778210116731,-0.06585288958479008,0.4737306316769488,0
Japan,Oman,FIFA World Cup qualification,2021-09-02,0.2663442996530254,0.5059848499485309,0.17469195849546038,0.12398556256055704,0.19068323925104352,-1
Saudi Arabia,Vietnam,FIFA World Cup qualification,2021-09-02,0.06913380778612588,0.2032682225697653,-0.16382944228274976,-0.17198043230101145,-0.09043492748667853,1
Sweden,Spain,FIFA World Cup qualification,2021-09-02,-0.3479147640461675,-0.166743398148693,-0.2801556420233461,-0.35135268142435283,-0.5614988129637917,1
Czech Republic,Belarus,FIFA World Cup qualification,2021-09-02,0.20699718280430712,0.32583635195488636,-0.058771076523994825,-0.13685303135083382,-0.2552704005231975,1
Estonia,Belgium,FIFA World Cup qualification,2021-09-02,-0.39737046820432687,-0.4501985654189036,0.08211738002594038,-0.3744116380973521,-0.4685673134214497,-1
Hungary,England,FIFA World Cup qualification,2021-09-02,-0.22259978709261397,-0.2778534685271512,-0.31866083009079116,-0.010072220312723479,-0.03505177597215409,-1
Bolivia,Colombia,FIFA World Cup qualification,2021-09-02,-0.28155290819552925,-0.37187993782988205,0.18328469520103763,-0.20276256748556465,-0.21100797451433678,0
Ecuador,Paraguay,FIFA World Cup qualification,2021-09-02,0.10428721109588168,0.14430511164873483,0.023346303501945553,0.12121228285291252,0.17638053353114475,1
Peru,Uruguay,FIFA World Cup qualification,2021-09-02,-0.18695984106313057,-0.36071577261212484,0.2611057068741894,-0.09033758513678425,-0.15428039052892434,0
Venezuela,Argentina,FIFA World Cup qualification,2021-09-02,-0.3040098603484589,-0.30777137775259256,-0.0034857328145263544,-0.4173175167546287,-0.5712484851629125,-1
Chile,Brazil,FIFA World Cup qualification,2021-09-02,-0.21746030662223492,-0.32138667871534876,0.1910667963683529,-0.19828289786778575,-0.35736671663888503,-1
Canada,Honduras,FIFA World Cup qualification,2021-09-02,0.13832721920507773,0.2743561450444063,-0.047097924773022104,-0.3349093208565356,-0.2038338995815443,0
El Salvador,United States,FIFA World Cup qualification,2021-09-02,-0.2643106796272898,-0.4949229177672789,0.06655317769131008,-0.3205525467623649,-0.12947930277641334,0
Panama,Costa Rica,FIFA World Cup qualification,2021-09-02,0.053243815871936384,-0.03375257365804263,0.10076199740596625,-0.05260961924078611,-0.22508227086514676,0
Mexico,Jamaica,FIFA World Cup qualification,2021-09-02,0.1742224961128367,0.09818593650813723,0.13578145265888453,0.27013118527225743,0.3568202595027106,1
Ghana,Ethiopia,FIFA World Cup qualification,2021-09-03,0.16238037769484537,0.5810474214557368,-0.12491893644617391,-0.22471299186885063,-0.19908157568017865,1
Haiti,Jordan,Friendly,2021-09-04,-0.08919389633096442,0.1563309822915202,-0.11673151750972766,-0.31584372811767514,-0.29012170810808013,1
Qatar,Portugal,Friendly,2021-09-04,-0.2591688077349381,-0.5150921740637786,-0.3813229571984435,0.04434802648200953,-0.4650167719494295,-1
Ukraine,France,FIFA World Cup qualification,2021-09-04,-0.2626232439694989,-0.22114820258051227,-0.15134565499351482,-0.2738749582853708,-0.4808479971217275,0
Scotland,Moldova,FIFA World Cup qualification,2021-09-04,0.37398223081144644,0.359995948037926,-0.06655317769131008,-0.06798065561734568,-0.12157549315605182,1
Israel,Austria,FIFA World Cup qualification,2021-09-04,-0.18325411140002568,-0.14569574335189817,-0.030723086900129593,0.06620300289685888,0.17034339960280148,1
Latvia,Norway,FIFA World Cup qualification,2021-09-04,-0.4617820625393698,-0.45214216575766386,-0.29920557717250285,-0.26999452568725335,0.17741856102563375,-1
Netherlands,Montenegro,FIFA World Cup qualification,2021-09-04,0.41641050097069576,0.35108437090396416,0.04628728923476,0.3168169184513121,0.33360725878742264,1
Slovakia,Croatia,FIFA World Cup qualification,2021-09-04,-0.22045356037269026,-0.08658788058553002,-0.15134565499351482,0.12679409732272107,-0.05288409096633656,-1
Sweden,Uzbekistan,Friendly,2021-09-05,-0.10939563228997073,0.5087900978469211,-0.11673151750972766,-0.10573556537189521,0.25303099314093097,1
Spain,Georgia,FIFA World Cup qualification,2021-09-05,0.4408990545513394,0.25543597300559817,0.17858300907911773,0.3109050827479565,0.5076623979820805,1
Switzerland,Italy,FIFA World Cup qualification,2021-09-05,-0.03208186000904667,-0.1320782575275663,-0.16772049286640733,-0.20812178054829622,-0.14181187688508062,0
Belgium,Czech Republic,FIFA World Cup qualification,2021-09-05,0.09338871569301643,0.1294164312473085,-0.023346303501945553,0.5112646694481859,0.7238377139446472,1
England,Andorra,FIFA World Cup qualification,2021-09-05,0.7411285380375909,0.8222341714377075,0.31866083009079116,0.010072220312723479,0.03505177597215409,1
Germany,Armenia,FIFA World Cup qualification,2021-09-05,0.49495199362110087,0.411009998246314,0.05796044098573272,0.19938066252610964,0.48850599103198206,1
Ecuador,Chile,FIFA World Cup qualification,2021-09-05,0.17436408319663865,0.19723327821321668,-0.07433527885862512,-0.4614702003924588,-0.22077342145844248,0
Paraguay,Colombia,FIFA World Cup qualification,2021-09-05,-0.14019313530484845,-0.118057106477087,0.08560311284046696,-0.785445050730936,-0.608161929503924,0
Uruguay,Bolivia,FIFA World Cup qualification,2021-09-05,0.22832430894182765,0.412445525298927,-0.2611057068741894,0.09033758513678425,0.15428039052892434,1
Costa Rica,Mexico,FIFA World Cup qualification,2021-09-05,-0.12759784242272443,-0.12482732169178146,-0.13578145265888453,-0.27013118527225743,-0.3568202595027106,-1
Jamaica,Panama,FIFA World Cup qualification,2021-09-05,-0.09986846956204865,0.06039395884168686,-0.10076199740596625,0.05260961924078611,0.22508227086514676,-1
United States,Canada,FIFA World Cup qualification,2021-09-05,-0.0037959186565628134,0.14563205647084176,-0.01945525291828798,0.6554618676189005,0.33331320235795764,0
South Africa,Ghana,FIFA World Cup qualification,2021-09-06,0.06973423045374116,-0.2037344045421916,0.0933852140077821,0.12938504303150777,0.09275055009805022,1
Luxembourg,Qatar,Friendly,2021-09-07,-0.242856362813878,0.0824934269274844,0.3505998702983139,-0.14094039069622344,0.198852276628324,0
Cape Verde,Nigeria,FIFA World Cup qualification,2021-09-07,-0.13776205286494747,-0.21852005170835387,-0.16772049286640722,-1.1102230246251565e-16,-0.42875151483708746,-1
South Korea,Lebanon,FIFA World Cup qualification,2021-09-07,0.31960213571708196,0.397596676301482,0.10465304798962372,0.039828067766032094,0.0930664447053095,1
Iraq,Iran,FIFA World Cup qualification,2021-09-07,-0.09160150076789408,-0.07943512510340778,-0.05058365758754857,-0.04988556864464222,-0.4053293904485456,-1
Vietnam,Australia,FIFA World Cup qualification,2021-09-07,-0.2228923759168966,-0.26498886873727834,-0.2019293125810634,-0.04298648455556853,0.2572871708793568,-1
Oman,Saudi Arabia,FIFA World Cup qualification,2021-09-07,-0.043263641071491055,-0.20928632331879893,0.16382944228274976,0.17198043230101145,0.09043492748667853,-1
Azerbaijan,Portugal,FIFA World Cup qualification,2021-09-07,-0.5029683033431167,-0.49732601950838706,-0.030723086900129593,-0.09659236421421391,-0.2661644953211055,-1
France,Finland,FIFA World Cup qualification,2021-09-07,0.4524886470449414,0.43898180777760976,0.15134565499351482,0.2738749582853708,0.4808479971217275,1
Austria,Scotland,FIFA World Cup qualification,2021-09-07,0.060092490848141944,0.025187846933565794,0.09727626459143968,0.0017776527204867998,-0.048767906446749665,-1
Norway,Gibraltar,FIFA World Cup qualification,2021-09-07,0.6297013610532876,0.8149055668193284,0.29920557717250285,0.26999452568725335,-0.17741856102563375,1
Croatia,Slovenia,FIFA World Cup qualification,2021-09-07,0.16890851461192335,0.0751205931078971,0.15134565499351482,-0.12679409732272107,0.05288409096633656,1
Czech Republic,Ukraine,Friendly,2021-09-08,-0.02121801463351014,-0.056516899341583215,-0.058771076523994825,-0.13685303135083382,-0.2552704005231975,0
Kosovo,Spain,FIFA World Cup qualification,2021-09-08,-0.3865221858799588,-0.29684382114627406,-0.17858300907911773,-0.3109050827479565,-0.5076623979820805,-1
Greece,Sweden,FIFA World Cup qualification,2021-09-08,0.006217168650436422,-0.03878281671268269,0.10157263294422836,0.04044759867639636,0.053836414981711156,1
Northern Ireland,Switzerland,FIFA World Cup qualification,2021-09-08,-0.2602812138963575,-0.1568129422473601,0.16772049286640733,0.20812178054829622,0.14181187688508062,0
Belarus,Belgium,FIFA World Cup qualification,2021-09-08,-0.30038589849732356,-0.45525278320219487,0.08211738002594038,-0.3744116380973521,-0.4685673134214497,-1
Poland,England,FIFA World Cup qualification,2021-09-08,-0.21984201992917485,-0.3076527474165376,-0.31866083009079116,-0.010072220312723479,-0.03505177597215409,0
Iceland,Germany,FIFA World Cup qualification,2021-09-08,-0.35243492591278613,-0.31850290261658953,-0.05796044098573272,-0.19938066252610964,-0.48850599103198206,-1
Panama,Mexico,FIFA World Cup qualification,2021-09-08,-0.07435402655078804,-0.15857989534982408,-0.035019455252918275,-0.32274080451304354,-0.5819025303678573,0
Canada,El Salvador,FIFA World Cup qualification,2021-09-08,0.26810659828385264,0.34929086129643716,-0.047097924773022104,-0.3349093208565356,-0.2038338995815443,1
Honduras,United States,FIFA World Cup qualification,2021-09-08,-0.13453130054851492,-0.41998820151524807,0.06655317769131008,-0.3205525467623649,-0.12947930277641334,-1
Colombia,Chile,FIFA World Cup qualification,2021-09-09,0.21027000740560542,0.17098527304156885,-0.18328469520103763,0.20276256748556465,0.21100797451433678,1
Paraguay,Venezuela,FIFA World Cup qualification,2021-09-09,0.027126095102377068,0.07422498830591495,-0.09768158236057067,-0.5826824832453713,-0.3971539549895872,1
Uruguay,Ecuador,FIFA World Cup qualification,2021-09-09,-0.017322675044734837,0.014317582297397102,-0.18677042801556426,0.551807785529243,0.3750538119873668,1
Argentina,Bolivia,FIFA World Cup qualification,2021-09-09,0.4182435381367626,0.48736922079947265,0.0034857328145263544,0.4173175167546287,0.5712484851629125,1
Brazil,Peru,FIFA World Cup qualification,2021-09-09,0.24737873953346168,0.4705515908168598,-0.1910667963683529,0.19828289786778575,0.35736671663888503,1
Jordan,Malaysia,Friendly,2021-10-06,0.1312415263643929,0.035972905498785845,0.030723086900129593,0.10568095735082217,-0.059246408681443874,1
Italy,Spain,UEFA Nations League,2021-10-06,-0.2173958490144563,-0.06200548511710746,-0.17858300907911773,-0.3109050827479565,-0.5076623979820805,-1
Iraq,Lebanon,FIFA World Cup qualification,2021-10-07,0.23544874533630789,0.1436657111848505,-0.03542477302204938,0.10568095735082217,-0.3806641869716393,0
United Arab Emirates,Iran,FIFA World Cup qualification,2021-10-07,-0.16530239319551399,0.021193069094037842,-0.015158884565499187,-0.1555665259954644,-0.024665203476906317,-1
Saudi Arabia,Japan,FIFA World Cup qualification,2021-10-07,-0.22308065858153436,-0.29669852662973195,-0.33852140077821014,-0.2959659948615685,-0.28111816673772205,1
Australia,Oman,FIFA World Cup qualification,2021-10-07,0.19702220920226177,0.271006969486312,0.2019293125810634,0.04298648455556853,-0.2572871708793568,1
United States,Jamaica,FIFA World Cup qualification,2021-10-07,0.1275898856327049,0.26707564562199426,-0.06655317769131008,0.3205525467623649,0.12947930277641334,1
El Salvador,Panama,FIFA World Cup qualification,2021-10-07,-0.23658926355663357,-0.1674533133035978,-0.10076199740596625,0.05260961924078611,0.22508227086514676,1
Mexico,Canada,FIFA World Cup qualification,2021-10-07,0.04283669182356897,-0.02325765264301527,0.18287937743190663,0.605040506128793,0.5606541590842549,0
Ecuador,Bolivia,FIFA World Cup qualification,2021-10-07,0.24564698398656248,0.39812794300152987,-0.07433527885862512,-0.4614702003924588,-0.22077342145844248,1
Venezuela,Brazil,FIFA World Cup qualification,2021-10-07,-0.17450952962385502,-0.34268350045678186,0.1910667963683529,-0.19828289786778575,-0.35736671663888503,-1
Paraguay,Argentina,FIFA World Cup qualification,2021-10-07,-0.2768837652460818,-0.2335463894466776,-0.10116731517509703,-1.0,-0.9684024401524998,0
Uruguay,Colombia,FIFA World Cup qualification,2021-10-07,-0.0532285992537016,0.04056558746904493,-0.07782101167315175,-0.1124249823487804,-0.056727583985412444,0
Belgium,France,UEFA Nations League,2021-10-07,-0.19045254290999258,-0.14824867067478698,-0.2334630350194552,0.10053667981198133,-0.012280683700277795,-1
Czech Republic,Wales,FIFA World Cup qualification,2021-10-08,0.014012587414385491,-0.027889852899276146,-0.058771076523994825,-0.13685303135083382,-0.2552704005231975,0
Latvia,Netherlands,FIFA World Cup qualification,2021-10-08,-0.5566065027316358,-0.5086585128168277,-0.04628728923476,-0.3168169184513121,-0.33360725878742264,-1
Cyprus,Croatia,FIFA World Cup qualification,2021-10-08,-0.4894013393233094,-0.34421024371035713,-0.15134565499351482,0.12679409732272107,-0.05288409096633656,-1
Germany,Romania,FIFA World Cup qualification,2021-10-08,0.27899764872612387,0.2623335316060702,0.05796044098573272,0.19938066252610964,0.48850599103198206,1
Egypt,Libya,FIFA World Cup qualification,2021-10-08,0.21748057612572946,0.3178033170768071,-0.14826523994811946,-0.2894055133678012,0.024708543572398767,1
Sweden,Kosovo,FIFA World Cup qualification,2021-10-09,0.03860742183379129,0.13010042299758107,-0.10157263294422836,-0.04044759867639636,-0.053836414981711156,1
Switzerland,Northern Ireland,FIFA World Cup qualification,2021-10-09,0.2602812138963575,0.1568129422473601,-0.16772049286640733,-0.20812178054829622,-0.14181187688508062,1
Scotland,Israel,FIFA World Cup qualification,2021-10-09,0.12316162055188373,0.12050789641833237,-0.06655317769131008,-0.06798065561734568,-0.12157549315605182,1
Faroe Islands,Austria,FIFA World Cup qualification,2021-10-09,-0.37283023880075117,-0.4912291103007247,-0.030723086900129593,0.06620300289685888,0.17034339960280148,-1
Andorra,England,FIFA World Cup qualification,2021-10-09,-0.7411285380375909,-0.8222341714377075,-0.31866083009079116,-0.010072220312723479,-0.03505177597215409,-1
Ethiopia,South Africa,FIFA World Cup qualification,2021-10-09,-0.23211460814858653,-0.37731301691354524,0.03153372243839181,0.09532794883734286,0.10633102558212842,-1
Portugal,Qatar,Friendly,2021-10-09,0.2591688077349381,0.5150921740637786,0.3813229571984435,-0.04434802648200953,0.4650167719494295,1
Uzbekistan,Malaysia,Friendly,2021-10-09,0.19411278307825608,0.023192270384296165,0.015158884565499298,0.06528796669549886,-0.3068674081226421,1
Jamaica,Canada,FIFA World Cup qualification,2021-10-10,-0.13138580428926772,-0.1214435891511525,0.047097924773022104,0.3349093208565356,0.2038338995815443,0
Panama,United States,FIFA World Cup qualification,2021-10-10,-0.027721416070656257,-0.3274696044636811,0.16731517509727634,-0.373162166003151,-0.3545615736415601,1
Mexico,Honduras,FIFA World Cup qualification,2021-10-10,0.1811639110286467,0.25109849240139104,0.13578145265888453,0.27013118527225743,0.3568202595027106,1
Colombia,Brazil,FIFA World Cup qualification,2021-10-10,-0.007190299216629503,-0.1504014056737799,0.0077821011673152585,0.004479669617778903,-0.14635874212454825,0
Venezuela,Ecuador,FIFA World Cup qualification,2021-10-10,-0.13141330619825875,-0.21853009995464978,0.07433527885862512,0.4614702003924588,0.22077342145844248,1
Argentina,Uruguay,FIFA World Cup qualification,2021-10-10,0.18991922919493498,0.07492369550054567,0.26459143968871573,0.32697993161784444,0.4169680946339882,1
Chile,Paraguay,FIFA World Cup qualification,2021-10-10,-0.07007687210075697,-0.05292816656448185,0.09768158236057067,0.5826824832453713,0.3971539549895872,1
Italy,Belgium,UEFA Nations League,2021-10-10,0.04978588221861635,0.08122030664399471,0.08211738002594038,-0.3744116380973521,-0.4685673134214497,1
Spain,France,UEFA Nations League,2021-10-10,0.07672918832308007,-0.005022878913684803,0.027237354085602905,0.03703012446258569,0.026814400860353027,-1
Belarus,Czech Republic,FIFA World Cup qualification,2021-10-11,-0.20699718280430712,-0.32583635195488636,0.058771076523994825,0.13685303135083382,0.2552704005231975,-1
Netherlands,Gibraltar,FIFA World Cup qualification,2021-10-11,0.7245258012455535,0.8714219138784922,0.04628728923476,0.3168169184513121,0.33360725878742264,1
Norway,Montenegro,FIFA World Cup qualification,2021-10-11,0.32158606077842977,0.2945680238448003,0.29920557717250285,0.26999452568725335,-0.17741856102563375,1
Croatia,Slovakia,FIFA World Cup qualification,2021-10-11,0.22045356037269026,0.08658788058553002,0.15134565499351482,-0.12679409732272107,0.05288409096633656,0
North Macedonia,Germany,FIFA World Cup qualification,2021-10-11,-0.3159988283805415,-0.41271260087969486,-0.05796044098573272,-0.19938066252610964,-0.48850599103198206,-1
Libya,Egypt,FIFA World Cup qualification,2021-10-11,-0.21748057612572946,-0.3178033170768071,0.14826523994811946,0.2894055133678012,-0.024708543572398767,-1
Iran,South Korea,FIFA World Cup qualification,2021-10-12,0.0074481103871200105,-0.1744958400132237,-0.08949416342412453,0.1157384582294323,-0.06840124122840319,0
United Arab Emirates,Iraq,FIFA World Cup qualification,2021-10-12,-0.0737008924276199,0.10062819419744562,0.03542477302204938,-0.10568095735082217,0.3806641869716393,0
Japan,Australia,FIFA World Cup qualification,2021-10-12,0.06932209045076365,0.2349778804622189,-0.027237354085603016,0.08099907800498851,0.44797041013040034,1
Portugal,Luxembourg,FIFA World Cup qualification,2021-10-12,0.5020251705488161,0.4325987471362942,0.030723086900129593,0.09659236421421391,0.2661644953211055,1
Sweden,Greece,FIFA World Cup qualification,2021-10-12,-0.006217168650436422,0.03878281671268269,-0.10157263294422836,-0.04044759867639636,-0.053836414981711156,1
Lithuania,Switzerland,FIFA World Cup qualification,2021-10-12,-0.5012129566118244,-0.3791348075639349,0.16772049286640733,0.20812178054829622,0.14181187688508062,-1
Faroe Islands,Scotland,FIFA World Cup qualification,2021-10-12,-0.3127377479526092,-0.4660412633671589,0.06655317769131008,0.06798065561734568,0.12157549315605182,-1
Denmark,Austria,FIFA World Cup qualification,2021-10-12,0.024788338792133935,0.04343845548166758,-0.030723086900129593,0.06620300289685888,0.17034339960280148,1
England,Hungary,FIFA World Cup qualification,2021-10-12,0.22259978709261397,0.2778534685271512,0.31866083009079116,0.010072220312723479,0.03505177597215409,0
South Africa,Ethiopia,FIFA World Cup qualification,2021-10-12,0.23211460814858653,0.37731301691354524,-0.03153372243839181,-0.09532794883734286,-0.10633102558212842,1
Jordan,Uzbekistan,Friendly,2021-10-12,-0.06287125671386318,0.01278063511448968,0.015564202334630295,0.04039299065532331,0.24762099944119825,1
Republic of Ireland,Qatar,Friendly,2021-10-12,-9.50604975202829e-05,0.3118221093593263,0.3505998702983139,-0.14094039069622344,0.198852276628324,1
United States,Costa Rica,FIFA World Cup qualification,2021-10-13,0.08096523194259264,0.2937170308056385,-0.06655317769131008,0.3205525467623649,0.12947930277641334,1
Canada,Panama,FIFA World Cup qualification,2021-10-13,0.03151733472721907,0.18183754799283935,-0.14785992217898836,-0.28229970161574947,0.021248371283602463,1
El Salvador,Mexico,FIFA World Cup qualification,2021-10-13,-0.3109432901074216,-0.3260332086534219,-0.13578145265888453,-0.27013118527225743,-0.3568202595027106,-1
Bolivia,Paraguay,FIFA World Cup qualification,2021-10-14,-0.1413597728906808,-0.25382283135279504,0.09768158236057067,0.5826824832453713,0.3971539549895872,1
Colombia,Ecuador,FIFA World Cup qualification,2021-10-14,0.035905924208966766,-0.026248005171647826,-0.10894941634241251,0.6642327678780234,0.43178139597277926,0
Argentina,Peru,FIFA World Cup qualification,2021-10-14,0.37687907025806555,0.4356394681126705,0.0034857328145263544,0.4173175167546287,0.5712484851629125,1
Brazil,Uruguay,FIFA World Cup qualification,2021-10-14,0.060418898470331106,0.10983581820473498,0.0700389105058365,0.1079453127310015,0.2030863261099607,1
Mexico,Ecuador,Friendly,2021-10-27,-0.0035412943894623794,-0.17162061598940204,0.21011673151750965,0.7316013856647162,0.577593680961153,-1
Kosovo,Jordan,Friendly,2021-11-10,-0.08513179740989885,0.36590903973485034,-0.030723086900129593,-0.10568095735082217,0.059246408681443874,-1
Serbia,Qatar,Friendly,2021-11-11,0.08472960251643347,0.3662294321430575,0.3505998702983139,-0.14094039069622344,0.198852276628324,1
Ethiopia,Ghana,FIFA World Cup qualification,2021-11-11,-0.16238037769484537,-0.5810474214557368,0.12491893644617391,0.22471299186885063,0.19908157568017865,0
Lebanon,Iran,FIFA World Cup qualification,2021-11-11,-0.32705024610420197,-0.22310083628825828,-0.015158884565499187,-0.1555665259954644,-0.024665203476906317,-1
South Korea,United Arab Emirates,FIFA World Cup qualification,2021-11-11,0.15785428280839398,0.15330277091918587,0.10465304798962372,0.039828067766032094,0.0930664447053095,1
Vietnam,Japan,FIFA World Cup qualification,2021-11-11,-0.29221446636766024,-0.49996674919949724,-0.17469195849546038,-0.12398556256055704,-0.19068323925104352,-1
Australia,Saudi Arabia,FIFA World Cup qualification,2021-11-11,0.1537585681307707,0.06172064616751305,0.36575875486381315,0.21496691685657998,-0.1668522433926783,0
Republic of Ireland,Portugal,FIFA World Cup qualification,2021-11-11,-0.2592638682324584,-0.2032700647044523,-0.030723086900129593,-0.09659236421421391,-0.2661644953211055,0
Georgia,Sweden,FIFA World Cup qualification,2021-11-11,-0.09298429050517187,-0.08869257485690518,0.10157263294422836,0.04044759867639636,0.053836414981711156,1
Greece,Spain,FIFA World Cup qualification,2021-11-11,-0.3416975953957311,-0.20552621486137568,-0.17858300907911773,-0.3109050827479565,-0.5076623979820805,-1
Malta,Croatia,FIFA World Cup qualification,2021-11-11,-0.5033021514305085,-0.3841623704607944,-0.15134565499351482,0.12679409732272107,-0.05288409096633656,-1
Ecuador,Venezuela,FIFA World Cup qualification,2021-11-11,0.13141330619825875,0.21853009995464978,-0.07433527885862512,-0.4614702003924588,-0.22077342145844248,1
Paraguay,Chile,FIFA World Cup qualification,2021-11-11,0.07007687210075697,0.05292816656448185,-0.09768158236057067,-0.5826824832453713,-0.3971539549895872,-1
Brazil,Colombia,FIFA World Cup qualification,2021-11-11,0.007190299216629503,0.1504014056737799,-0.0077821011673152585,-0.004479669617778903,0.14635874212454825,1
Canada,Costa Rica,FIFA World Cup qualification,2021-11-12,0.08476115059915545,0.14808497433479673,-0.047097924773022104,-0.3349093208565356,-0.2038338995815443,1
Honduras,Panama,FIFA World Cup qualification,2021-11-12,-0.10680988447785866,-0.09251859705156695,-0.10076199740596625,0.05260961924078611,0.22508227086514676,-1
United States,Mexico,FIFA World Cup qualification,2021-11-12,-0.046632610480131786,0.16888970911385703,-0.2023346303501946,0.05042136149010745,-0.22734095672629728,1
Italy,Switzerland,FIFA World Cup qualification,2021-11-12,0.03208186000904667,0.1320782575275663,0.16772049286640733,0.20812178054829622,0.14181187688508062,0
Moldova,Scotland,FIFA World Cup qualification,2021-11-12,-0.37398223081144644,-0.359995948037926,0.06655317769131008,0.06798065561734568,0.12157549315605182,-1
Austria,Israel,FIFA World Cup qualification,2021-11-12,0.18325411140002568,0.14569574335189817,0.030723086900129593,-0.06620300289685888,-0.17034339960280148,1
England,Albania,FIFA World Cup qualification,2021-11-12,0.3146247284485113,0.39313660491258196,0.31866083009079116,0.010072220312723479,0.03505177597215409,1
Uruguay,Argentina,FIFA World Cup qualification,2021-11-12,-0.18991922919493498,-0.07492369550054567,-0.26459143968871573,-0.32697993161784444,-0.4169680946339882,-1
France,Kazakhstan,FIFA World Cup qualification,2021-11-13,0.5097445972897976,0.5856510521537643,0.15134565499351482,0.2738749582853708,0.4808479971217275,1
Belgium,Estonia,FIFA World Cup qualification,2021-11-13,0.39737046820432687,0.4501985654189036,-0.08211738002594038,0.3744116380973521,0.4685673134214497,1
Norway,Latvia,FIFA World Cup qualification,2021-11-13,0.4617820625393698,0.45214216575766386,0.29920557717250285,0.26999452568725335,-0.17741856102563375,0
Montenegro,Netherlands,FIFA World Cup qualification,2021-11-13,-0.41641050097069576,-0.35108437090396416,-0.04628728923476,-0.3168169184513121,-0.33360725878742264,0
Azerbaijan,Qatar,Friendly,2021-11-14,-0.2437994956081786,0.017766154555391545,0.3505998702983139,-0.14094039069622344,0.198852276628324,0
Ghana,South Africa,FIFA World Cup qualification,2021-11-14,-0.06973423045374116,0.2037344045421916,-0.0933852140077821,-0.12938504303150777,-0.09275055009805022,1
Portugal,Serbia,FIFA World Cup qualification,2021-11-14,0.17443920521850464,0.14886274192072113,0.030723086900129593,0.09659236421421391,0.2661644953211055,-1
Spain,Sweden,FIFA World Cup qualification,2021-11-14,0.3479147640461675,0.166743398148693,0.2801556420233461,0.35135268142435283,0.5614988129637917,1
Croatia,Russia,FIFA World Cup qualification,2021-11-14,0.08229101191583288,-0.007878970615628145,0.15134565499351482,-0.12679409732272107,0.05288409096633656,1
Armenia,Germany,FIFA World Cup qualification,2021-11-14,-0.49495199362110087,-0.411009998246314,-0.05796044098573272,-0.19938066252610964,-0.48850599103198206,-1
Georgia,Uzbekistan,Friendly,2021-11-15,-0.2023799227951426,0.4200975229900159,-0.015158884565499298,-0.06528796669549886,0.3068674081226421,1
Switzerland,Bulgaria,FIFA World Cup qualification,2021-11-15,0.2990225342196111,0.2606763091112425,-0.16772049286640733,-0.20812178054829622,-0.14181187688508062,1
Scotland,Denmark,FIFA World Cup qualification,2021-11-15,-0.08488082964027588,-0.06862630241523338,-0.06655317769131008,-0.06798065561734568,-0.12157549315605182,1
Austria,Moldova,FIFA World Cup qualification,2021-11-15,0.4340747216595884,0.3851837949714918,0.030723086900129593,-0.06620300289685888,-0.17034339960280148,1
San Marino,England,FIFA World Cup qualification,2021-11-15,-0.8648998935368133,-0.9999999999999998,-0.31866083009079116,-0.010072220312723479,-0.03505177597215409,-1
Belarus,Jordan,Friendly,2021-11-16,-0.26617724126033626,0.06427428591782736,-0.030723086900129593,-0.10568095735082217,0.059246408681443874,1
Nigeria,Cape Verde,FIFA World Cup qualification,2021-11-16,0.13776205286494747,0.21852005170835387,0.16772049286640722,1.1102230246251565e-16,0.42875151483708746,0
Iraq,South Korea,FIFA World Cup qualification,2021-11-16,-0.08415339038077407,-0.2539309651166315,-0.1400778210116731,0.06585288958479008,-0.4737306316769488,-1
Vietnam,Saudi Arabia,FIFA World Cup qualification,2021-11-16,-0.06913380778612588,-0.2032682225697653,0.16382944228274976,0.17198043230101145,0.09043492748667853,-1
Oman,Japan,FIFA World Cup qualification,2021-11-16,-0.2663442996530254,-0.5059848499485309,-0.17469195849546038,-0.12398556256055704,-0.19068323925104352,-1
Jamaica,United States,FIFA World Cup qualification,2021-11-16,-0.1275898856327049,-0.26707564562199426,0.06655317769131008,-0.3205525467623649,-0.12947930277641334,0
Canada,Mexico,FIFA World Cup qualification,2021-11-16,-0.04283669182356897,0.02325765264301527,-0.18287937743190663,-0.605040506128793,-0.5606541590842549,1
Panama,El Salvador,FIFA World Cup qualification,2021-11-16,0.23658926355663357,0.1674533133035978,0.10076199740596625,-0.05260961924078611,-0.22508227086514676,1
Finland,France,FIFA World Cup qualification,2021-11-16,-0.4524886470449414,-0.43898180777760976,-0.15134565499351482,-0.2738749582853708,-0.4808479971217275,-1
Wales,Belgium,FIFA World Cup qualification,2021-11-16,-0.10740130310740192,-0.10152657834803236,0.08211738002594038,-0.3744116380973521,-0.4685673134214497,0
Czech Republic,Estonia,FIFA World Cup qualification,2021-11-16,0.30398175251131043,0.32078213417159507,-0.058771076523994825,-0.13685303135083382,-0.2552704005231975,1
Netherlands,Norway,FIFA World Cup qualification,2021-11-16,0.09482444019226599,0.05651634705916386,-0.25291828793774285,0.04682239276405875,0.5110258198130564,1
Bolivia,Uruguay,FIFA World Cup qualification,2021-11-16,-0.22832430894182765,-0.412445525298927,0.2611057068741894,-0.09033758513678425,-0.15428039052892434,1
Colombia,Paraguay,FIFA World Cup qualification,2021-11-16,0.14019313530484845,0.118057106477087,-0.08560311284046696,0.785445050730936,0.608161929503924,0
Argentina,Brazil,FIFA World Cup qualification,2021-11-16,0.12950033072460387,-0.03491212270418931,0.19455252918287924,0.21903461888684295,0.21388176852402752,0
Chile,Ecuador,FIFA World Cup qualification,2021-11-16,-0.17436408319663865,-0.19723327821321668,0.07433527885862512,0.4614702003924588,0.22077342145844248,-1
Iraq,Oman,Arab Cup,2021-11-30,0.09941654091416541,0.15114706289080848,-0.03542477302204938,0.10568095735082217,-0.3806641869716393,0
Saudi Arabia,Jordan,Arab Cup,2021-12-01,-0.05528568923977706,0.15201594237243476,-0.19455252918287935,-0.2776613896518336,-0.031188518805234655,-1
Egypt,Lebanon,Arab Cup,2021-12-01,0.26186025040122973,0.40706250010744816,-0.14826523994811946,-0.2894055133678012,0.024708543572398767,1
Qatar,Oman,Arab Cup,2021-12-03,-0.0062779010911449,0.14510210779123245,-0.3505998702983139,0.14094039069622344,-0.198852276628324,1
El Salvador,Ecuador,Friendly,2021-12-04,-0.314484584496884,-0.4976538246428239,0.07433527885862512,0.4614702003924588,0.22077342145844248,0
Jordan,Morocco,Arab Cup,2021-12-04,-0.1888418655158315,-0.513915824032229,-0.21011673151750987,0.2883438102291356,-0.13577523048048767,-1
Lebanon,Algeria,Arab Cup,2021-12-04,-0.31932868965160877,-0.4830215079945459,-0.14356355382619967,0.32365449537638236,0.00045350421092843485,-1
Qatar,Iraq,Arab Cup,2021-12-06,-0.10569444200531031,-0.006044955099576033,-0.3151750972762645,0.03525943334540127,0.18181191034331529,1
Tunisia,United Arab Emirates,Arab Cup,2021-12-06,0.05873686516492049,0.07477251621212266,-0.03931582360570696,-0.1195876443996069,0.2696076331311386,1
Morocco,Saudi Arabia,Arab Cup,2021-12-07,0.24412755475560854,0.36189988165979425,0.4046692607003892,-0.010682420577301954,0.16696374928572233,1
Algeria,Egypt,Arab Cup,2021-12-07,0.05746843925037903,0.07595900788709775,0.29182879377431914,-0.034248982008581175,-0.0251620477833272,0
Mexico,Chile,Friendly,2021-12-08,0.17082278880717627,0.025612662223814642,0.13578145265888453,0.27013118527225743,0.3568202595027106,0
Tunisia,Oman,Arab Cup,2021-12-10,0.084452513651466,0.32654777330037676,-0.03931582360570696,-0.1195876443996069,0.2696076331311386,1
Qatar,United Arab Emirates,Arab Cup,2021-12-10,-0.031993549577690406,-0.10667314929702165,-0.3505998702983139,0.14094039069622344,-0.198852276628324,1
Egypt,Jordan,Arab Cup,2021-12-11,0.027278715667819142,0.357273470867042,-0.17898832684824906,-0.39508647071862335,0.08395495225384264,1
Morocco,Algeria,Arab Cup,2021-12-11,0.10409471059763331,0.08068334527808929,0.09727626459143979,0.14099164249806895,0.07698232600997224,0
Tunisia,Egypt,Arab Cup,2021-12-15,-0.041375532327621256,-0.08799607851302937,0.10894941634241251,0.16981786896819429,0.24489908955873985,1
Qatar,Algeria,Arab Cup,2021-12-15,-0.1895743863206112,-0.34540075190927144,-0.4941634241245136,0.4645948860726058,-0.19839877241739556,-1
Qatar,Egypt,Arab Cup,2021-12-18,-0.13210594707023215,-0.2694417440221737,-0.20233463035019444,0.4303459040640246,-0.22356082020072277,0
Tunisia,Algeria,Arab Cup,2021-12-18,-0.09884397157800029,-0.16395508640012713,-0.18287937743190663,0.20406685097677546,0.27006113734206705,-1
Algeria,Ghana,Friendly,2022-01-05,0.22293256727016697,0.014832485923366612,0.2684824902723736,-0.09894150350753173,0.1986280714692502,1
Ethiopia,Cape Verde,African Cup of Nations,2022-01-09,-0.20480551984804207,-0.37334932962135303,0.16772049286640722,1.1102230246251565e-16,0.42875151483708746,-1
Morocco,Ghana,African Cup of Nations,2022-01-10,0.3270272778678003,0.0955158312014559,0.3657587548638134,0.04205013899053722,0.27561039747922245,1
Nigeria,Egypt,African Cup of Nations,2022-01-11,0.014723066998356238,0.0719484818377012,0.14826523994811946,0.2894055133678012,-0.024708543572398767,1
Morocco,Comoros,African Cup of Nations,2022-01-14,0.4402066993120859,0.4106214616349422,0.24083981841763946,-0.1826628528783134,0.0765288217990438,1
South Korea,Iceland,Friendly,2022-01-15,0.2997771804194622,0.06163893792240094,0.10465304798962372,0.039828067766032094,0.0930664447053095,1
Colombia,Honduras,Friendly,2022-01-16,0.22061112962707585,0.39647110321914525,-0.18328469520103763,0.20276256748556465,0.21100797451433678,1
Peru,Panama,Friendly,2022-01-16,-0.12638719516761499,-0.016197678975501617,-0.10076199740596625,0.05260961924078611,0.22508227086514676,0
Ghana,Comoros,African Cup of Nations,2022-01-18,0.11317942144428561,0.3151056304334863,-0.12491893644617391,-0.22471299186885063,-0.19908157568017865,-1
South Korea,Moldova,Friendly,2022-01-20,0.5023520957433256,0.28989839498092795,0.10465304798962372,0.039828067766032094,0.0930664447053095,1
Ivory Coast,Algeria,African Cup of Nations,2022-01-20,-0.06262068242855445,0.02261247003322353,-0.11673151750972777,0.20406685097677546,-0.04359938765021221,1
Iraq,Uganda,Friendly,2022-01-21,0.19753644422342487,0.1046219747152568,-0.03542477302204938,0.10568095735082217,-0.3806641869716393,1
Nigeria,Tunisia,African Cup of Nations,2022-01-23,0.056098599325977494,0.15994456035073057,0.03931582360570696,0.1195876443996069,-0.2696076331311386,-1
Senegal,Cape Verde,African Cup of Nations,2022-01-25,0.2136897165016487,0.3164948003899366,0.36575875486381293,-0.02682998486149646,0.3255320589615548,1
Ivory Coast,Egypt,African Cup of Nations,2022-01-26,-0.00515224317817542,0.09857147792032128,0.17509727626459137,0.16981786896819429,-0.06876143543353941,0
Jamaica,Mexico,FIFA World Cup qualification,2022-01-27,-0.1742224961128367,-0.09818593650813723,-0.13578145265888453,-0.27013118527225743,-0.3568202595027106,-1
United States,El Salvador,FIFA World Cup qualification,2022-01-27,0.2643106796272898,0.4949229177672789,-0.06655317769131008,0.3205525467623649,0.12947930277641334,1
Honduras,Canada,FIFA World Cup qualification,2022-01-27,-0.13832721920507773,-0.2743561450444063,0.047097924773022104,0.3349093208565356,0.2038338995815443,-1
Costa Rica,Panama,FIFA World Cup qualification,2022-01-27,-0.053243815871936384,0.03375257365804263,-0.10076199740596625,0.05260961924078611,0.22508227086514676,1
Lebanon,South Korea,FIFA World Cup qualification,2022-01-27,-0.31960213571708196,-0.397596676301482,-0.10465304798962372,-0.039828067766032094,-0.0930664447053095,-1
Iran,Iraq,FIFA World Cup qualification,2022-01-27,0.09160150076789408,0.07943512510340778,0.05058365758754857,0.04988556864464222,0.4053293904485456,1
Australia,Vietnam,FIFA World Cup qualification,2022-01-27,0.2228923759168966,0.26498886873727834,0.2019293125810634,0.04298648455556853,-0.2572871708793568,1
Saudi Arabia,Oman,FIFA World Cup qualification,2022-01-27,0.043263641071491055,0.20928632331879893,-0.16382944228274976,-0.17198043230101145,-0.09043492748667853,1
Ecuador,Brazil,FIFA World Cup qualification,2022-01-27,-0.04309622342559627,-0.12415340050213208,0.11673151750972777,-0.6597530982602445,-0.5781401380973274,0
Paraguay,Uruguay,FIFA World Cup qualification,2022-01-27,-0.08696453605114685,-0.15862269394613193,0.1634241245136187,-0.6730200683821556,-0.5514343455185116,-1
Chile,Argentina,FIFA World Cup qualification,2022-01-27,-0.3469606373468388,-0.28647455601115945,-0.0034857328145263544,-0.4173175167546287,-0.5712484851629125,-1
Jordan,New Zealand,Friendly,2022-01-28,0.08180163705106214,-0.112280169170909,0.027237354085603238,0.39508647071862335,0.24496953257044995,1
Colombia,Peru,FIFA World Cup qualification,2022-01-28,0.24018844031683217,0.3201501851430799,-0.18328469520103763,0.20276256748556465,0.21100797451433678,-1
Egypt,Morocco,African Cup of Nations,2022-01-30,-0.16156314984801234,-0.15664235316518704,-0.3891050583657589,-0.10674266048948777,-0.051820278226645033,1
Canada,United States,FIFA World Cup qualification,2022-01-30,0.0037959186565628134,-0.14563205647084176,0.01945525291828798,-0.6554618676189005,-0.33331320235795764,1
Mexico,Costa Rica,FIFA World Cup qualification,2022-01-30,0.12759784242272443,0.12482732169178146,0.13578145265888453,0.27013118527225743,0.3568202595027106,0
Panama,Jamaica,FIFA World Cup qualification,2022-01-30,0.09986846956204865,-0.06039395884168686,0.10076199740596625,-0.05260961924078611,-0.22508227086514676,1
Lebanon,Iraq,FIFA World Cup qualification,2022-02-01,-0.23544874533630789,-0.1436657111848505,0.03542477302204938,-0.10568095735082217,0.3806641869716393,0
Iran,United Arab Emirates,FIFA World Cup qualification,2022-02-01,0.16530239319551399,-0.021193069094037842,0.015158884565499187,0.1555665259954644,0.024665203476906317,1
Japan,Saudi Arabia,FIFA World Cup qualification,2022-02-01,0.22308065858153436,0.29669852662973195,0.33852140077821014,0.2959659948615685,0.28111816673772205,1
Oman,Australia,FIFA World Cup qualification,2022-02-01,-0.19702220920226177,-0.271006969486312,-0.2019293125810634,-0.04298648455556853,0.2572871708793568,0
Uruguay,Venezuela,FIFA World Cup qualification,2022-02-01,0.11409063115352391,0.23284768225204688,-0.2611057068741894,0.09033758513678425,0.15428039052892434,1
Argentina,Colombia,FIFA World Cup qualification,2022-02-01,0.13669062994123338,0.1154892829695906,0.18677042801556398,0.21455494926906404,0.36024051064857576,1
Peru,Ecuador,FIFA World Cup qualification,2022-02-01,-0.2042825161078654,-0.34639819031472774,0.07433527885862512,0.4614702003924588,0.22077342145844248,0
Brazil,Paraguay,FIFA World Cup qualification,2022-02-01,0.14738343452147795,0.2684585121508669,-0.09338521400778221,0.780965381113157,0.7545206716284723,1
United States,Honduras,FIFA World Cup qualification,2022-02-02,0.13453130054851492,0.41998820151524807,-0.06655317769131008,0.3205525467623649,0.12947930277641334,1
El Salvador,Canada,FIFA World Cup qualification,2022-02-02,-0.26810659828385264,-0.34929086129643716,0.047097924773022104,0.3349093208565356,0.2038338995815443,-1
Mexico,Panama,FIFA World Cup qualification,2022-02-02,0.07435402655078804,0.15857989534982408,0.035019455252918275,0.32274080451304354,0.5819025303678573,1
Senegal,Egypt,African Cup of Nations,2022-02-06,0.09065073063505746,0.16992323051928393,0.34630350194552517,0.2625755285063046,-0.12792799944793143,0
New Zealand,Fiji,FIFA World Cup qualification,2022-03-21,0.15149909475993217,0.2918722486445282,0.0034857328145263544,-0.2894055133678012,-0.30421594125189383,1
Mexico,United States,FIFA World Cup qualification,2022-03-24,0.046632610480131786,-0.16888970911385703,0.2023346303501946,-0.05042136149010745,0.22734095672629728,0
Panama,Honduras,FIFA World Cup qualification,2022-03-24,0.10680988447785866,0.09251859705156695,0.10076199740596625,-0.05260961924078611,-0.22508227086514676,0
Costa Rica,Canada,FIFA World Cup qualification,2022-03-24,-0.08476115059915545,-0.14808497433479673,0.047097924773022104,0.3349093208565356,0.2038338995815443,1
Iraq,United Arab Emirates,FIFA World Cup qualification,2022-03-24,0.0737008924276199,-0.10062819419744562,-0.03542477302204938,0.10568095735082217,-0.3806641869716393,1
South Korea,Iran,FIFA World Cup qualification,2022-03-24,-0.0074481103871200105,0.1744958400132237,0.08949416342412453,-0.1157384582294323,0.06840124122840319,1
Australia,Japan,FIFA World Cup qualification,2022-03-24,-0.06932209045076365,-0.2349778804622189,0.027237354085603016,-0.08099907800498851,-0.44797041013040034,-1
Colombia,Bolivia,FIFA World Cup qualification,2022-03-24,0.28155290819552925,0.37187993782988205,-0.18328469520103763,0.20276256748556465,0.21100797451433678,1
Brazil,Chile,FIFA World Cup qualification,2022-03-24,0.21746030662223492,0.32138667871534876,-0.1910667963683529,0.19828289786778575,0.35736671663888503,1
Paraguay,Ecuador,FIFA World Cup qualification,2022-03-24,-0.10428721109588168,-0.14430511164873483,-0.023346303501945553,-0.12121228285291252,-0.17638053353114475,1
Uruguay,Peru,FIFA World Cup qualification,2022-03-24,0.18695984106313057,0.36071577261212484,-0.2611057068741894,0.09033758513678425,0.15428039052892434,1
Sweden,Czech Republic,FIFA World Cup qualification,2022-03-24,0.012655682879921581,0.10589882485971769,-0.04280155642023353,0.09640543267443746,0.20143398554148634,1
Wales,Austria,FIFA World Cup qualification,2022-03-24,-0.08993587277034876,-0.02509255627964979,-0.030723086900129593,0.06620300289685888,0.17034339960280148,1
Scotland,Poland,Friendly,2022-03-24,0.010202473974093573,0.034323401068879544,-0.06655317769131008,-0.06798065561734568,-0.12157549315605182,0
DR Congo,Morocco,FIFA World Cup qualification,2022-03-25,-0.21538334095062228,-0.26463714198142174,-0.21400778210116733,0.1826628528783133,-0.37335705953563336,0
Egypt,Senegal,FIFA World Cup qualification,2022-03-25,-0.09065073063505746,-0.16992323051928393,-0.34630350194552517,-0.2625755285063046,0.12792799944793143,1
Ghana,Nigeria,FIFA World Cup qualification,2022-03-25,-0.18018719501814418,-0.010821959873970055,-0.12491893644617391,-0.22471299186885063,-0.19908157568017865,0
Argentina,Venezuela,FIFA World Cup qualification,2022-03-25,0.3040098603484589,0.30777137775259256,0.0034857328145263544,0.4173175167546287,0.5712484851629125,1
France,Ivory Coast,Friendly,2022-03-25,0.20253472765733616,0.21193079100744594,0.12451361867704291,0.3934626026849777,0.5249008889828681,1
Norway,Slovakia,Friendly,2022-03-25,0.162364754532609,0.18272755341311608,0.29920557717250285,0.26999452568725335,-0.17741856102563375,1
Uzbekistan,Kyrgyzstan,Navruz Cup,2022-03-25,0.287408803317734,0.05056047146558873,0.015158884565499298,0.06528796669549886,-0.3068674081226421,1
Croatia,Slovenia,Friendly,2022-03-26,0.16890851461192335,0.0751205931078971,0.15134565499351482,-0.12679409732272107,0.05288409096633656,0
England,Switzerland,Friendly,2022-03-26,0.11437760256031648,0.22256542822928127,0.4863813229571985,0.2181940008610197,0.1768636528572347,1
Germany,Israel,Friendly,2022-03-26,0.30418923097708683,0.3072743080555229,0.05796044098573272,0.19938066252610964,0.48850599103198206,1
Netherlands,Denmark,Friendly,2022-03-26,0.09558808126059093,0.10958573968167418,0.04628728923476,0.3168169184513121,0.33360725878742264,1
Qatar,Bulgaria,Friendly,2022-03-26,0.14228262337064113,-0.12016108228033984,-0.3505998702983139,0.14094039069622344,-0.198852276628324,1
Republic of Ireland,Belgium,Friendly,2022-03-26,-0.1391309491369206,-0.11987323291582763,0.08211738002594038,-0.3744116380973521,-0.4685673134214497,0
Spain,Albania,Friendly,2022-03-26,0.4497248349116978,0.36465491932797445,0.17858300907911773,0.3109050827479565,0.5076623979820805,1
Canada,Jamaica,FIFA World Cup qualification,2022-03-27,0.13138580428926772,0.1214435891511525,-0.047097924773022104,-0.3349093208565356,-0.2038338995815443,1
Honduras,Mexico,FIFA World Cup qualification,2022-03-27,-0.1811639110286467,-0.25109849240139104,-0.13578145265888453,-0.27013118527225743,-0.3568202595027106,-1
United States,Panama,FIFA World Cup qualification,2022-03-27,0.027721416070656257,0.3274696044636811,-0.16731517509727634,0.373162166003151,0.3545615736415601,1
Guatemala,Haiti,Friendly,2022-03-27,-0.020879983489276555,-0.2304437692368544,0.08600843060959806,0.21016277076685297,0.349368116789524,1
Cape Verde,San Marino,Friendly,2022-03-28,0.6028493413311677,0.5194673545306572,-0.16772049286640722,-1.1102230246251565e-16,-0.42875151483708746,1
Morocco,DR Congo,FIFA World Cup qualification,2022-03-29,0.21538334095062228,0.26463714198142174,0.21400778210116733,-0.1826628528783133,0.37335705953563336,1
Nigeria,Ghana,FIFA World Cup qualification,2022-03-29,0.18018719501814418,0.010821959873970055,0.12491893644617391,0.22471299186885063,0.19908157568017865,0
Senegal,Egypt,FIFA World Cup qualification,2022-03-29,0.09065073063505746,0.16992323051928393,0.34630350194552517,0.2625755285063046,-0.12792799944793143,1
Iran,Lebanon,FIFA World Cup qualification,2022-03-29,0.32705024610420197,0.22310083628825828,0.015158884565499187,0.1555665259954644,0.024665203476906317,1
United Arab Emirates,South Korea,FIFA World Cup qualification,2022-03-29,-0.15785428280839398,-0.15330277091918587,-0.10465304798962372,-0.039828067766032094,-0.0930664447053095,1
Japan,Vietnam,FIFA World Cup qualification,2022-03-29,0.29221446636766024,0.49996674919949724,0.17469195849546038,0.12398556256055704,0.19068323925104352,0
Saudi Arabia,Australia,FIFA World Cup qualification,2022-03-29,-0.1537585681307707,-0.06172064616751305,-0.36575875486381315,-0.21496691685657998,0.1668522433926783,1
Ecuador,Argentina,FIFA World Cup qualification,2022-03-29,-0.17259655415020014,-0.08924127779794278,-0.07782101167315147,-0.8787877171470875,-0.792021906621355,0
Peru,Paraguay,FIFA World Cup qualification,2022-03-29,-0.09999530501198373,-0.2020930786659929,0.09768158236057067,0.5826824832453713,0.3971539549895872,1
Bolivia,Brazil,FIFA World Cup qualification,2022-03-29,-0.28874320741215875,-0.522281343503662,0.1910667963683529,-0.19828289786778575,-0.35736671663888503,-1
Venezuela,Colombia,FIFA World Cup qualification,2022-03-29,-0.16731923040722552,-0.19228209478300196,0.18328469520103763,-0.20276256748556465,-0.21100797451433678,-1
Chile,Uruguay,FIFA World Cup qualification,2022-03-29,-0.15704140815190382,-0.21155086051061378,0.2611057068741894,-0.09033758513678425,-0.15428039052892434,-1
Poland,Sweden,FIFA World Cup qualification,2022-03-29,-0.007027362346193833,-0.11242766368323709,0.10157263294422836,0.04044759867639636,0.053836414981711156,1
Portugal,North Macedonia,FIFA World Cup qualification,2022-03-29,0.3326620582360713,0.41096489003307735,0.030723086900129593,0.09659236421421391,0.2661644953211055,1
Austria,Scotland,Friendly,2022-03-29,0.060092490848141944,0.025187846933565794,0.09727626459143968,0.0017776527204867998,-0.048767906446749665,0
Croatia,Bulgaria,Friendly,2022-03-29,0.3474938673735284,0.23546841320302336,0.15134565499351482,-0.12679409732272107,0.05288409096633656,1
England,Ivory Coast,Friendly,2022-03-29,0.14416380951722974,0.23538959767836865,0.29182879377431925,0.12965986471233037,0.07910466783329473,1
France,South Africa,Friendly,2022-03-29,0.2931123820452075,0.4531101515062277,0.18287937743190663,0.36920290712271364,0.5871790227038559,1
Netherlands,Germany,Friendly,2022-03-29,-0.0005586995243362924,-0.008554369540282991,-0.011673151750972721,0.11743625592520246,-0.1548987322445594,0
Norway,Armenia,Friendly,2022-03-29,0.3995688539044986,0.34593928164686716,0.29920557717250285,0.26999452568725335,-0.17741856102563375,1
Qatar,Slovenia,Friendly,2022-03-29,-0.036302729390963906,-0.2805089023754661,-0.3505998702983139,0.14094039069622344,-0.198852276628324,0
Spain,Iceland,Friendly,2022-03-29,0.5161469679058508,0.3765841517424495,0.17858300907911773,0.3109050827479565,0.5076623979820805,1
Switzerland,Kosovo,Friendly,2022-03-29,0.13704447685645582,0.1027600785016003,-0.16772049286640733,-0.20812178054829622,-0.14181187688508062,0
Wales,Czech Republic,Friendly,2022-03-29,-0.014012587414385491,0.027889852899276146,0.058771076523994825,0.13685303135083382,0.2552704005231975,0
Uzbekistan,Uganda,Navruz Cup,2022-03-29,0.25954049033439075,-0.0020353423436771934,0.015158884565499298,0.06528796669549886,-0.3068674081226421,1
Mexico,El Salvador,FIFA World Cup qualification,2022-03-30,0.3109432901074216,0.3260332086534219,0.13578145265888453,0.27013118527225743,0.3568202595027106,1
Costa Rica,United States,FIFA World Cup qualification,2022-03-30,-0.08096523194259264,-0.2937170308056385,0.06655317769131008,-0.3205525467623649,-0.12947930277641334,1
Panama,Canada,FIFA World Cup qualification,2022-03-30,-0.03151733472721907,-0.18183754799283935,0.14785992217898836,0.28229970161574947,-0.021248371283602463,1
Mexico,Guatemala,Friendly,2022-04-27,0.204629065345296,0.3942829776450618,0.13578145265888453,0.27013118527225743,0.3568202595027106,0
India,Jordan,Friendly,2022-05-28,-0.322600551154705,-0.10478509242180545,-0.030723086900129593,-0.10568095735082217,0.059246408681443874,-1
Mexico,Nigeria,Friendly,2022-05-28,0.05255340285887966,-0.10905176200501554,0.13578145265888453,0.27013118527225743,0.3568202595027106,1
Italy,Argentina,CONMEBOL–UEFA Cup of Champions,2022-06-01,-0.18669849460911392,0.01971529127694449,-0.0034857328145263544,-0.4173175167546287,-0.5712484851629125,-1
Scotland,Ukraine,FIFA World Cup qualification,2022-06-01,-0.005387220125688819,-0.028722337096223072,-0.06655317769131008,-0.06798065561734568,-0.12157549315605182,-1
Australia,Jordan,Friendly,2022-06-01,0.09847287889099365,0.2137365885399478,0.1712062256809338,-0.06269447279525364,-0.19804076219791295,1
United States,Morocco,Friendly,2022-06-01,-0.14091929047090823,-0.024855924218644354,-0.30739299610894955,0.5032153996406783,0.05295048097736954,1
Panama,Costa Rica,CONCACAF Nations League,2022-06-02,0.053243815871936384,-0.03375257365804263,0.10076199740596625,-0.05260961924078611,-0.22508227086514676,1
Czech Republic,Switzerland,UEFA Nations League,2022-06-02,-0.11109273790258611,-0.07855848036373692,0.10894941634241251,0.0712687491974624,-0.11345852363811687,1
Spain,Portugal,UEFA Nations League,2022-06-02,0.14704881213753485,0.0598289599724775,0.14785992217898813,0.21431271853374256,0.24149790266097504,0
Serbia,Norway,UEFA Nations League,2022-06-02,-0.062392835646372546,-0.08553973616789179,-0.29920557717250285,-0.26999452568725335,0.17741856102563375,-1
Slovenia,Sweden,UEFA Nations League,2022-06-02,-0.02200012643534155,-0.127668833512097,0.10157263294422836,0.04044759867639636,0.053836414981711156,-1
Ecuador,Nigeria,Friendly,2022-06-02,0.05609469724834204,0.0625688539843865,-0.07433527885862512,-0.4614702003924588,-0.22077342145844248,1
Japan,Paraguay,Friendly,2022-06-02,0.17398570052312157,0.10122877396177188,0.27237354085603105,0.7066680458059283,0.5878371942406307,1
South Korea,Brazil,Friendly,2022-06-02,-0.05617210235644232,-0.26813656013018594,0.2957198443579766,-0.15845483010175365,-0.2643002719335755,-1
Mexico,Uruguay,Friendly,2022-06-02,0.013781380655272457,-0.18593819828679914,0.3968871595330739,0.17979360013547319,0.20253986897378629,-1
Croatia,Austria,UEFA Nations League,2022-06-03,0.08364078570054012,0.00036817527659183114,0.12062256809338523,-0.06059109442586219,0.22322749056913804,-1
France,Denmark,UEFA Nations League,2022-06-03,0.18312963445491182,0.18124423726150196,0.15134565499351482,0.2738749582853708,0.4808479971217275,-1
Belgium,Netherlands,UEFA Nations League,2022-06-03,-0.1029109897156717,-0.07659017309495919,-0.12840466926070038,0.057594719646040016,0.13496005463402705,-1
Algeria,Uganda,African Cup of Nations qualification,2022-06-04,0.28141638853872575,0.4439777715249522,0.14356355382619967,-0.32365449537638236,-0.00045350421092843485,1
Hungary,England,UEFA Nations League,2022-06-04,-0.22259978709261397,-0.2778534685271512,-0.31866083009079116,-0.010072220312723479,-0.03505177597215409,1
Italy,Germany,UEFA Nations League,2022-06-04,-0.05368380702139164,-0.003924235991247471,-0.05796044098573272,-0.19938066252610964,-0.48850599103198206,0
Portugal,Switzerland,UEFA Nations League,2022-06-05,0.10242889688596812,0.13425478267219626,0.19844357976653693,0.30471414476251013,0.4079763722061861,1
Czech Republic,Spain,UEFA Nations League,2022-06-05,-0.3605704469260891,-0.2726422230084107,-0.23735408560311255,-0.4477581140987903,-0.7629327985052781,0
Sweden,Norway,UEFA Nations League,2022-06-05,-0.08881958233650056,-0.043591432423386145,-0.4007782101167312,-0.3104421243636497,0.12358214604392259,-1
Argentina,Estonia,Friendly,2022-06-05,0.6338548450320571,0.5117035807859538,0.0034857328145263544,0.4173175167546287,0.5712484851629125,1
Mexico,Ecuador,Friendly,2022-06-05,-0.0035412943894623794,-0.17162061598940204,0.21011673151750965,0.7316013856647162,0.577593680961153,0
Peru,New Zealand,Friendly,2022-06-05,-0.02438439914228585,0.033112447203492934,-0.0034857328145263544,0.2894055133678012,0.30421594125189383,1
Saudi Arabia,Colombia,Friendly,2022-06-05,-0.18928809336326125,-0.3135268591450471,0.01945525291828787,-0.3747429997865761,-0.3014429020010153,-1
United States,Uruguay,Friendly,2022-06-05,-0.03285122982485933,-0.017048489172942105,0.1945525291828793,0.23021496162558064,-0.024801087752510997,0
Austria,Denmark,UEFA Nations League,2022-06-06,-0.024788338792133935,-0.04343845548166758,0.030723086900129593,-0.06620300289685888,-0.17034339960280148,-1
Croatia,France,UEFA Nations League,2022-06-06,-0.12427718754650563,-0.2243145174665777,0.0,-0.40066905560809185,-0.4279639061553909,0
South Korea,Chile,Friendly,2022-06-06,0.1612882042657926,0.05325011858516282,0.10465304798962372,0.039828067766032094,0.0930664447053095,1
Japan,Brazil,Friendly,2022-06-06,0.026602266001643615,-0.16722973818909503,0.36575875486381326,-0.0742973353072287,-0.1666834773878415,-1
Germany,England,UEFA Nations League,2022-06-07,-0.028611935529878174,-0.0865629347104675,-0.26070038910505844,0.18930844221338616,0.45345421505982797,0
United Arab Emirates,Australia,FIFA World Cup qualification,2022-06-07,-0.17130656071571626,-0.019231712398057876,-0.2019293125810634,-0.04298648455556853,0.2572871708793568,-1
Wales,Netherlands,UEFA Nations League,2022-06-08,-0.21031229282307362,-0.17811675144299155,-0.04628728923476,-0.3168169184513121,-0.33360725878742264,-1
Belgium,Poland,UEFA Nations League,2022-06-08,0.08776039515928868,0.1359452700708279,-0.08211738002594038,0.3744116380973521,0.4685673134214497,1
Scotland,Armenia,UEFA Nations League,2022-06-08,0.31392438319589777,0.22424358660912347,-0.06655317769131008,-0.06798065561734568,-0.12157549315605182,1
Ethiopia,Egypt,African Cup of Nations qualification,2022-06-09,-0.3278445057146333,-0.5199208994920057,0.14826523994811946,0.2894055133678012,-0.024708543572398767,1
Morocco,South Africa,African Cup of Nations qualification,2022-06-09,0.2572930474140591,0.2992502357436475,0.27237354085603127,-0.08733490404097055,0.18285984738117222,1
Portugal,Czech Republic,UEFA Nations League,2022-06-09,0.21352163478855424,0.21281326303593318,0.08949416342412442,0.23344539556504773,0.5214348958443029,1
Switzerland,Spain,UEFA Nations League,2022-06-09,-0.24947770902350297,-0.19408374264467376,-0.34630350194552506,-0.5190268632962527,-0.6494742748671611,-1
Norway,Slovenia,UEFA Nations League,2022-06-09,0.11081970877184211,0.17126026593548316,0.29920557717250285,0.26999452568725335,-0.17741856102563375,0
Sweden,Serbia,UEFA Nations League,2022-06-09,-0.02642674669012801,0.041948303744505644,-0.10157263294422836,-0.04044759867639636,-0.053836414981711156,-1
New Zealand,Oman,Friendly,2022-06-09,0.016747693260205976,0.16955055011727316,0.0034857328145263544,-0.2894055133678012,-0.30421594125189383,0
Saudi Arabia,Venezuela,Friendly,2022-06-09,-0.02196886295603573,-0.12124476436204512,-0.16382944228274976,-0.17198043230101145,-0.09043492748667853,-1
Austria,France,UEFA Nations League,2022-06-10,-0.20791797324704575,-0.22468269274316954,-0.12062256809338523,-0.34007796118222966,-0.651191396724529,0
Denmark,Croatia,UEFA Nations League,2022-06-10,-0.058852446908406186,0.04307028020507575,-0.15134565499351482,0.12679409732272107,-0.05288409096633656,-1
South Korea,Paraguay,Friendly,2022-06-10,0.09121133216503563,0.0003219520206809712,0.2023346303501944,0.6225105510114034,0.4902203996948967,0
Chile,Tunisia,Kirin Cup,2022-06-10,-0.06217078662231912,0.025280136121900387,0.03931582360570696,0.1195876443996069,-0.2696076331311386,-1
Japan,Ghana,Kirin Cup,2022-06-10,0.3059803816937261,0.0303144761713936,0.2996108949416343,0.34869855442940767,0.38976481493122217,1
Indonesia,Jordan,AFC Asian Cup qualification,2022-06-11,-0.20173552399645645,0.1873219476617649,-0.030723086900129593,-0.10568095735082217,0.059246408681443874,-1
England,Italy,UEFA Nations League,2022-06-11,0.08229574255126981,0.09048717070171497,0.31866083009079116,0.010072220312723479,0.03505177597215409,0
Hungary,Germany,UEFA Nations League,2022-06-11,-0.1939878515627358,-0.1912905338166837,-0.05796044098573272,-0.19938066252610964,-0.48850599103198206,0
Wales,Belgium,UEFA Nations League,2022-06-11,-0.10740130310740192,-0.10152657834803236,0.08211738002594038,-0.3744116380973521,-0.4685673134214497,0
Netherlands,Poland,UEFA Nations League,2022-06-11,0.19067138487496038,0.2125354431657871,0.04628728923476,0.3168169184513121,0.33360725878742264,0
Republic of Ireland,Scotland,UEFA Nations League,2022-06-11,-0.06157302795172548,-0.01825136391387927,0.06655317769131008,0.06798065561734568,0.12157549315605182,1
Ecuador,Cape Verde,Friendly,2022-06-11,0.1938567501132895,0.28108890569274037,0.0933852140077821,-0.4614702003924587,0.20797809337864498,1
Uruguay,Panama,Friendly,2022-06-11,0.06057264589551559,0.3445180936366232,-0.36186770428015563,0.14294720437757036,0.3793626613940711,1
Spain,Czech Republic,UEFA Nations League,2022-06-12,0.3605704469260891,0.2726422230084107,0.23735408560311255,0.4477581140987903,0.7629327985052781,1
Switzerland,Portugal,UEFA Nations League,2022-06-12,-0.10242889688596812,-0.13425478267219626,-0.19844357976653693,-0.30471414476251013,-0.4079763722061861,1
Norway,Sweden,UEFA Nations League,2022-06-12,0.08881958233650056,0.043591432423386145,0.4007782101167312,0.3104421243636497,-0.12358214604392259,1
Iran,Algeria,Friendly,2022-06-12,0.0077215564525932034,-0.25992067170628763,-0.1284046692607005,0.47922102137184674,0.02511870768783475,-1
Australia,Peru,FIFA World Cup qualification,2022-06-13,0.20465891508434164,0.06834397216554589,0.2019293125810634,0.04298648455556853,-0.2572871708793568,0
Honduras,Canada,CONCACAF Nations League,2022-06-13,-0.13832721920507773,-0.2743561450444063,0.047097924773022104,0.3349093208565356,0.2038338995815443,1
Denmark,Austria,UEFA Nations League,2022-06-13,0.024788338792133935,0.04343845548166758,-0.030723086900129593,0.06620300289685888,0.17034339960280148,1
France,Croatia,UEFA Nations League,2022-06-13,0.12427718754650563,0.2243145174665777,0.0,0.40066905560809185,0.4279639061553909,-1
Costa Rica,New Zealand,FIFA World Cup qualification,2022-06-14,0.04875898015339275,0.08306269983703718,-0.0034857328145263544,0.2894055133678012,0.30421594125189383,1
Uzbekistan,Thailand,AFC Asian Cup qualification,2022-06-14,0.17537583124722578,0.005638465497303624,0.015158884565499298,0.06528796669549886,-0.3068674081226421,1
Jamaica,Mexico,CONCACAF Nations League,2022-06-14,-0.1742224961128367,-0.09818593650813723,-0.13578145265888453,-0.27013118527225743,-0.3568202595027106,0
El Salvador,United States,CONCACAF Nations League,2022-06-14,-0.2643106796272898,-0.4949229177672789,0.06655317769131008,-0.3205525467623649,-0.12947930277641334,0
England,Hungary,UEFA Nations League,2022-06-14,0.22259978709261397,0.2778534685271512,0.31866083009079116,0.010072220312723479,0.03505177597215409,-1
Germany,Italy,UEFA Nations League,2022-06-14,0.05368380702139164,0.003924235991247471,0.05796044098573272,0.19938066252610964,0.48850599103198206,1
Netherlands,Wales,UEFA Nations League,2022-06-14,0.21031229282307362,0.17811675144299155,0.04628728923476,0.3168169184513121,0.33360725878742264,1
Poland,Belgium,UEFA Nations League,2022-06-14,-0.08776039515928868,-0.1359452700708279,0.08211738002594038,-0.3744116380973521,-0.4685673134214497,-1
Armenia,Scotland,UEFA Nations League,2022-06-14,-0.31392438319589777,-0.22424358660912347,0.06655317769131008,0.06798065561734568,0.12157549315605182,-1
Chile,Ghana,Kirin Cup,2022-06-14,0.06191780906984756,-0.12384246435486013,0.12491893644617391,0.22471299186885063,0.19908157568017865,0
Japan,Tunisia,Kirin Cup,2022-06-14,0.18189178600155942,0.17943707664815411,0.21400778210116733,0.24357320696016393,-0.07892439388009509,-1
South Korea,Egypt,Friendly,2022-06-14,0.057741885315852226,-0.009465823805966167,0.2529182879377432,0.3292335811338333,0.06835790113291074,1
Japan,Hong Kong,EAFF Championship,2022-07-19,0.43579356956848936,0.5666566906064587,0.17469195849546038,0.12398556256055704,0.19068323925104352,1
South Korea,Hong Kong,EAFF Championship,2022-07-24,0.3530192012104034,0.4657498686653678,0.10465304798962372,0.039828067766032094,0.0930664447053095,1
Japan,South Korea,EAFF Championship,2022-07-27,0.08277436835808594,0.10090682194109091,0.07003891050583666,0.08415749479452495,0.09761679454573402,1
Mexico,Paraguay,Friendly,2022-08-31,0.1007459167064193,-0.027315504340667207,0.2334630350194552,0.8528136685176287,0.7539742144922978,-1
Scotland,Ukraine,UEFA Nations League,2022-09-21,-0.005387220125688819,-0.028722337096223072,-0.06655317769131008,-0.06798065561734568,-0.12157549315605182,1
Australia,New Zealand,Friendly,2022-09-22,0.1802745159420558,0.10145641936903882,0.19844357976653704,0.3323919979233697,0.04692877037253701,1
Comoros,Tunisia,Friendly,2022-09-22,-0.2372680171364523,-0.16598302995672576,0.03931582360570696,0.1195876443996069,-0.2696076331311386,-1
Croatia,Denmark,UEFA Nations League,2022-09-22,0.058852446908406186,-0.04307028020507575,0.15134565499351482,-0.12679409732272107,0.05288409096633656,1
France,Austria,UEFA Nations League,2022-09-22,0.20791797324704575,0.22468269274316954,0.12062256809338523,0.34007796118222966,0.651191396724529,1
Belgium,Wales,UEFA Nations League,2022-09-22,0.10740130310740192,0.10152657834803236,-0.08211738002594038,0.3744116380973521,0.4685673134214497,1
Poland,Netherlands,UEFA Nations League,2022-09-22,-0.19067138487496038,-0.2125354431657871,-0.04628728923476,-0.3168169184513121,-0.33360725878742264,-1
Japan,United States,Kirin Challenge Cup,2022-09-23,0.11987239429683405,-0.04034543081141795,0.24124513618677046,-0.19656698420180785,0.06120393647463018,1
Argentina,Honduras,Friendly,2022-09-23,0.35730175956830923,0.5119603861887358,0.0034857328145263544,0.4173175167546287,0.5712484851629125,1
Brazil,Ghana,Friendly,2022-09-23,0.2793781156920825,0.19754421436048863,-0.06614785992217898,0.4229958897366364,0.5564482923190637,1
Canada,Qatar,Friendly,2022-09-23,0.15654572510389908,0.2555961164978746,0.3035019455252918,-0.475849711552759,-0.004981622953220299,1
Iran,Uruguay,Friendly,2022-09-23,0.011694906501008795,-0.3327965819386747,0.27626459143968857,0.06522894085868014,-0.12961518705201802,1
Iraq,Oman,Jordan International Tournament,2022-09-23,0.09941654091416541,0.15114706289080848,-0.03542477302204938,0.10568095735082217,-0.3806641869716393,0
South Korea,Costa Rica,Friendly,2022-09-23,0.11806325788134076,0.15246477805312963,0.10465304798962372,0.039828067766032094,0.0930664447053095,0
Morocco,Chile,Friendly,2022-09-23,0.2651094687979527,0.21935829555631603,0.24083981841763946,-0.1826628528783134,0.0765288217990438,1
Paraguay,United Arab Emirates,Friendly,2022-09-23,0.06664295064335835,0.1529808188985049,-0.09768158236057067,-0.5826824832453713,-0.3971539549895872,1
Saudi Arabia,Ecuador,Friendly,2022-09-23,-0.15338216915429448,-0.3397748643166949,-0.08949416342412464,0.28948976809144733,0.13033849397176395,0
Germany,Hungary,UEFA Nations League,2022-09-23,0.1939878515627358,0.1912905338166837,0.05796044098573272,0.19938066252610964,0.48850599103198206,-1
Italy,England,UEFA Nations League,2022-09-23,-0.08229574255126981,-0.09048717070171497,-0.31866083009079116,-0.010072220312723479,-0.03505177597215409,1
Bolivia,Senegal,Friendly,2022-09-24,-0.26547995037492167,-0.4335338376987261,-0.1980382619974057,0.02682998486149657,0.10321945587553266,-1
Colombia,Guatemala,Friendly,2022-09-24,0.24407628394372516,0.539655588462816,-0.18328469520103763,0.20276256748556465,0.21100797451433678,1
Mexico,Peru,Friendly,2022-09-24,0.20074122171840303,0.1747775743253257,0.13578145265888453,0.27013118527225743,0.3568202595027106,1
Czech Republic,Portugal,UEFA Nations League,2022-09-24,-0.21352163478855424,-0.21281326303593318,-0.08949416342412442,-0.23344539556504773,-0.5214348958443029,-1
Spain,Switzerland,UEFA Nations League,2022-09-24,0.24947770902350297,0.19408374264467376,0.34630350194552506,0.5190268632962527,0.6494742748671611,-1
Scotland,Republic of Ireland,UEFA Nations League,2022-09-24,0.06157302795172548,0.01825136391387927,-0.06655317769131008,-0.06798065561734568,-0.12157549315605182,1
Slovenia,Norway,UEFA Nations League,2022-09-24,-0.11081970877184211,-0.17126026593548316,-0.29920557717250285,-0.26999452568725335,0.17741856102563375,1
Serbia,Sweden,UEFA Nations League,2022-09-24,0.02642674669012801,-0.041948303744505644,0.10157263294422836,0.04044759867639636,0.053836414981711156,1
New Zealand,Australia,Friendly,2022-09-25,-0.1802745159420558,-0.10145641936903882,-0.19844357976653704,-0.3323919979233697,-0.04692877037253701,-1
Austria,Croatia,UEFA Nations League,2022-09-25,-0.08364078570054012,-0.00036817527659183114,-0.12062256809338523,0.06059109442586219,-0.22322749056913804,-1
Denmark,France,UEFA Nations League,2022-09-25,-0.18312963445491182,-0.18124423726150196,-0.15134565499351482,-0.2738749582853708,-0.4808479971217275,1
Netherlands,Belgium,UEFA Nations League,2022-09-25,0.1029109897156717,0.07659017309495919,0.12840466926070038,-0.057594719646040016,-0.13496005463402705,1
Jordan,Oman,Jordan International Tournament,2022-09-26,0.09854933031126811,0.05727038094636416,0.030723086900129593,0.10568095735082217,-0.059246408681443874,1
England,Germany,UEFA Nations League,2022-09-26,0.028611935529878174,0.0865629347104675,0.26070038910505844,-0.18930844221338616,-0.45345421505982797,0
Algeria,Nigeria,Friendly,2022-09-27,0.042745372252022795,0.004010526049396557,0.14356355382619967,-0.32365449537638236,-0.00045350421092843485,1
Argentina,Jamaica,Friendly,2022-09-27,0.3503603446524992,0.35904783029548204,0.0034857328145263544,0.4173175167546287,0.5712484851629125,1
Brazil,Tunisia,Friendly,2022-09-27,0.1552895199999158,0.34666681483724915,-0.15175097276264593,0.31787054226739264,0.08775908350774642,1
Canada,Uruguay,Friendly,2022-09-27,-0.029055311168296516,-0.16268054564378387,0.21400778210116728,-0.4252469059933198,-0.35811429011046864,-1
Costa Rica,Uzbekistan,Friendly,2022-09-27,-0.09591391361153256,0.20812350412243585,-0.015158884565499298,-0.06528796669549886,0.3068674081226421,1
Ecuador,Japan,Kirin Challenge Cup,2022-09-27,-0.06969848942723988,0.04307633768696295,-0.2490272373540855,-0.5854557629530158,-0.411456660709486,0
Ghana,Nicaragua,Friendly,2022-09-27,0.07125146544894134,0.5664375968825204,-0.12491893644617391,-0.22471299186885063,-0.19908157568017865,1
Iran,Senegal,Friendly,2022-09-27,-0.025460734932085227,-0.3538848943384738,-0.18287937743190652,0.18239651085696096,0.12788465935243898,0
Mexico,Colombia,Friendly,2022-09-27,-0.039447218598429146,-0.1453726108177542,0.31906614785992216,0.06736861778669279,0.14581228498837384,-1
Paraguay,Morocco,Friendly,2022-09-27,-0.19503259669719575,-0.16643012899183418,-0.33852140077821014,-0.4000196303670579,-0.473682776788631,0
Qatar,Chile,Friendly,2022-09-27,-0.02855962812029178,-0.2067258016310447,-0.3505998702983139,0.14094039069622344,-0.198852276628324,0
Saudi Arabia,United States,Friendly,2022-09-27,-0.10320826428470031,-0.3370439574411499,-0.09727626459143968,-0.49253297906337634,-0.21991423026309187,0
Portugal,Spain,UEFA Nations League,2022-09-27,-0.14704881213753485,-0.0598289599724775,-0.14785992217898813,-0.21431271853374256,-0.24149790266097504,-1
Switzerland,Czech Republic,UEFA Nations League,2022-09-27,0.11109273790258611,0.07855848036373692,-0.10894941634241251,-0.0712687491974624,0.11345852363811687,1
Ukraine,Scotland,UEFA Nations League,2022-09-27,0.005387220125688819,0.028722337096223072,0.06655317769131008,0.06798065561734568,0.12157549315605182,0
Norway,Serbia,UEFA Nations League,2022-09-27,0.062392835646372546,0.08553973616789179,0.29920557717250285,0.26999452568725335,-0.17741856102563375,-1
Sweden,Slovenia,UEFA Nations League,2022-09-27,0.02200012643534155,0.127668833512097,-0.10157263294422836,-0.04044759867639636,-0.053836414981711156,0
Saudi Arabia,North Macedonia,Friendly,2022-10-22,0.12303479266376915,-0.03994306850313478,-0.16382944228274976,-0.17198043230101145,-0.09043492748667853,1
Qatar,Guatemala,Friendly,2022-10-23,0.005246648417827959,0.16194451379020247,-0.3505998702983139,0.14094039069622344,-0.198852276628324,1
Saudi Arabia,Albania,Friendly,2022-10-26,0.09304875720186079,-0.14608199918071518,-0.16382944228274976,-0.17198043230101145,-0.09043492748667853,0
Qatar,Honduras,Friendly,2022-10-27,-0.018218505898821347,0.018760028546531693,-0.3505998702983139,0.14094039069622344,-0.198852276628324,1
Saudi Arabia,Honduras,Friendly,2022-10-30,0.03132303626381461,0.08294424407409817,-0.16382944228274976,-0.17198043230101145,-0.09043492748667853,0
Saudi Arabia,Iceland,Friendly,2022-11-06,0.1594708901960138,-0.1341527667662401,-0.16382944228274976,-0.17198043230101145,-0.09043492748667853,1
Qatar,Panama,Friendly,2022-11-07,-0.12502839037668,-0.07375856850503526,-0.45136186770428016,0.19355000993700955,0.026229994236822762,1
Albania,Qatar,Friendly,2022-11-09,-0.043507215039224834,0.21026621470828166,0.3505998702983139,-0.14094039069622344,0.198852276628324,-1
Mexico,Iraq,Friendly,2022-11-09,0.09368797492215775,0.2262935087552833,0.1712062256809339,0.16445022792143527,0.73748444647435,1
Iran,Nicaragua,Friendly,2022-11-10,0.3019055891717015,0.32134941109959936,0.015158884565499187,0.1555665259954644,0.024665203476906317,1
Saudi Arabia,Panama,Friendly,2022-11-10,-0.07548684821404406,-0.00957435297746878,-0.264591439688716,-0.11937081306022534,0.13464734337846823,0
South Korea,Iceland,Friendly,2022-11-11,0.2997771804194622,0.06163893792240094,0.10465304798962372,0.039828067766032094,0.0930664447053095,1
Iraq,Ecuador,Friendly,2022-11-12,-0.09722926931162013,-0.39791412474468535,0.03891050583657574,0.567151157743281,-0.1598907655131968,0
Venezuela,Panama,Friendly,2022-11-15,-0.05351798525800833,0.11167041138457634,-0.10076199740596625,0.05260961924078611,0.22508227086514676,0
Andorra,Austria,Friendly,2022-11-16,-0.5915814829306516,-0.5740926720236152,-0.030723086900129593,0.06620300289685888,0.17034339960280148,-1
Czech Republic,Faroe Islands,Friendly,2022-11-16,0.2969069534447879,0.43824670112179875,-0.058771076523994825,-0.13685303135083382,-0.2552704005231975,1
Iran,Tunisia,Friendly,2022-11-16,0.10656552803059349,-0.0959655853061605,0.05447470817120614,0.2751541703950713,-0.2449424296542323,-1
Mexico,Sweden,Friendly,2022-11-16,0.1410795611011626,-0.17583927203270378,0.23735408560311289,0.3105787839486538,0.4106566744844218,-1
Oman,Germany,Friendly,2022-11-16,-0.2362276767882634,-0.6619419927016286,-0.05796044098573272,-0.19938066252610964,-0.48850599103198206,-1
Peru,Paraguay,Friendly,2022-11-16,-0.09999530501198373,-0.2020930786659929,0.09768158236057067,0.5826824832453713,0.3971539549895872,1
Saudi Arabia,Croatia,Friendly,2022-11-16,-0.1556697018402513,-0.2914452799557967,-0.3151750972762646,-0.04518633497829039,-0.1433190184530151,-1
United Arab Emirates,Argentina,Friendly,2022-11-16,-0.34352671588944017,-0.3865272083451825,-0.0034857328145263544,-0.4173175167546287,-0.5712484851629125,-1
Uzbekistan,Kazakhstan,Friendly,2022-11-16,0.3479546538566809,-0.09490532275553454,0.015158884565499298,0.06528796669549886,-0.3068674081226421,1
Japan,Canada,Friendly,2022-11-17,0.11607647564027124,0.10528662565942382,0.22178988326848248,0.4588948834170926,0.3945171388325878,-1
Jordan,Spain,Friendly,2022-11-17,-0.30139038847005994,-0.6627528608811244,-0.14785992217898813,-0.2052241253971343,-0.5669088066635244,-1
Morocco,Georgia,Friendly,2022-11-17,0.3283505315971109,0.1065989361567028,0.24083981841763946,-0.1826628528783134,0.0765288217990438,1
Portugal,Nigeria,Friendly,2022-11-17,0.11233979366634972,0.17370194820390372,0.030723086900129593,0.09659236421421391,0.2661644953211055,1
Republic of Ireland,Norway,Friendly,2022-11-17,-0.1472174986603263,-0.13994705895162296,-0.29920557717250285,-0.26999452568725335,0.17741856102563375,-1
Switzerland,Ghana,Friendly,2022-11-17,0.19009809179852577,0.05026912540567752,-0.04280155642023342,0.01659121132055441,0.05726969879509802,-1
Egypt,Belgium,Friendly,2022-11-18,-0.006929941569168152,-0.16225359825298025,-0.06614785992217909,-0.6638171514651533,-0.4438587698490509,1
Colombia,Paraguay,Friendly,2022-11-19,0.14019313530484845,0.118057106477087,-0.08560311284046696,0.785445050730936,0.608161929503924,1
Sweden,Algeria,Friendly,2022-11-19,-0.13127153049430573,0.06277698397829168,-0.24513618677042803,0.283206896699986,-0.05338291077078272,1
Austria,Italy,Friendly,2022-11-20,-0.06725131255566952,-0.15765432871237728,0.030723086900129593,-0.06620300289685888,-0.17034339960280148,1
Norway,Finland,Friendly,2022-11-20,0.27012265365835453,0.3108069631386181,0.29920557717250285,0.26999452568725335,-0.17741856102563375,0
Uzbekistan,Russia,Friendly,2022-11-20,0.04477825602922181,-0.4641208280583493,0.015158884565499298,0.06528796669549886,-0.3068674081226421,0
Qatar,Ecuador,FIFA World Cup,2022-11-20,-0.20292371131693043,-0.4039590798442614,-0.2762645914396888,0.6024105910886822,0.021921144830118477,-1
Senegal,Netherlands,FIFA World Cup,2022-11-21,-0.019190200649782385,-0.06892054082865551,0.1517509727626457,-0.34364690331280867,-0.4368267146629553,-1
England,Iran,FIFA World Cup,2022-11-21,0.07382157063608208,0.5179227394178798,0.30350194552529197,-0.1454943056827409,0.01038657249524777,1
United States,Wales,FIFA World Cup,2022-11-21,0.12111522091533788,0.0710594090415948,-0.06655317769131008,0.3205525467623649,0.12947930277641334,0
Argentina,Saudi Arabia,FIFA World Cup,2022-11-22,0.3259787233044946,0.4290161421146377,0.16731517509727611,0.5892979490556401,0.6616834126495911,-1
Mexico,Poland,FIFA World Cup,2022-11-22,0.14810692344735643,-0.06341160834946669,0.13578145265888453,0.27013118527225743,0.3568202595027106,0
Denmark,Tunisia,FIFA World Cup,2022-11-22,0.055628382351870176,0.21725411017929463,0.03931582360570696,0.1195876443996069,-0.2696076331311386,0
France,Australia,FIFA World Cup,2022-11-22,0.12618832125598622,0.4540391512548614,-0.05058365758754857,0.23088847372980226,0.7381351680010844,1
Germany,Japan,FIFA World Cup,2022-11-23,-0.03011662286476202,0.1559571427530977,-0.11673151750972766,0.0753950999655526,0.29782275178093853,-1
Spain,Costa Rica,FIFA World Cup,2022-11-23,0.33443304536772933,0.4674099918731782,0.17858300907911773,0.3109050827479565,0.5076623979820805,1
Morocco,Croatia,FIFA World Cup,2022-11-23,0.08845785291535724,0.07045460170399753,0.08949416342412464,-0.05586875555559234,0.02364473083270724,0
Belgium,Canada,FIFA World Cup,2022-11-23,-0.017509836464498774,0.17609922577727932,-0.035019455252918275,0.7093209589538877,0.6724012130029939,1
Brazil,Serbia,FIFA World Cup,2022-11-24,0.16129033222609324,0.161883048203336,-0.1910667963683529,0.19828289786778575,0.35736671663888503,1
Uruguay,South Korea,FIFA World Cup,2022-11-24,-0.004246796113888784,0.15830074192545096,-0.3657587548638131,0.050509517370752155,0.061213945823614835,0
Portugal,Ghana,FIFA World Cup,2022-11-24,0.2925269886844939,0.18452390807787378,0.1556420233463035,0.32130535608306454,0.4652460710012841,1
Qatar,Senegal,FIFA World Cup,2022-11-25,-0.22275667770528962,-0.4393649745414576,-0.5486381322957197,0.16777037555772,-0.09563282075279134,-1
Netherlands,Ecuador,FIFA World Cup,2022-11-25,0.03902316703814157,0.10432643552585175,0.12062256809338512,0.7782871188437709,0.5543806802458651,0
Wales,Iran,FIFA World Cup,2022-11-25,-0.165661357241206,0.24468868372413777,-0.015158884565499187,-0.1555665259954644,-0.024665203476906317,-1
England,United States,FIFA World Cup,2022-11-25,0.1183677069619502,0.20217464665214724,0.38521400778210124,-0.3104803264496414,-0.09442752680425925,0
Poland,Saudi Arabia,FIFA World Cup,2022-11-26,0.0017339513174756682,0.23156585667675955,0.16382944228274976,0.17198043230101145,0.09043492748667853,1
Argentina,Mexico,FIFA World Cup,2022-11-26,0.17613784853966252,0.2608618937873448,-0.13229571984435817,0.14718633148237126,0.21442822566020192,1
Tunisia,Australia,FIFA World Cup,2022-11-26,-0.11256969555079577,0.05554080381406479,-0.24124513618677035,-0.16257412895517542,0.5268948040104955,-1
France,Denmark,FIFA World Cup,2022-11-26,0.18312963445491182,0.18124423726150196,0.15134565499351482,0.2738749582853708,0.4808479971217275,1
Japan,Costa Rica,FIFA World Cup,2022-11-27,0.2008376262394267,0.25337159999422054,0.17469195849546038,0.12398556256055704,0.19068323925104352,-1
Spain,Germany,FIFA World Cup,2022-11-27,0.16371204199306466,0.05808124912585999,0.12062256809338501,0.11152442022184683,0.01915640695009846,0
Belgium,Morocco,FIFA World Cup,2022-11-27,-0.1546332082788442,0.005611245087793204,-0.32295719844357984,0.5570744909756655,0.3920384916224059,-1
Croatia,Canada,FIFA World Cup,2022-11-27,0.04866551889898818,0.10003337898548859,0.19844357976653693,0.2081152235338145,0.25671799054788086,1
Brazil,Switzerland,FIFA World Cup,2022-11-28,0.08928002389355671,0.14727508895481112,-0.023346303501945553,0.40640467841608197,0.49917859352396565,1
South Korea,Ghana,FIFA World Cup,2022-11-28,0.22320601333564016,-0.0705923457696973,0.22957198443579763,0.2645410596348827,0.29214802038548815,-1
Portugal,Uruguay,FIFA World Cup,2022-11-28,0.07356777146274251,0.09681551192212012,0.291828793774319,0.006254779077429662,0.11188410479218114,1
Ecuador,Senegal,FIFA World Cup,2022-11-29,-0.019832966388359186,-0.03540589469719624,-0.2723735408560308,-0.4346402155309622,-0.11755396558290981,-1
Qatar,Netherlands,FIFA World Cup,2022-11-29,-0.241946878355072,-0.5082855153701131,-0.3968871595330739,-0.17587652775508866,-0.5324595354157466,-1
Wales,England,FIFA World Cup,2022-11-29,-0.2394829278772881,-0.27323405569374204,-0.31866083009079116,-0.010072220312723479,-0.03505177597215409,-1
Iran,United States,FIFA World Cup,2022-11-29,0.044546136325868124,-0.31574809276573257,0.08171206225680927,-0.1649860207669005,-0.10481409929950702,-1
Poland,Argentina,FIFA World Cup,2022-11-30,-0.32424477198701895,-0.19745028543787813,-0.0034857328145263544,-0.4173175167546287,-0.5712484851629125,-1
Saudi Arabia,Mexico,FIFA World Cup,2022-11-30,-0.1498408747648321,-0.16815424832729287,-0.2996108949416343,-0.4421116175732689,-0.44725518698938915,-1
Australia,Denmark,FIFA World Cup,2022-11-30,0.05694131319892559,-0.2727949139933594,0.2019293125810634,0.04298648455556853,-0.2572871708793568,1
Tunisia,France,FIFA World Cup,2022-11-30,-0.238758016806782,-0.3984983474407966,-0.19066147859922178,-0.3934626026849777,-0.21124036399058888,1
Japan,Spain,FIFA World Cup,2022-12-01,-0.13359541912830264,-0.21403839187895768,-0.0038910505836573517,-0.18691952018739943,-0.316979158731037,1
Costa Rica,Germany,FIFA World Cup,2022-12-01,-0.17072100337466467,-0.40932874274731823,-0.05796044098573272,-0.19938066252610964,-0.48850599103198206,-1
Croatia,Belgium,FIFA World Cup,2022-12-01,0.06617535536348695,-0.07606584679179074,0.2334630350194552,-0.5012057354200732,-0.41568322245511313,0
Canada,Morocco,FIFA World Cup,2022-12-01,-0.13712337181434542,-0.17048798068948612,-0.28793774319066157,-0.15224646797822217,-0.2803627213805881,-1
Serbia,Switzerland,FIFA World Cup,2022-12-02,-0.07201030833253652,-0.014607959248524871,0.16772049286640733,0.20812178054829622,0.14181187688508062,-1
Ghana,Uruguay,FIFA World Cup,2022-12-02,-0.21895921722175138,-0.08770839615575365,0.13618677042801547,-0.3150505770056349,-0.353361966209103,-1
South Korea,Portugal,FIFA World Cup,2022-12-02,-0.06932097534885373,-0.2551162538475711,0.07392996108949412,-0.05676429644818182,-0.17309805061579597,1
Netherlands,United States,FIFA World Cup,2022-12-03,0.08919707190773574,0.10705734240139675,0.11284046692607008,-0.0037356283110527855,0.2041279560110093,1
Argentina,Australia,FIFA World Cup,2022-12-03,0.1722201551737239,0.36729549594712463,-0.19844357976653704,0.37433103219906017,0.8285356560422694,1
France,Poland,FIFA World Cup,2022-12-04,0.27821293806928127,0.2841939407456149,0.15134565499351482,0.2738749582853708,0.4808479971217275,1
England,Senegal,FIFA World Cup,2022-12-04,0.04836083570399685,0.164037845079406,0.12062256809338545,0.03690220517422005,0.13827123184768675,1
Japan,Croatia,FIFA World Cup,2022-12-05,0.06741095674128306,0.00525324667393523,0.023346303501945553,0.2507796598832781,0.13779914828470696,0
Brazil,South Korea,FIFA World Cup,2022-12-05,0.05617210235644232,0.26813656013018594,-0.2957198443579766,0.15845483010175365,0.2643002719335755,1
Morocco,Spain,FIFA World Cup,2022-12-06,-0.11254852295422846,-0.14883703684889538,0.062256809338521735,-0.4935679356262699,-0.4311335761830367,0
Portugal,Switzerland,FIFA World Cup,2022-12-06,0.10242889688596812,0.13425478267219626,0.19844357976653693,0.30471414476251013,0.4079763722061861,1
Croatia,Brazil,FIFA World Cup,2022-12-09,-0.04080869073963944,-0.17248298486303026,0.3424124513618677,-0.3250769951905068,-0.30448262567254847,0
Netherlands,Argentina,FIFA World Cup,2022-12-09,-0.13357338711205857,0.015085157727908971,0.042801556420233644,-0.10050059830331659,-0.2376412263754899,0
Morocco,Portugal,FIFA World Cup,2022-12-10,0.03450028918330639,-0.08900807687641787,0.21011673151750987,-0.2792552170925273,-0.18963567352206168,1
England,France,FIFA World Cup,2022-12-10,-0.05837091814010642,0.023458806670922705,0.16731517509727634,-0.2638027379726473,-0.4457962211495734,-1
Argentina,Croatia,FIFA World Cup,2022-12-13,0.17030902146424332,0.13757086215884096,-0.14785992217898847,0.5441116140773498,0.518364394196576,1
France,Morocco,FIFA World Cup,2022-12-14,0.03581933463114839,0.15385991576258018,-0.08949416342412464,0.4565378111636842,0.4043191753226837,1
Croatia,Morocco,FIFA World Cup,2022-12-17,-0.08845785291535724,-0.07045460170399753,-0.08949416342412464,0.05586875555559234,-0.02364473083270724,1
Argentina,France,FIFA World Cup,2022-12-18,0.046031833917737686,-0.08674365530773676,-0.14785992217898847,0.1434425584692579,0.09040048804118506,0
Iraq,Oman,Gulf Cup,2023-01-06,0.09941654091416541,0.15114706289080848,-0.03542477302204938,0.10568095735082217,-0.3806641869716393,0
Sweden,Finland,Friendly,2023-01-09,0.18130307132185397,0.26721553071523196,-0.10157263294422836,-0.04044759867639636,-0.053836414981711156,1
Iraq,Saudi Arabia,Gulf Cup,2023-01-09,0.05615289984267435,-0.05813926042799045,0.12840466926070038,0.2776613896518336,-0.29022925948496076,1
Sweden,Iceland,Friendly,2023-01-12,0.1682322038596833,0.20984075359375653,-0.10157263294422836,-0.04044759867639636,-0.053836414981711156,1
Saudi Arabia,Oman,Gulf Cup,2023-01-12,0.043263641071491055,0.20928632331879893,-0.16382944228274976,-0.17198043230101145,-0.09043492748667853,-1
Qatar,United Arab Emirates,Gulf Cup,2023-01-13,-0.031993549577690406,-0.10667314929702165,-0.3505998702983139,0.14094039069622344,-0.198852276628324,0
Iraq,Qatar,Gulf Cup,2023-01-16,0.10569444200531031,0.006044955099576033,0.3151750972762645,-0.03525943334540127,-0.18181191034331529,1
Iraq,Oman,Gulf Cup,2023-01-19,0.09941654091416541,0.15114706289080848,-0.03542477302204938,0.10568095735082217,-0.3806641869716393,1
United States,Serbia,Friendly,2023-01-25,0.0680202039309028,0.0349987408256589,-0.06655317769131008,0.3205525467623649,0.12947930277641334,-1
United States,Colombia,Friendly,2023-01-28,-0.08607982907856093,0.023517098296102823,0.11673151750972754,0.11778997927680024,-0.08152867173792344,0
Guatemala,Panama,Friendly,2023-03-12,-0.13027503879450797,-0.23570308229523773,-0.10076199740596625,0.05260961924078611,0.22508227086514676,0
Argentina,Panama,Friendly,2023-03-23,0.25049187509045057,0.4194417891371689,-0.0972762645914399,0.4699271359954148,0.7963307560280593,1
Iran,Russia,Friendly,2023-03-23,0.07437571068615001,-0.27802838589600753,0.015158884565499187,0.1555665259954644,0.024665203476906317,0
Italy,England,UEFA Euro qualification,2023-03-23,-0.08229574255126981,-0.09048717070171497,-0.31866083009079116,-0.010072220312723479,-0.03505177597215409,-1
Australia,Ecuador,Friendly,2023-03-24,0.0003763989764762332,-0.27805421814918185,0.2762645914396885,0.5044566849480273,-0.03651374942091434,1
Japan,Uruguay,Friendly,2023-03-24,0.08702116447197472,-0.05739391998436005,0.43579766536964976,0.03364797742377279,0.036402848722119185,0
South Korea,Colombia,Friendly,2023-03-24,-0.04898180313981282,-0.11773515445640603,0.28793774319066134,-0.16293449971953256,-0.11794152980902728,0
Saudi Arabia,Venezuela,Friendly,2023-03-24,-0.02196886295603573,-0.12124476436204512,-0.16382944228274976,-0.17198043230101145,-0.09043492748667853,-1
Uzbekistan,Bolivia,Friendly,2023-03-24,0.21042176078590824,-0.10644349880208948,0.015158884565499298,0.06528796669549886,-0.3068674081226421,1
Ivory Coast,Comoros,African Cup of Nations qualification,2023-03-24,0.27349130628589813,0.3525505863900764,0.026832036316471908,-0.1195876443996069,-0.04405289186114064,1
Tunisia,Libya,African Cup of Nations qualification,2023-03-24,0.1761050437981082,0.22980723856377772,-0.03931582360570696,-0.1195876443996069,0.2696076331311386,1
France,Netherlands,UEFA Euro qualification,2023-03-24,0.08754155319432089,0.07165849757982778,0.10505836575875482,-0.04294196016594132,0.14724073833430484,1
Czech Republic,Poland,UEFA Euro qualification,2023-03-24,-0.005628320533727749,0.006528838823519401,-0.058771076523994825,-0.13685303135083382,-0.2552704005231975,1
Austria,Azerbaijan,UEFA Euro qualification,2023-03-24,0.36536995391052574,0.3374951656513798,0.030723086900129593,-0.06620300289685888,-0.17034339960280148,1
Sweden,Belgium,UEFA Euro qualification,2023-03-24,-0.08073303281309485,-0.023517606387590817,-0.01945525291828798,-0.4148592367737485,-0.5224037284031608,-1
Germany,Peru,Friendly,2023-03-25,0.24386438267034327,0.4592789953808625,0.05796044098573272,0.19938066252610964,0.48850599103198206,1
Morocco,Brazil,Friendly,2023-03-25,0.047649162175717796,-0.10202838315903273,0.43190661478599235,-0.38094575074609915,-0.28083789483984123,1
Scotland,Cyprus,UEFA Euro qualification,2023-03-25,0.34566806277462736,0.3186542215001995,-0.06655317769131008,-0.06798065561734568,-0.12157549315605182,1
Spain,Norway,UEFA Euro qualification,2023-03-25,0.25909518170966694,0.12315196572530684,-0.12062256809338512,0.04091055706070312,0.6850809590077143,1
Croatia,Wales,UEFA Euro qualification,2023-03-25,0.17357665847088888,0.025460731556241623,0.15134565499351482,-0.12679409732272107,0.05288409096633656,0
Belarus,Switzerland,UEFA Euro qualification,2023-03-25,-0.31808992070689324,-0.4043948323186233,0.16772049286640733,0.20812178054829622,0.14181187688508062,-1
Russia,Iraq,Friendly,2023-03-26,0.017225790081744075,0.3574635109994153,0.03542477302204938,-0.10568095735082217,0.3806641869716393,1
England,Ukraine,UEFA Euro qualification,2023-03-26,0.20425232582939246,0.24460700925143497,0.31866083009079116,0.010072220312723479,0.03505177597215409,1
Luxembourg,Portugal,UEFA Euro qualification,2023-03-26,-0.5020251705488161,-0.4325987471362942,-0.030723086900129593,-0.09659236421421391,-0.2661644953211055,-1
Mexico,Jamaica,CONCACAF Nations League,2023-03-26,0.1742224961128367,0.09818593650813723,0.13578145265888453,0.27013118527225743,0.3568202595027106,0
Chile,Paraguay,Friendly,2023-03-27,-0.07007687210075697,-0.05292816656448185,0.09768158236057067,0.5826824832453713,0.3971539549895872,1
Republic of Ireland,France,UEFA Euro qualification,2023-03-27,-0.3295834920469132,-0.2681219035906146,-0.15134565499351482,-0.2738749582853708,-0.4808479971217275,-1
Netherlands,Gibraltar,UEFA Euro qualification,2023-03-27,0.7245258012455535,0.8714219138784922,0.04628728923476,0.3168169184513121,0.33360725878742264,1
Moldova,Czech Republic,UEFA Euro qualification,2023-03-27,-0.3581514363036251,-0.33220138579256586,0.058771076523994825,0.13685303135083382,0.2552704005231975,0
Austria,Estonia,UEFA Euro qualification,2023-03-27,0.3799050378672737,0.373764543350521,0.030723086900129593,-0.06620300289685888,-0.17034339960280148,1
Sweden,Azerbaijan,UEFA Euro qualification,2023-03-27,0.30210235143448405,0.3904115813321716,-0.10157263294422836,-0.04044759867639636,-0.053836414981711156,1
United States,El Salvador,CONCACAF Nations League,2023-03-27,0.2643106796272898,0.4949229177672789,-0.06655317769131008,0.3205525467623649,0.12947930277641334,1
Australia,Ecuador,Friendly,2023-03-28,0.0003763989764762332,-0.27805421814918185,0.2762645914396885,0.5044566849480273,-0.03651374942091434,-1
Germany,Belgium,Friendly,2023-03-28,0.10346968924000799,0.08514454263524218,0.1400778210116731,-0.17503097557124248,0.019938677610532363,-1
Japan,Colombia,Friendly,2023-03-28,0.03379256521827312,-0.016828332515315125,0.357976653696498,-0.07877700492500761,-0.02032473526329326,-1
Jordan,Philippines,Friendly,2023-03-28,0.2741665471583168,0.05552318793045341,0.030723086900129593,0.10568095735082217,-0.059246408681443874,1
South Korea,Uruguay,Friendly,2023-03-28,0.004246796113888784,-0.15830074192545096,0.3657587548638131,-0.050509517370752155,-0.061213945823614835,-1
Morocco,Peru,Friendly,2023-03-28,0.2950279017091795,0.3685232076578271,0.24083981841763946,-0.1826628528783134,0.0765288217990438,0
Saudi Arabia,Bolivia,Friendly,2023-03-28,0.092264814832268,0.05835307868483497,-0.16382944228274976,-0.17198043230101145,-0.09043492748667853,-1
Uzbekistan,Venezuela,Friendly,2023-03-28,0.09618808299760451,-0.28604134184896957,0.015158884565499298,0.06528796669549886,-0.3068674081226421,0
Comoros,Ivory Coast,African Cup of Nations qualification,2023-03-28,-0.27349130628589813,-0.3525505863900764,-0.026832036316471908,0.1195876443996069,0.04405289186114064,-1
Libya,Tunisia,African Cup of Nations qualification,2023-03-28,-0.1761050437981082,-0.22980723856377772,0.03931582360570696,0.1195876443996069,-0.2696076331311386,-1
Scotland,Spain,UEFA Euro qualification,2023-03-28,-0.34473965241826776,-0.24484766076305053,-0.2451361867704278,-0.37888573836530215,-0.6292378911381323,1
Georgia,Norway,UEFA Euro qualification,2023-03-28,-0.18180387284167243,-0.13228400728029133,-0.29920557717250285,-0.26999452568725335,0.17741856102563375,0
Switzerland,Israel,UEFA Euro qualification,2023-03-28,0.21842356394664852,0.17127181453670914,-0.16772049286640733,-0.20812178054829622,-0.14181187688508062,1
Costa Rica,Panama,CONCACAF Nations League,2023-03-28,-0.053243815871936384,0.03375257365804263,-0.10076199740596625,0.05260961924078611,0.22508227086514676,-1
Canada,Honduras,CONCACAF Nations League,2023-03-28,0.13832721920507773,0.2743561450444063,-0.047097924773022104,-0.3349093208565356,-0.2038338995815443,1
United States,Mexico,Friendly,2023-04-19,-0.046632610480131786,0.16888970911385703,-0.2023346303501946,0.05042136149010745,-0.22734095672629728,0
Mexico,Guatemala,Friendly,2023-06-07,0.204629065345296,0.3942829776450618,0.13578145265888453,0.27013118527225743,0.3568202595027106,1
Panama,Nicaragua,Friendly,2023-06-10,0.22963803677517713,0.3096278994016508,0.10076199740596625,-0.05260961924078611,-0.22508227086514676,1
Uzbekistan,Oman,CAFA Nations Cup,2023-06-11,0.1614205870251313,0.04448974583187448,0.015158884565499298,0.06528796669549886,-0.3068674081226421,1
Germany,Ukraine,Friendly,2023-06-12,0.17564039029951428,0.15804407454096747,0.05796044098573272,0.19938066252610964,0.48850599103198206,0
Morocco,Cape Verde,Friendly,2023-06-12,0.2846021357146036,0.3032139230358397,0.4085603112840467,-0.1826628528783133,0.5052803366361313,0
DR Congo,Uganda,Friendly,2023-06-14,0.17012775818573678,0.26002397482161976,0.02683203631647213,-1.1102230246251565e-16,-0.29682823773658956,1
Uruguay,Nicaragua,Friendly,2023-06-14,0.2902106826706927,0.654145993038274,-0.2611057068741894,0.09033758513678425,0.15428039052892434,1
Netherlands,Croatia,UEFA Nations League,2023-06-14,0.03673563435218474,0.15265601988674993,-0.10505836575875482,0.44361101577403317,0.2807231678210861,-1
Panama,Canada,CONCACAF Nations League,2023-06-15,-0.03151733472721907,-0.18183754799283935,0.14785992217898836,0.28229970161574947,-0.021248371283602463,-1
United States,Mexico,CONCACAF Nations League,2023-06-15,-0.046632610480131786,0.16888970911385703,-0.2023346303501946,0.05042136149010745,-0.22734095672629728,1
Argentina,Australia,Friendly,2023-06-15,0.1722201551737239,0.36729549594712463,-0.19844357976653704,0.37433103219906017,0.8285356560422694,1
Jamaica,Qatar,Friendly,2023-06-15,0.025159920814631365,0.13415252734672212,0.3505998702983139,-0.14094039069622344,0.198852276628324,-1
Japan,El Salvador,Friendly,2023-06-15,0.3841830739241239,0.454577486955861,0.17469195849546038,0.12398556256055704,0.19068323925104352,1
Spain,Italy,UEFA Nations League,2023-06-15,0.2173958490144563,0.06200548511710746,0.17858300907911773,0.3109050827479565,0.5076623979820805,1
Colombia,Iraq,Friendly,2023-06-16,0.1331351935205869,0.3716661195730375,-0.14785992217898825,0.09708161013474248,0.5916721614859761,1
South Korea,Peru,Friendly,2023-06-16,0.19120663717701936,0.20241503068667388,0.10465304798962372,0.039828067766032094,0.0930664447053095,-1
Poland,Germany,Friendly,2023-06-16,-0.19123008439929667,-0.2210898127060701,-0.05796044098573272,-0.19938066252610964,-0.48850599103198206,1
Serbia,Jordan,Friendly,2023-06-16,-0.020097628885979546,0.45406115898792576,-0.030723086900129593,-0.10568095735082217,0.059246408681443874,1
Sweden,New Zealand,Friendly,2023-06-16,0.03527726147495458,0.3837292935615224,-0.10505836575875471,0.24895791469140482,0.2503795262701827,1
Gibraltar,France,UEFA Euro qualification,2023-06-16,-0.8120673544398744,-0.94308041145832,-0.15134565499351482,-0.2738749582853708,-0.4808479971217275,-1
Malta,England,UEFA Euro qualification,2023-06-16,-0.5692084208369077,-0.6319356945982948,-0.31866083009079116,-0.010072220312723479,-0.03505177597215409,-1
Andorra,Switzerland,UEFA Euro qualification,2023-06-16,-0.6267509354772745,-0.5996687432084262,0.16772049286640733,0.20812178054829622,0.14181187688508062,-1
Kyrgyzstan,Iran,CAFA Nations Cup,2023-06-16,-0.3170062579746622,-0.2366529136279305,-0.015158884565499187,-0.1555665259954644,-0.024665203476906317,-1
Ecuador,Bolivia,Friendly,2023-06-17,0.24564698398656248,0.39812794300152987,-0.07433527885862512,-0.4614702003924588,-0.22077342145844248,1
Norway,Scotland,UEFA Euro qualification,2023-06-17,0.08564447070860082,0.12169569503774369,0.36575875486381293,0.337975181304599,-0.05584306786958193,-1
Faroe Islands,Czech Republic,UEFA Euro qualification,2023-06-17,-0.2969069534447879,-0.43824670112179875,0.058771076523994825,0.13685303135083382,0.2552704005231975,-1
Belgium,Austria,UEFA Euro qualification,2023-06-17,0.017465430337053167,0.07643402206838257,-0.11284046692606997,0.440614640994211,0.6389107130242512,0
Uzbekistan,Tajikistan,CAFA Nations Cup,2023-06-17,0.28524977178011857,0.011868740268800249,0.015158884565499298,0.06528796669549886,-0.3068674081226421,1
South Africa,Morocco,African Cup of Nations qualification,2023-06-17,-0.2572930474140591,-0.2992502357436475,-0.27237354085603127,0.08733490404097055,-0.18285984738117222,1
Panama,Mexico,CONCACAF Nations League,2023-06-18,-0.07435402655078804,-0.15857989534982408,-0.035019455252918275,-0.32274080451304354,-0.5819025303678573,-1
United States,Canada,CONCACAF Nations League,2023-06-18,-0.0037959186565628134,0.14563205647084176,-0.01945525291828798,0.6554618676189005,0.33331320235795764,1
Paraguay,Nicaragua,Friendly,2023-06-18,0.20324614661954588,0.4955232990921421,-0.09768158236057067,-0.5826824832453713,-0.3971539549895872,1
Netherlands,Italy,UEFA Nations League,2023-06-18,0.053125107497055346,-0.00463013354903552,0.04628728923476,0.3168169184513121,0.33360725878742264,-1
Croatia,Spain,UEFA Nations League,2023-06-18,-0.2010063758695857,-0.2192916385528929,-0.027237354085602905,-0.43769918007067754,-0.45477830701574395,0
Uganda,Algeria,African Cup of Nations qualification,2023-06-18,-0.28141638853872575,-0.4439777715249522,-0.14356355382619967,0.32365449537638236,0.00045350421092843485,-1
Indonesia,Argentina,Friendly,2023-06-19,-0.472428558061174,-0.39371013682530753,-0.0034857328145263544,-0.4173175167546287,-0.5712484851629125,-1
Jamaica,Jordan,Friendly,2023-06-19,-0.07966731058778165,0.2219842541915904,-0.030723086900129593,-0.10568095735082217,0.059246408681443874,-1
France,Greece,UEFA Euro qualification,2023-06-19,0.264968407072651,0.21054909377506048,0.15134565499351482,0.2738749582853708,0.4808479971217275,1
England,North Macedonia,UEFA Euro qualification,2023-06-19,0.34461076391041967,0.49927553559016236,0.31866083009079116,0.010072220312723479,0.03505177597215409,1
Switzerland,Romania,UEFA Euro qualification,2023-06-19,0.19323198169568556,0.12633103808725643,-0.16772049286640733,-0.20812178054829622,-0.14181187688508062,0
Algeria,Tunisia,Friendly,2023-06-20,0.09884397157800029,0.16395508640012713,0.18287937743190663,-0.20406685097677546,-0.27006113734206705,0
Brazil,Senegal,Friendly,2023-06-20,0.023263257037237084,0.08874750580493584,-0.3891050583657586,0.22511288272928232,0.4605861725144177,-1
Ecuador,Costa Rica,Friendly,2023-06-20,0.1311391368121868,0.2964479376811835,-0.07433527885862512,-0.4614702003924588,-0.22077342145844248,1
Germany,Colombia,Friendly,2023-06-20,0.003675942353511097,0.13912881023778256,0.24124513618677035,-0.0033819049594550066,0.2774980165176453,-1
Japan,Peru,Friendly,2023-06-20,0.2739810055351053,0.3033218526277648,0.17469195849546038,0.12398556256055704,0.19068323925104352,1
South Korea,El Salvador,Friendly,2023-06-20,0.30140870556603794,0.35367066501477007,0.10465304798962372,0.039828067766032094,0.0930664447053095,0
Montenegro,Czech Republic,Friendly,2023-06-20,-0.22011079556200763,-0.14507776656169646,0.058771076523994825,0.13685303135083382,0.2552704005231975,-1
Scotland,Georgia,UEFA Euro qualification,2023-06-20,0.09615940213307161,0.010588312242547637,-0.06655317769131008,-0.06798065561734568,-0.12157549315605182,1
Norway,Cyprus,UEFA Euro qualification,2023-06-20,0.4313125334832282,0.4403499165379432,0.29920557717250285,0.26999452568725335,-0.17741856102563375,1
Austria,Sweden,UEFA Euro qualification,2023-06-20,0.06326760247604168,-0.05291641568079175,0.13229571984435795,-0.02575540422046252,-0.11650698462109033,1
Estonia,Belgium,UEFA Euro qualification,2023-06-20,-0.39737046820432687,-0.4501985654189036,0.08211738002594038,-0.3744116380973521,-0.4685673134214497,-1
Iceland,Portugal,UEFA Euro qualification,2023-06-20,-0.36909815576831595,-0.316755191769972,-0.030723086900129593,-0.09659236421421391,-0.2661644953211055,-1
Uzbekistan,Iran,CAFA Nations Cup,2023-06-20,-0.0295974546569282,-0.18609244216234178,1.1102230246251565e-16,-0.09027855929996553,-0.33153261159954844,-1
United States,Jamaica,Gold Cup,2023-06-24,0.1275898856327049,0.26707564562199426,-0.06655317769131008,0.3205525467623649,0.12947930277641334,0
Haiti,Qatar,Gold Cup,2023-06-25,0.015633335071448595,0.06849925544665192,0.26459143968871585,-0.3511031614630764,-0.1505158401612,1
Mexico,Honduras,Gold Cup,2023-06-25,0.1811639110286467,0.25109849240139104,0.13578145265888453,0.27013118527225743,0.3568202595027106,1
Costa Rica,Panama,Gold Cup,2023-06-26,-0.053243815871936384,0.03375257365804263,-0.10076199740596625,0.05260961924078611,0.22508227086514676,-1
Qatar,Honduras,Gold Cup,2023-06-29,-0.018218505898821347,0.018760028546531693,-0.3505998702983139,0.14094039069622344,-0.198852276628324,0
Haiti,Mexico,Gold Cup,2023-06-29,-0.18374908185601946,-0.16383920840820743,-0.2217898832684826,-0.4802939560391104,-0.7061883762922346,-1
Guatemala,Canada,Gold Cup,2023-07-01,-0.16179237352172704,-0.4175406302880771,0.047097924773022104,0.3349093208565356,0.2038338995815443,0
Honduras,Haiti,Gold Cup,2023-07-02,0.0025851708273727514,-0.08725928399318361,0.08600843060959806,0.21016277076685297,0.349368116789524,1
Mexico,Qatar,Gold Cup,2023-07-02,0.19938241692746805,0.23233846385485935,0.48638132295719844,0.129190794576034,0.5556725361310346,-1
Panama,El Salvador,Gold Cup,2023-07-04,0.23658926355663357,0.1674533133035978,0.10076199740596625,-0.05260961924078611,-0.22508227086514676,0
Panama,Qatar,Gold Cup,2023-07-08,0.12502839037668,0.07375856850503526,0.45136186770428016,-0.19355000993700955,-0.026229994236822762,1
Mexico,Costa Rica,Gold Cup,2023-07-08,0.12759784242272443,0.12482732169178146,0.13578145265888453,0.27013118527225743,0.3568202595027106,1
United States,Canada,Gold Cup,2023-07-09,-0.0037959186565628134,0.14563205647084176,-0.01945525291828798,0.6554618676189005,0.33331320235795764,0
United States,Panama,Gold Cup,2023-07-12,0.027721416070656257,0.3274696044636811,-0.16731517509727634,0.373162166003151,0.3545615736415601,0
Jamaica,Mexico,Gold Cup,2023-07-12,-0.1742224961128367,-0.09818593650813723,-0.13578145265888453,-0.27013118527225743,-0.3568202595027106,-1
Mexico,Panama,Gold Cup,2023-07-16,0.07435402655078804,0.15857989534982408,0.035019455252918275,0.32274080451304354,0.5819025303678573,1
Bolivia,Panama,Friendly,2023-08-27,-0.16775166304631206,-0.06792743166230375,-0.10076199740596625,0.05260961924078611,0.22508227086514676,-1
Colombia,Venezuela,FIFA World Cup qualification,2023-09-07,0.16731923040722552,0.19228209478300196,-0.18328469520103763,0.20276256748556465,0.21100797451433678,1
Paraguay,Peru,FIFA World Cup qualification,2023-09-07,0.09999530501198373,0.2020930786659929,-0.09768158236057067,-0.5826824832453713,-0.3971539549895872,0
Argentina,Ecuador,FIFA World Cup qualification,2023-09-07,0.17259655415020014,0.08924127779794278,0.07782101167315147,0.8787877171470875,0.792021906621355,1
Austria,Moldova,Friendly,2023-09-07,0.4340747216595884,0.3851837949714918,0.030723086900129593,-0.06620300289685888,-0.17034339960280148,0
Bulgaria,Iran,Friendly,2023-09-07,-0.3395785661438455,0.03468100207735603,-0.015158884565499187,-0.1555665259954644,-0.024665203476906317,-1
Norway,Jordan,Friendly,2023-09-07,0.042295206760393,0.5396008951558176,0.26848249027237325,0.16431356833643118,-0.11817215234418987,1
Wales,South Korea,Friendly,2023-09-07,-0.158213246854086,0.07019284371091405,-0.10465304798962372,-0.039828067766032094,-0.0930664447053095,0
France,Republic of Ireland,UEFA Euro qualification,2023-09-07,0.3295834920469132,0.2681219035906146,0.15134565499351482,0.2738749582853708,0.4808479971217275,1
Netherlands,Greece,UEFA Euro qualification,2023-09-07,0.17742685387833013,0.1388905961952327,0.04628728923476,0.3168169184513121,0.33360725878742264,1
Czech Republic,Albania,UEFA Euro qualification,2023-09-07,0.08915438798560871,0.09201269631956377,-0.058771076523994825,-0.13685303135083382,-0.2552704005231975,0
Iraq,India,King's Cup,2023-09-07,0.3234677617576023,0.19866177436624977,-0.03542477302204938,0.10568095735082217,-0.3806641869716393,0
Uruguay,Chile,FIFA World Cup qualification,2023-09-08,0.15704140815190382,0.21155086051061378,-0.2611057068741894,0.09033758513678425,0.15428039052892434,1
Brazil,Bolivia,FIFA World Cup qualification,2023-09-08,0.28874320741215875,0.522281343503662,-0.1910667963683529,0.19828289786778575,0.35736671663888503,1
Costa Rica,Saudi Arabia,Friendly,2023-09-08,0.02224303234210767,0.04332692663551141,0.16382944228274976,0.17198043230101145,0.09043492748667853,1
Egypt,Ethiopia,African Cup of Nations qualification,2023-09-08,0.3278445057146333,0.5199208994920057,-0.14826523994811946,-0.2894055133678012,0.024708543572398767,1
Georgia,Spain,UEFA Euro qualification,2023-09-08,-0.4408990545513394,-0.25543597300559817,-0.17858300907911773,-0.3109050827479565,-0.5076623979820805,-1
Cyprus,Scotland,UEFA Euro qualification,2023-09-08,-0.34566806277462736,-0.3186542215001995,0.06655317769131008,0.06798065561734568,0.12157549315605182,-1
Croatia,Latvia,UEFA Euro qualification,2023-09-08,0.5198708683794511,0.3560024929300778,0.15134565499351482,-0.12679409732272107,0.05288409096633656,1
Slovakia,Portugal,UEFA Euro qualification,2023-09-08,-0.2744111241047411,-0.24605055916594543,-0.030723086900129593,-0.09659236421421391,-0.2661644953211055,-1
Germany,Japan,Friendly,2023-09-09,-0.03011662286476202,0.1559571427530977,-0.11673151750972766,0.0753950999655526,0.29782275178093853,-1
Mexico,Australia,Friendly,2023-09-09,-0.003917693365938613,0.10643360215977982,-0.06614785992217886,0.2271447007166889,0.6141074303820675,0
United States,Uzbekistan,Friendly,2023-09-09,-0.014948681668939923,0.5018405349280743,-0.08171206225680938,0.25526458006686603,0.43634671089905547,1
Ukraine,England,UEFA Euro qualification,2023-09-09,-0.20425232582939246,-0.24460700925143497,-0.31866083009079116,-0.010072220312723479,-0.03505177597215409,0
Azerbaijan,Belgium,UEFA Euro qualification,2023-09-09,-0.3828353842475789,-0.4139291877197624,0.08211738002594038,-0.3744116380973521,-0.4685673134214497,-1
Estonia,Sweden,UEFA Euro qualification,2023-09-09,-0.316637435391232,-0.42668095903131276,0.10157263294422836,0.04044759867639636,0.053836414981711156,-1
Kosovo,Switzerland,UEFA Euro qualification,2023-09-09,-0.13704447685645582,-0.1027600785016003,0.16772049286640733,0.20812178054829622,0.14181187688508062,0
Guatemala,Panama,CONCACAF Nations League,2023-09-10,-0.13027503879450797,-0.23570308229523773,-0.10076199740596625,0.05260961924078611,0.22508227086514676,0
Hungary,Czech Republic,Friendly,2023-09-10,0.002870553370288631,0.023270440065866982,0.058771076523994825,0.13685303135083382,0.2552704005231975,0
Republic of Ireland,Netherlands,UEFA Euro qualification,2023-09-10,-0.2420419388525923,-0.19646340601078682,-0.04628728923476,-0.3168169184513121,-0.33360725878742264,-1
Thailand,Iraq,King's Cup,2023-09-10,-0.1133717851362599,-0.11229578255623762,0.03542477302204938,-0.10568095735082217,0.3806641869716393,0
Armenia,Croatia,UEFA Euro qualification,2023-09-11,-0.45765765974457984,-0.2497996088192811,-0.15134565499351482,0.12679409732272107,-0.05288409096633656,-1
Portugal,Luxembourg,UEFA Euro qualification,2023-09-11,0.5020251705488161,0.4325987471362942,0.030723086900129593,0.09659236421421391,0.2661644953211055,1
Jamaica,Haiti,CONCACAF Nations League,2023-09-12,0.00952658574318277,0.0656532719000702,0.08600843060959806,0.21016277076685297,0.349368116789524,0
Bolivia,Argentina,FIFA World Cup qualification,2023-09-12,-0.4182435381367626,-0.48736922079947265,-0.0034857328145263544,-0.4173175167546287,-0.5712484851629125,-1
Ecuador,Uruguay,FIFA World Cup qualification,2023-09-12,0.017322675044734837,-0.014317582297397102,0.18677042801556426,-0.551807785529243,-0.3750538119873668,1
Venezuela,Paraguay,FIFA World Cup qualification,2023-09-12,-0.027126095102377068,-0.07422498830591495,0.09768158236057067,0.5826824832453713,0.3971539549895872,1
Peru,Brazil,FIFA World Cup qualification,2023-09-12,-0.24737873953346168,-0.4705515908168598,0.1910667963683529,-0.19828289786778575,-0.35736671663888503,-1
Chile,Colombia,FIFA World Cup qualification,2023-09-12,-0.21027000740560542,-0.17098527304156885,0.18328469520103763,-0.20276256748556465,-0.21100797451433678,0
Azerbaijan,Jordan,Friendly,2023-09-12,-0.3486267270105916,0.10559788140025983,-0.030723086900129593,-0.10568095735082217,0.059246408681443874,1
Egypt,Tunisia,Friendly,2023-09-12,0.041375532327621256,0.08799607851302937,-0.10894941634241251,-0.16981786896819429,-0.24489908955873985,-1
Germany,France,Friendly,2023-09-12,-0.0869828536699846,-0.0631041280395448,-0.0933852140077821,-0.07449429575926114,0.007657993910254568,1
Qatar,Russia,Friendly,2023-09-12,-0.12292023208705438,-0.36350846609899135,-0.3505998702983139,0.14094039069622344,-0.198852276628324,0
South Korea,Saudi Arabia,Friendly,2023-09-12,0.14030629022344843,0.19579170468864104,0.2684824902723735,0.21180850006704355,0.18350137219198803,1
Mexico,Uzbekistan,Friendly,2023-09-12,0.031683928811191864,0.3329508258142173,0.12062256809338523,0.20484321857675858,0.6636876676253527,0
Scotland,England,Friendly,2023-09-12,-0.20963954595508127,-0.27332934634765804,-0.38521400778210124,-0.07805287593006915,-0.1566272691282059,-1
Senegal,Algeria,Friendly,2023-09-12,0.03318229138467843,0.09396422263218618,0.05447470817120603,0.2968245105148858,-0.10276595166460423,-1
South Africa,DR Congo,Friendly,2023-09-12,-0.041909706463436835,-0.034613093762225766,-0.05836575875486394,-0.09532794883734275,0.19049721215446114,1
United States,Oman,Friendly,2023-09-12,0.14647190535619137,0.5463302807599488,-0.06655317769131008,0.3205525467623649,0.12947930277641334,1
Norway,Georgia,UEFA Euro qualification,2023-09-12,0.18180387284167243,0.13228400728029133,0.29920557717250285,0.26999452568725335,-0.17741856102563375,1
Spain,Cyprus,UEFA Euro qualification,2023-09-12,0.6904077151928951,0.56350188226325,0.17858300907911773,0.3109050827479565,0.5076623979820805,1
Belgium,Estonia,UEFA Euro qualification,2023-09-12,0.39737046820432687,0.4501985654189036,-0.08211738002594038,0.3744116380973521,0.4685673134214497,1
Sweden,Austria,UEFA Euro qualification,2023-09-12,-0.06326760247604168,0.05291641568079175,-0.13229571984435795,0.02575540422046252,0.11650698462109033,-1
Switzerland,Andorra,UEFA Euro qualification,2023-09-12,0.6267509354772745,0.5996687432084262,-0.16772049286640733,-0.20812178054829622,-0.14181187688508062,1
Colombia,Uruguay,FIFA World Cup qualification,2023-10-12,0.0532285992537016,-0.04056558746904493,0.07782101167315175,0.1124249823487804,0.056727583985412444,0
Bolivia,Ecuador,FIFA World Cup qualification,2023-10-12,-0.24564698398656248,-0.39812794300152987,0.07433527885862512,0.4614702003924588,0.22077342145844248,-1
Argentina,Paraguay,FIFA World Cup qualification,2023-10-12,0.2768837652460818,0.2335463894466776,0.10116731517509703,1.0,0.9684024401524998,1
Brazil,Venezuela,FIFA World Cup qualification,2023-10-12,0.17450952962385502,0.34268350045678186,-0.1910667963683529,0.19828289786778575,0.35736671663888503,0
Algeria,Cape Verde,Friendly,2023-10-12,0.18050742511697027,0.22253057775775043,0.3112840466926069,-0.32365449537638225,0.428298010626159,1
Sweden,Moldova,Friendly,2023-10-12,0.3708071191835467,0.43810021065228355,-0.10157263294422836,-0.04044759867639636,-0.053836414981711156,1
Spain,Scotland,UEFA Euro qualification,2023-10-12,0.34473965241826776,0.24484766076305053,0.2451361867704278,0.37888573836530215,0.6292378911381323,1
Cyprus,Norway,UEFA Euro qualification,2023-10-12,-0.4313125334832282,-0.4403499165379432,-0.29920557717250285,-0.26999452568725335,0.17741856102563375,-1
Albania,Czech Republic,UEFA Euro qualification,2023-10-12,-0.08915438798560871,-0.09201269631956377,0.058771076523994825,0.13685303135083382,0.2552704005231975,1
DR Congo,New Zealand,Friendly,2023-10-13,0.05526016161627134,0.13699851287989828,0.023346303501945775,0.28940551336780107,0.007387703515304267,0
England,Australia,Friendly,2023-10-13,0.0678174031158798,0.4774979579257841,0.11673151750972777,-0.03291426424284505,0.2923389468515109,1
Iraq,Qatar,Friendly,2023-10-13,0.10569444200531031,0.006044955099576033,0.3151750972762645,-0.03525943334540127,-0.18181191034331529,0
Japan,Canada,Friendly,2023-10-13,0.11607647564027124,0.10528662565942382,0.22178988326848248,0.4588948834170926,0.3945171388325878,1
South Korea,Tunisia,Friendly,2023-10-13,0.09911741764347348,0.07853025470706321,0.14396887159533067,0.159415712165639,-0.1765411884258291,1
Nigeria,Saudi Arabia,Friendly,2023-10-13,0.09728747190595244,0.2772060103323084,0.16382944228274976,0.17198043230101145,0.09043492748667853,0
Vietnam,Uzbekistan,Friendly,2023-10-13,-0.1872907537397661,-0.038471645082840844,-0.015158884565499298,-0.06528796669549886,0.3068674081226421,-1
Netherlands,France,UEFA Euro qualification,2023-10-13,-0.08754155319432089,-0.07165849757982778,-0.10505836575875482,0.04294196016594132,-0.14724073833430484,-1
Austria,Belgium,UEFA Euro qualification,2023-10-13,-0.017465430337053167,-0.07643402206838257,0.11284046692606997,-0.440614640994211,-0.6389107130242512,-1
Portugal,Slovakia,UEFA Euro qualification,2023-10-13,0.2744111241047411,0.24605055916594543,0.030723086900129593,0.09659236421421391,0.2661644953211055,1
Ivory Coast,Morocco,Friendly,2023-10-14,-0.16671539302618776,-0.05807087524486576,-0.21400778210116755,0.06307520847870651,-0.12058171366018444,0
Mexico,Ghana,Friendly,2023-10-14,0.23274059787702384,-0.09822980213104548,0.26070038910505844,0.49484417714110807,0.5559018351828893,1
United States,Germany,Friendly,2023-10-14,-0.08975577143207203,-0.11561171194167974,-0.1245136186770428,0.12117188423625525,-0.3590266882555687,-1
Haiti,Jamaica,CONCACAF Nations League,2023-10-15,-0.00952658574318277,-0.0656532719000702,-0.08600843060959806,-0.21016277076685297,-0.349368116789524,-1
Norway,Spain,UEFA Euro qualification,2023-10-15,-0.25909518170966694,-0.12315196572530684,0.12062256809338512,-0.04091055706070312,-0.6850809590077143,-1
Wales,Croatia,UEFA Euro qualification,2023-10-15,-0.17357665847088888,-0.025460731556241623,-0.15134565499351482,0.12679409732272107,-0.05288409096633656,1
Czech Republic,Faroe Islands,UEFA Euro qualification,2023-10-15,0.2969069534447879,0.43824670112179875,-0.058771076523994825,-0.13685303135083382,-0.2552704005231975,1
Switzerland,Belarus,UEFA Euro qualification,2023-10-15,0.31808992070689324,0.4043948323186233,-0.16772049286640733,-0.20812178054829622,-0.14181187688508062,0
Algeria,Egypt,Friendly,2023-10-16,0.05746843925037903,0.07595900788709775,0.29182879377431914,-0.034248982008581175,-0.0251620477833272,0
Greece,Netherlands,UEFA Euro qualification,2023-10-16,-0.17742685387833013,-0.1388905961952327,-0.04628728923476,-0.3168169184513121,-0.33360725878742264,-1
Azerbaijan,Austria,UEFA Euro qualification,2023-10-16,-0.36536995391052574,-0.3374951656513798,-0.030723086900129593,0.06620300289685888,0.17034339960280148,-1
Belgium,Sweden,UEFA Euro qualification,2023-10-16,0.08073303281309485,0.023517606387590817,0.01945525291828798,0.4148592367737485,0.5224037284031608,0
Panama,Guatemala,CONCACAF Nations League,2023-10-17,0.13027503879450797,0.23570308229523773,0.10076199740596625,-0.05260961924078611,-0.22508227086514676,1
Ecuador,Colombia,FIFA World Cup qualification,2023-10-17,-0.035905924208966766,0.026248005171647826,0.10894941634241251,-0.6642327678780234,-0.43178139597277926,0
Paraguay,Bolivia,FIFA World Cup qualification,2023-10-17,0.1413597728906808,0.25382283135279504,-0.09768158236057067,-0.5826824832453713,-0.3971539549895872,1
Peru,Argentina,FIFA World Cup qualification,2023-10-17,-0.37687907025806555,-0.4356394681126705,-0.0034857328145263544,-0.4173175167546287,-0.5712484851629125,-1
Uruguay,Brazil,FIFA World Cup qualification,2023-10-17,-0.060418898470331106,-0.10983581820473498,-0.0700389105058365,-0.1079453127310015,-0.2030863261099607,1
Australia,New Zealand,Soccer Ashes,2023-10-17,0.1802745159420558,0.10145641936903882,0.19844357976653704,0.3323919979233697,0.04692877037253701,1
Cape Verde,Comoros,Friendly,2023-10-17,0.15560456359748231,0.10740753859910246,-0.16772049286640722,-1.1102230246251565e-16,-0.42875151483708746,-1
France,Scotland,Friendly,2023-10-17,0.2680104640951877,0.24987053967673534,0.2178988326848249,0.34185561390271646,0.6024234902777793,1
Ivory Coast,South Africa,Friendly,2023-10-17,0.09057765438787135,0.24117936049878175,0.05836575875486372,-0.02425969556226404,0.06227813372098778,0
South Korea,Vietnam,Friendly,2023-10-17,0.2094400980095743,0.39905992725840633,0.10465304798962372,0.039828067766032094,0.0930664447053095,1
Mexico,Germany,Friendly,2023-10-17,-0.04312316095194024,-0.2845014210555368,0.07782101167315181,0.07075052274614779,-0.13168573152927143,0
United States,Ghana,Friendly,2023-10-17,0.18610798739689205,0.07065990698281155,0.05836575875486383,0.5452655386312155,0.328560878456592,1
England,Italy,UEFA Euro qualification,2023-10-17,0.08229574255126981,0.09048717070171497,0.31866083009079116,0.010072220312723479,0.03505177597215409,1
Belgium,Serbia,Friendly,2023-11-15,0.05430628612296684,0.06546591013209646,-0.08211738002594038,0.3744116380973521,0.4685673134214497,1
Israel,Switzerland,UEFA Euro qualification,2023-11-15,-0.21842356394664852,-0.17127181453670914,0.16772049286640733,0.20812178054829622,0.14181187688508062,0
Costa Rica,Panama,CONCACAF Nations League,2023-11-16,-0.053243815871936384,0.03375257365804263,-0.10076199740596625,0.05260961924078611,0.22508227086514676,-1
Venezuela,Ecuador,FIFA World Cup qualification,2023-11-16,-0.13141330619825875,-0.21853009995464978,0.07433527885862512,0.4614702003924588,0.22077342145844248,0
Colombia,Brazil,FIFA World Cup qualification,2023-11-16,-0.007190299216629503,-0.1504014056737799,0.0077821011673152585,0.004479669617778903,-0.14635874212454825,1
Argentina,Uruguay,FIFA World Cup qualification,2023-11-16,0.18991922919493498,0.07492369550054567,0.26459143968871573,0.32697993161784444,0.4169680946339882,-1
Chile,Paraguay,FIFA World Cup qualification,2023-11-16,-0.07007687210075697,-0.05292816656448185,0.09768158236057067,0.5826824832453713,0.3971539549895872,0
Japan,Myanmar,FIFA World Cup qualification,2023-11-16,0.5659312253360316,0.5946065049479445,0.17469195849546038,0.12398556256055704,0.19068323925104352,1
South Korea,Singapore,FIFA World Cup qualification,2023-11-16,0.362043064514199,0.4657498686653678,0.10465304798962372,0.039828067766032094,0.0930664447053095,1
Iran,Hong Kong,FIFA World Cup qualification,2023-11-16,0.36046731159752343,0.2912540286521441,0.015158884565499187,0.1555665259954644,0.024665203476906317,1
Iraq,Indonesia,FIFA World Cup qualification,2023-11-16,0.20260273459935374,-0.09344526571732059,-0.03542477302204938,0.10568095735082217,-0.3806641869716393,1
Tajikistan,Jordan,FIFA World Cup qualification,2023-11-16,-0.2223785150662554,-0.02464937538328993,-0.030723086900129593,-0.10568095735082217,0.059246408681443874,0
Australia,Bangladesh,FIFA World Cup qualification,2023-11-16,0.4950284264631333,0.22635955735413082,0.2019293125810634,0.04298648455556853,-0.2572871708793568,1
Norway,Faroe Islands,Friendly,2023-11-16,0.39838221866121004,0.5877369584049026,0.29920557717250285,0.26999452568725335,-0.17741856102563375,1
Cyprus,Spain,UEFA Euro qualification,2023-11-16,-0.6904077151928951,-0.56350188226325,-0.17858300907911773,-0.3109050827479565,-0.5076623979820805,-1
Georgia,Scotland,UEFA Euro qualification,2023-11-16,-0.09615940213307161,-0.010588312242547637,0.06655317769131008,0.06798065561734568,0.12157549315605182,0
Estonia,Austria,UEFA Euro qualification,2023-11-16,-0.3799050378672737,-0.373764543350521,-0.030723086900129593,0.06620300289685888,0.17034339960280148,-1
Azerbaijan,Sweden,UEFA Euro qualification,2023-11-16,-0.30210235143448405,-0.3904115813321716,0.10157263294422836,0.04044759867639636,0.053836414981711156,1
Honduras,Mexico,CONCACAF Nations League,2023-11-17,-0.1811639110286467,-0.25109849240139104,-0.13578145265888453,-0.27013118527225743,-0.3568202595027106,1
Greece,New Zealand,Friendly,2023-11-17,0.041494430125391,0.3449464768488397,-0.0034857328145263544,0.2894055133678012,0.30421594125189383,1
England,Malta,UEFA Euro qualification,2023-11-17,0.5692084208369077,0.6319356945982948,0.31866083009079116,0.010072220312723479,0.03505177597215409,1
Poland,Czech Republic,UEFA Euro qualification,2023-11-17,0.005628320533727749,-0.006528838823519401,0.058771076523994825,0.13685303135083382,0.2552704005231975,0
Jamaica,Canada,CONCACAF Nations League,2023-11-18,-0.13138580428926772,-0.1214435891511525,0.047097924773022104,0.3349093208565356,0.2038338995815443,-1
France,Gibraltar,UEFA Euro qualification,2023-11-18,0.8120673544398744,0.94308041145832,0.15134565499351482,0.2738749582853708,0.4808479971217275,1
Netherlands,Republic of Ireland,UEFA Euro qualification,2023-11-18,0.2420419388525923,0.19646340601078682,0.04628728923476,0.3168169184513121,0.33360725878742264,1
Latvia,Croatia,UEFA Euro qualification,2023-11-18,-0.5198708683794511,-0.3560024929300778,-0.15134565499351482,0.12679409732272107,-0.05288409096633656,-1
Switzerland,Kosovo,UEFA Euro qualification,2023-11-18,0.13704447685645582,0.1027600785016003,-0.16772049286640733,-0.20812178054829622,-0.14181187688508062,0
Scotland,Norway,UEFA Euro qualification,2023-11-19,-0.08564447070860082,-0.12169569503774369,-0.36575875486381293,-0.337975181304599,0.05584306786958193,0
Spain,Georgia,UEFA Euro qualification,2023-11-19,0.4408990545513394,0.25543597300559817,0.17858300907911773,0.3109050827479565,0.5076623979820805,1
Belgium,Azerbaijan,UEFA Euro qualification,2023-11-19,0.3828353842475789,0.4139291877197624,-0.08211738002594038,0.3744116380973521,0.4685673134214497,1
Sweden,Estonia,UEFA Euro qualification,2023-11-19,0.316637435391232,0.42668095903131276,-0.10157263294422836,-0.04044759867639636,-0.053836414981711156,1
Portugal,Iceland,UEFA Euro qualification,2023-11-19,0.36909815576831595,0.316755191769972,0.030723086900129593,0.09659236421421391,0.2661644953211055,1
Panama,Costa Rica,CONCACAF Nations League,2023-11-20,0.053243815871936384,-0.03375257365804263,0.10076199740596625,-0.05260961924078611,-0.22508227086514676,1
North Macedonia,England,UEFA Euro qualification,2023-11-20,-0.34461076391041967,-0.49927553559016236,-0.31866083009079116,-0.010072220312723479,-0.03505177597215409,0
Czech Republic,Moldova,UEFA Euro qualification,2023-11-20,0.3581514363036251,0.33220138579256586,-0.058771076523994825,-0.13685303135083382,-0.2552704005231975,1
Canada,Jamaica,CONCACAF Nations League,2023-11-21,0.13138580428926772,0.1214435891511525,-0.047097924773022104,-0.3349093208565356,-0.2038338995815443,-1
Mexico,Honduras,CONCACAF Nations League,2023-11-21,0.1811639110286467,0.25109849240139104,0.13578145265888453,0.27013118527225743,0.3568202595027106,1
Ecuador,Chile,FIFA World Cup qualification,2023-11-21,0.17436408319663865,0.19723327821321668,-0.07433527885862512,-0.4614702003924588,-0.22077342145844248,1
Paraguay,Colombia,FIFA World Cup qualification,2023-11-21,-0.14019313530484845,-0.118057106477087,0.08560311284046696,-0.785445050730936,-0.608161929503924,-1
Uruguay,Bolivia,FIFA World Cup qualification,2023-11-21,0.22832430894182765,0.412445525298927,-0.2611057068741894,0.09033758513678425,0.15428039052892434,1
Brazil,Argentina,FIFA World Cup qualification,2023-11-21,-0.12950033072460387,0.03491212270418931,-0.19455252918287924,-0.21903461888684295,-0.21388176852402752,-1
India,Qatar,FIFA World Cup qualification,2023-11-21,-0.21777331975229197,-0.19261681926667373,0.3505998702983139,-0.14094039069622344,0.198852276628324,-1
Uzbekistan,Iran,FIFA World Cup qualification,2023-11-21,-0.0295974546569282,-0.18609244216234178,1.1102230246251565e-16,-0.09027855929996553,-0.33153261159954844,0
Vietnam,Iraq,FIFA World Cup qualification,2023-11-21,-0.12528670762880023,-0.14512896214177484,0.03542477302204938,-0.10568095735082217,0.3806641869716393,-1
Jordan,Saudi Arabia,FIFA World Cup qualification,2023-11-21,0.05528568923977706,-0.15201594237243476,0.19455252918287935,0.2776613896518336,0.031188518805234655,-1
Comoros,Ghana,FIFA World Cup qualification,2023-11-21,-0.11317942144428561,-0.3151056304334863,0.12491893644617391,0.22471299186885063,0.19908157568017865,1
Austria,Germany,Friendly,2023-11-21,-0.12093511957706116,-0.16157856470362475,-0.027237354085603127,-0.2655836654229685,-0.6588493906347835,1
Republic of Ireland,New Zealand,Friendly,2023-11-21,-0.02312065484887116,0.2873736670332856,-0.0034857328145263544,0.2894055133678012,0.30421594125189383,0
Gibraltar,Netherlands,UEFA Euro qualification,2023-11-21,-0.7245258012455535,-0.8714219138784922,-0.04628728923476,-0.3168169184513121,-0.33360725878742264,-1
Greece,France,UEFA Euro qualification,2023-11-21,-0.264968407072651,-0.21054909377506048,-0.15134565499351482,-0.2738749582853708,-0.4808479971217275,0
Croatia,Armenia,UEFA Euro qualification,2023-11-21,0.45765765974457984,0.2497996088192811,0.15134565499351482,-0.12679409732272107,0.05288409096633656,1
Romania,Switzerland,UEFA Euro qualification,2023-11-21,-0.19323198169568556,-0.12633103808725643,0.16772049286640733,0.20812178054829622,0.14181187688508062,1
Mexico,Colombia,Friendly,2023-12-16,-0.039447218598429146,-0.1453726108177542,0.31906614785992216,0.06736861778669279,0.14581228498837384,-1
Japan,Thailand,Friendly,2024-01-01,0.2802995438751199,0.46713356961396,0.17469195849546038,0.12398556256055704,0.19068323925104352,1
Saudi Arabia,Lebanon,Friendly,2024-01-04,0.17929584549363353,0.20180497161284094,-0.16382944228274976,-0.17198043230101145,-0.09043492748667853,1
Qatar,Jordan,Friendly,2024-01-05,-0.10482723140241301,0.08783172684486829,-0.3813229571984435,0.03525943334540127,-0.13960586794688012,-1
Iraq,South Korea,Friendly,2024-01-06,-0.08415339038077407,-0.2539309651166315,-0.1400778210116731,0.06585288958479008,-0.4737306316769488,-1
Japan,Jordan,Friendly,2024-01-09,0.1677949693417573,0.4487144690021667,0.14396887159533078,0.01830460520973487,0.2499296479324874,1
Indonesia,Iran,Friendly,2024-01-09,-0.2942042353672478,0.014010140613912814,-0.015158884565499187,-0.1555665259954644,-0.024665203476906317,-1
Saudi Arabia,Hong Kong,Friendly,2024-01-10,0.212712910986955,0.2699581639767268,-0.16382944228274976,-0.17198043230101145,-0.09043492748667853,1
Tunisia,Cape Verde,Friendly,2024-01-10,0.08166345353896998,0.0585754913576233,0.12840466926070027,-0.11958764439960679,0.6983591479682261,1
Qatar,Lebanon,AFC Asian Cup,2024-01-12,0.12975430333099758,0.13762075608527446,-0.3505998702983139,0.14094039069622344,-0.198852276628324,1
Sweden,Estonia,Friendly,2024-01-12,0.316637435391232,0.42668095903131276,-0.10157263294422836,-0.04044759867639636,-0.053836414981711156,1
Australia,India,AFC Asian Cup,2024-01-13,0.42107343004569864,0.31852168096175326,0.2019293125810634,0.04298648455556853,-0.2572871708793568,1
Japan,Vietnam,AFC Asian Cup,2024-01-14,0.29221446636766024,0.49996674919949724,0.17469195849546038,0.12398556256055704,0.19068323925104352,1
Ghana,Cape Verde,African Cup of Nations,2024-01-14,-0.042425142153196704,0.2076980918343838,0.04280155642023331,-0.22471299186885052,0.2296699391569088,-1
Indonesia,Iraq,AFC Asian Cup,2024-01-15,-0.20260273459935374,0.09344526571732059,0.03542477302204938,-0.10568095735082217,0.3806641869716393,-1
Malaysia,Jordan,AFC Asian Cup,2024-01-15,-0.1312415263643929,-0.035972905498785845,-0.030723086900129593,-0.10568095735082217,0.059246408681443874,-1
Saudi Arabia,Oman,AFC Asian Cup,2024-01-16,0.043263641071491055,0.20928632331879893,-0.16382944228274976,-0.17198043230101145,-0.09043492748667853,1
Qatar,Tajikistan,AFC Asian Cup,2024-01-17,0.11755128366384238,0.11248110222815821,-0.3505998702983139,0.14094039069622344,-0.198852276628324,1
India,Uzbekistan,AFC Asian Cup,2024-01-18,-0.38547180786856816,-0.09200445730731577,-0.015158884565499298,-0.06528796669549886,0.3068674081226421,-1
Ivory Coast,Nigeria,African Cup of Nations,2024-01-18,-0.019875310176531658,0.026622996082620087,0.026832036316471908,-0.1195876443996069,-0.04405289186114064,-1
Egypt,Ghana,African Cup of Nations,2024-01-18,0.16546412801978794,-0.06112652196373114,-0.023346303501945553,-0.06469252149895055,0.2237901192525774,0
Hong Kong,Iran,AFC Asian Cup,2024-01-19,-0.36046731159752343,-0.2912540286521441,-0.015158884565499187,-0.1555665259954644,-0.024665203476906317,-1
Iraq,Japan,AFC Asian Cup,2024-01-19,-0.16692775873886,-0.3548377870577224,-0.21011673151750976,-0.01830460520973487,-0.5713474262226828,1
Jordan,South Korea,AFC Asian Cup,2024-01-20,-0.08502060098367137,-0.3478076470610758,-0.07392996108949412,0.06585288958479008,-0.15231285338675338,0
United States,Slovenia,Friendly,2024-01-20,0.11644707705637236,0.12071927059325027,-0.06655317769131008,0.3205525467623649,0.12947930277641334,-1
Kyrgyzstan,Saudi Arabia,AFC Asian Cup,2024-01-21,-0.16925185736409376,-0.21535704895251317,0.16382944228274976,0.17198043230101145,0.09043492748667853,-1
Morocco,DR Congo,African Cup of Nations,2024-01-21,0.21538334095062228,0.26463714198142174,0.21400778210116733,-0.1826628528783133,0.37335705953563336,0
Cape Verde,Egypt,African Cup of Nations,2024-01-22,-0.12303898586659123,-0.14657156987065267,-0.019455252918287758,0.28940551336780107,-0.4534600584094862,0
Australia,Uzbekistan,AFC Asian Cup,2024-01-23,0.035601622177130476,0.2265172236544375,0.1867704280155641,-0.02230148213993033,0.04958023724328531,0
Iran,United Arab Emirates,AFC Asian Cup,2024-01-23,0.16530239319551399,-0.021193069094037842,0.015158884565499187,0.1555665259954644,0.024665203476906317,1
Iraq,Vietnam,AFC Asian Cup,2024-01-24,0.12528670762880023,0.14512896214177484,-0.03542477302204938,0.10568095735082217,-0.3806641869716393,1
Japan,Indonesia,AFC Asian Cup,2024-01-24,0.36953049333821375,0.2613925213404018,0.17469195849546038,0.12398556256055704,0.19068323925104352,1
South Africa,Tunisia,African Cup of Nations,2024-01-24,-0.05435436523842552,-0.05461180406543109,0.0077821011673151474,0.02425969556226404,-0.37593865871326704,0
South Korea,Malaysia,AFC Asian Cup,2024-01-25,0.21626212734806427,0.38378055255986165,0.10465304798962372,0.039828067766032094,0.0930664447053095,0
Saudi Arabia,Thailand,AFC Asian Cup,2024-01-25,0.05721888529358554,0.17043504298422807,-0.16382944228274976,-0.17198043230101145,-0.09043492748667853,0
Australia,Indonesia,AFC Asian Cup,2024-01-28,0.3002084028874501,0.026414640878182905,0.2019293125810634,0.04298648455556853,-0.2572871708793568,1
Egypt,DR Congo,African Cup of Nations,2024-01-28,0.05382019110260994,0.1079947888162347,-0.1750972762645916,-0.28940551336780107,0.32153678130898833,0
Iraq,Jordan,AFC Asian Cup,2024-01-29,0.0008672106028972948,0.09387668194444432,-0.06614785992217898,0.0,-0.3214177782901954,-1
Ivory Coast,Senegal,African Cup of Nations,2024-01-29,-0.09580297381323288,-0.07135175259896265,-0.1712062256809338,-0.09275765953811033,0.05916656401439202,0
Saudi Arabia,South Korea,AFC Asian Cup,2024-01-30,-0.14030629022344843,-0.19579170468864104,-0.2684824902723735,-0.21180850006704355,-0.18350137219198803,0
Uzbekistan,Thailand,AFC Asian Cup,2024-01-30,0.17537583124722578,0.005638465497303624,0.015158884565499298,0.06528796669549886,-0.3068674081226421,1
Morocco,South Africa,African Cup of Nations,2024-01-30,0.2572930474140591,0.2992502357436475,0.27237354085603127,-0.08733490404097055,0.18285984738117222,-1
Australia,South Korea,AFC Asian Cup,2024-02-02,0.013452277907322285,-0.134071058521128,0.09727626459143968,0.0031584167895364335,-0.3503536155846663,-1
Tajikistan,Jordan,AFC Asian Cup,2024-02-02,-0.2223785150662554,-0.02464937538328993,-0.030723086900129593,-0.10568095735082217,0.059246408681443874,-1
Iran,Japan,AFC Asian Cup,2024-02-03,-0.07532625797096593,-0.2754026619543146,-0.1595330739299612,0.03158096343490735,-0.1660180357741372,1
Qatar,Uzbekistan,AFC Asian Cup,2024-02-03,-0.1676984881162762,0.10061236195935797,-0.3657587548638132,0.07565242400072458,0.10801513149431813,0
Cape Verde,South Africa,African Cup of Nations,2024-02-03,-0.02730908830054446,-0.003963687292192208,-0.1361867704280154,0.09532794883734275,-0.32242048925495903,0
Jordan,South Korea,AFC Asian Cup,2024-02-06,-0.08502060098367137,-0.3478076470610758,-0.07392996108949412,0.06585288958479008,-0.15231285338675338,1
Qatar,Iran,AFC Asian Cup,2024-02-07,-0.1972959427732044,-0.08548008020298381,-0.3657587548638131,-0.01462613529924095,-0.22351748010523032,1
Ivory Coast,DR Congo,African Cup of Nations,2024-02-07,0.04866794792443452,0.20656626673655598,-2.220446049250313e-16,-0.11958764439960679,0.2527753458754489,1
Nigeria,South Africa,African Cup of Nations,2024-02-07,0.11045296456440301,0.21455636441616166,0.03153372243839181,0.09532794883734286,0.10633102558212842,0
Qatar,Jordan,AFC Asian Cup,2024-02-10,-0.10482723140241301,0.08783172684486829,-0.3813229571984435,0.03525943334540127,-0.13960586794688012,1
South Africa,DR Congo,African Cup of Nations,2024-02-10,-0.041909706463436835,-0.034613093762225766,-0.05836575875486394,-0.09532794883734275,0.19049721215446114,0
Ivory Coast,Nigeria,African Cup of Nations,2024-02-11,-0.019875310176531658,0.026622996082620087,0.026832036316471908,-0.1195876443996069,-0.04405289186114064,1
South Africa,Andorra,FIFA Series,2024-03-21,0.5063870741324898,0.3456652132605571,-0.03153372243839181,-0.09532794883734286,-0.10633102558212842,0
Panama,Mexico,CONCACAF Nations League,2024-03-21,-0.07435402655078804,-0.15857989534982408,-0.035019455252918275,-0.32274080451304354,-0.5819025303678573,-1
United States,Jamaica,CONCACAF Nations League,2024-03-21,0.1275898856327049,0.26707564562199426,-0.06655317769131008,0.3205525467623649,0.12947930277641334,1
South Korea,Thailand,FIFA World Cup qualification,2024-03-21,0.19752517551703397,0.3662267476728691,0.10465304798962372,0.039828067766032094,0.0930664447053095,0
Hong Kong,Uzbekistan,FIFA World Cup qualification,2024-03-21,-0.33086985694059523,-0.10516158648980234,-0.015158884565499298,-0.06528796669549886,0.3068674081226421,-1
Iraq,Philippines,FIFA World Cup qualification,2024-03-21,0.2750337577612141,0.14939986987489773,-0.03542477302204938,0.10568095735082217,-0.3806641869716393,1
Saudi Arabia,Tajikistan,FIFA World Cup qualification,2024-03-21,0.16709282582647833,0.1766653177557247,-0.16382944228274976,-0.17198043230101145,-0.09043492748667853,1
Australia,Lebanon,FIFA World Cup qualification,2024-03-21,0.33305441362440424,0.263525617780354,0.2019293125810634,0.04298648455556853,-0.2572871708793568,1
Ecuador,Guatemala,Friendly,2024-03-21,0.2081703597347584,0.5659035936344639,-0.07433527885862512,-0.4614702003924588,-0.22077342145844248,1
Portugal,Sweden,Friendly,2024-03-21,0.20086595190863266,0.10691443817621549,0.13229571984435795,0.13703996289061027,0.32000091030281663,1
Algeria,Bolivia,FIFA Series,2024-03-22,0.23229765899024324,0.33956961506653993,0.14356355382619967,-0.32365449537638236,-0.00045350421092843485,1
Egypt,New Zealand,FIFA Series,2024-03-22,0.10908035271888128,0.24499330169613298,-0.15175097276264582,0.0,0.3289244848242926,1
Argentina,El Salvador,Friendly,2024-03-22,0.48708113864708413,0.5868951024407667,0.0034857328145263544,0.4173175167546287,0.5712484851629125,1
Netherlands,Scotland,Friendly,2024-03-22,0.1804689109008668,0.17821204209690755,0.11284046692607008,0.3847975740686578,0.45518275194347446,1
Nigeria,Ghana,Friendly,2024-03-22,0.18018719501814418,0.010821959873970055,0.12491893644617391,0.22471299186885063,0.19908157568017865,1
Norway,Czech Republic,Friendly,2024-03-22,0.10147526521642214,0.14949025728310383,0.35797665369649767,0.40684755703808717,0.07785183949756375,-1
Spain,Colombia,Friendly,2024-03-22,0.16738798434657576,0.19721005936364255,0.36186770428015536,0.10814251526239183,0.29665442346774373,-1
Tunisia,Croatia,FIFA Series,2024-03-23,-0.11448082926027636,-0.17418382997421888,-0.19066147859922178,0.0072064529231141705,0.21672354216480205,0
Denmark,Switzerland,Friendly,2024-03-23,-0.010381113754488913,0.017862384296856604,0.16772049286640733,0.20812178054829622,0.14181187688508062,0
England,Brazil,Friendly,2024-03-23,0.025097578666759768,0.07529033927447015,0.509727626459144,-0.18821067755506227,-0.32231494066673094,-1
France,Germany,Friendly,2024-03-23,0.0869828536699846,0.0631041280395448,0.0933852140077821,0.07449429575926114,-0.007657993910254568,-1
Republic of Ireland,Belgium,Friendly,2024-03-23,-0.1391309491369206,-0.11987323291582763,0.08211738002594038,-0.3744116380973521,-0.4685673134214497,0
Slovakia,Austria,Friendly,2024-03-23,-0.13681277467215014,-0.08621970530893819,-0.030723086900129593,0.06620300289685888,0.17034339960280148,-1
Jamaica,Panama,CONCACAF Nations League,2024-03-24,-0.09986846956204865,0.06039395884168686,-0.10076199740596625,0.05260961924078611,0.22508227086514676,1
United States,Mexico,CONCACAF Nations League,2024-03-24,-0.046632610480131786,0.16888970911385703,-0.2023346303501946,0.05042136149010745,-0.22734095672629728,1
Ecuador,Italy,Friendly,2024-03-24,0.014101940458913775,-0.10895656907488727,-0.07433527885862512,-0.4614702003924588,-0.22077342145844248,-1
Sweden,Albania,Friendly,2024-03-25,0.10181007086553029,0.19791152117928146,-0.10157263294422836,-0.04044759867639636,-0.053836414981711156,1
Algeria,South Africa,FIFA Series,2024-03-26,0.1531983368164258,0.21856689046555822,0.17509727626459148,-0.2283265465390395,0.10587752137119999,0
Egypt,Croatia,FIFA Series,2024-03-26,-0.0731052969326551,-0.08618775146118951,-0.2996108949416343,-0.16261141604508011,-0.028175547393937794,-1
New Zealand,Tunisia,FIFA Series,2024-03-26,-0.06770482039126002,-0.1569972231831036,0.04280155642023331,-0.16981786896819429,-0.5738235743830324,0
Thailand,South Korea,FIFA World Cup qualification,2024-03-26,-0.19752517551703397,-0.3662267476728691,-0.10465304798962372,-0.039828067766032094,-0.0930664447053095,-1
Uzbekistan,Hong Kong,FIFA World Cup qualification,2024-03-26,0.33086985694059523,0.10516158648980234,0.015158884565499298,0.06528796669549886,-0.3068674081226421,1
Philippines,Iraq,FIFA World Cup qualification,2024-03-26,-0.2750337577612141,-0.14939986987489773,0.03542477302204938,-0.10568095735082217,0.3806641869716393,-1
Tajikistan,Saudi Arabia,FIFA World Cup qualification,2024-03-26,-0.16709282582647833,-0.1766653177557247,0.16382944228274976,0.17198043230101145,0.09043492748667853,0
Australia,Lebanon,FIFA World Cup qualification,2024-03-26,0.33305441362440424,0.263525617780354,0.2019293125810634,0.04298648455556853,-0.2572871708793568,1
Argentina,Costa Rica,Friendly,2024-03-26,0.30373569096238695,0.38568921547912627,0.0034857328145263544,0.4173175167546287,0.5712484851629125,1
Colombia,Romania,Friendly,2024-03-26,0.2753217063726128,0.12320472136828764,-0.18328469520103763,0.20276256748556465,0.21100797451433678,1
Czech Republic,Armenia,Friendly,2024-03-26,0.29809358868807645,0.19644902436376332,-0.058771076523994825,-0.13685303135083382,-0.2552704005231975,1
England,Belgium,Friendly,2024-03-26,0.13208162476988616,0.17170747734570968,0.40077821011673154,-0.36433941778462864,-0.4335155374492956,0
France,Chile,Friendly,2024-03-26,0.3009288034291011,0.3732182113188962,0.15134565499351482,0.2738749582853708,0.4808479971217275,1
Germany,Netherlands,Friendly,2024-03-26,0.0005586995243362924,0.008554369540282991,0.011673151750972721,-0.11743625592520246,0.1548987322445594,1
Ivory Coast,Uruguay,Friendly,2024-03-26,-0.05864733238013886,-0.05026344019916351,0.2879377431906613,-0.20992522953639114,-0.19833328239006498,1
Norway,Slovakia,Friendly,2024-03-26,0.162364754532609,0.18272755341311608,0.29920557717250285,0.26999452568725335,-0.17741856102563375,0
Republic of Ireland,Switzerland,Friendly,2024-03-26,-0.15683497134649027,-0.06901528203225604,0.16772049286640733,0.20812178054829622,0.14181187688508062,-1
Scotland,Northern Ireland,Friendly,2024-03-26,0.1650192705015927,0.10604902412898332,-0.06655317769131008,-0.06798065561734568,-0.12157549315605182,-1
Slovenia,Portugal,Friendly,2024-03-26,-0.2228660783439742,-0.2345832716883125,-0.030723086900129593,-0.09659236421421391,-0.2661644953211055,1
Spain,Brazil,Friendly,2024-03-26,0.16019768512994625,0.046808653689862645,0.3696498054474706,0.11262218488017073,0.1502956813431955,0
Bolivia,Mexico,Friendly,2024-05-31,-0.2421056895971001,-0.22650732701212783,-0.13578145265888453,-0.27013118527225743,-0.3568202595027106,-1
Costa Rica,Uruguay,Friendly,2024-05-31,-0.11381646176745197,-0.3107655199785806,0.2611057068741894,-0.09033758513678425,-0.15428039052892434,0
Croatia,North Macedonia,Friendly,2024-06-03,0.27870449450402046,0.25150221145266194,0.15134565499351482,-0.12679409732272107,0.05288409096633656,1
Germany,Ukraine,Friendly,2024-06-03,0.17564039029951428,0.15804407454096747,0.05796044098573272,0.19938066252610964,0.48850599103198206,0
Gibraltar,Scotland,Friendly,2024-06-03,-0.5440568903446867,-0.6932098717815847,0.06655317769131008,0.06798065561734568,0.12157549315605182,-1
Austria,Serbia,Friendly,2024-06-04,0.03684085578591367,-0.010968111936286107,0.030723086900129593,-0.06620300289685888,-0.17034339960280148,1
Portugal,Finland,Friendly,2024-06-04,0.3821690232304866,0.37412996889144745,0.030723086900129593,0.09659236421421391,0.2661644953211055,1
Switzerland,Estonia,Friendly,2024-06-04,0.41507449041389655,0.399340614535332,-0.16772049286640733,-0.20812178054829622,-0.14181187688508062,1
Belgium,Montenegro,Friendly,2024-06-05,0.31349951125502407,0.27449419780900497,-0.08211738002594038,0.3744116380973521,0.4685673134214497,1
Denmark,Sweden,Friendly,2024-06-05,0.08805594126817562,-0.009477960199124169,0.10157263294422836,0.04044759867639636,0.053836414981711156,1
France,Luxembourg,Friendly,2024-06-05,0.5723447943632709,0.4974505860224565,0.15134565499351482,0.2738749582853708,0.4808479971217275,1
Mexico,Uruguay,Friendly,2024-06-05,0.013781380655272457,-0.18593819828679914,0.3968871595330739,0.17979360013547319,0.20253986897378629,-1
Norway,Kosovo,Friendly,2024-06-05,0.12742700417029185,0.1736918554209672,0.29920557717250285,0.26999452568725335,-0.17741856102563375,1
Spain,Andorra,Friendly,2024-06-05,0.8762286445007774,0.7937524858531,0.17858300907911773,0.3109050827479565,0.5076623979820805,1
Netherlands,Canada,Friendly,2024-06-06,0.08540115325117292,0.2526893988722385,0.0933852140077821,0.6517262393078477,0.5374411583689669,1
Senegal,DR Congo,FIFA World Cup qualification,2024-06-06,0.1444709217376674,0.27791801933551863,0.17120622568093358,-0.02682998486149646,0.1936087818610569,0
Myanmar,Japan,FIFA World Cup qualification,2024-06-06,-0.5659312253360316,-0.5946065049479445,-0.17469195849546038,-0.12398556256055704,-0.19068323925104352,-1
Singapore,South Korea,FIFA World Cup qualification,2024-06-06,-0.362043064514199,-0.4657498686653678,-0.10465304798962372,-0.039828067766032094,-0.0930664447053095,-1
Hong Kong,Iran,FIFA World Cup qualification,2024-06-06,-0.36046731159752343,-0.2912540286521441,-0.015158884565499187,-0.1555665259954644,-0.024665203476906317,-1
Indonesia,Iraq,FIFA World Cup qualification,2024-06-06,-0.20260273459935374,0.09344526571732059,0.03542477302204938,-0.10568095735082217,0.3806641869716393,-1
Jordan,Tajikistan,FIFA World Cup qualification,2024-06-06,0.2223785150662554,0.02464937538328993,0.030723086900129593,0.10568095735082217,-0.059246408681443874,1
Bangladesh,Australia,FIFA World Cup qualification,2024-06-06,-0.4950284264631333,-0.22635955735413082,-0.2019293125810634,-0.04298648455556853,0.2572871708793568,-1
Czech Republic,Malta,Friendly,2024-06-07,0.3437380803740051,0.3308117860052766,-0.058771076523994825,-0.13685303135083382,-0.2552704005231975,1
England,Iceland,Friendly,2024-06-07,0.3810468614426643,0.40506583732705703,0.31866083009079116,0.010072220312723479,0.03505177597215409,-1
Germany,Greece,Friendly,2024-06-07,0.17798555340266642,0.1474449657355157,0.05796044098573272,0.19938066252610964,0.48850599103198206,1
Peru,Paraguay,Friendly,2024-06-07,-0.09999530501198373,-0.2020930786659929,0.09768158236057067,0.5826824832453713,0.3971539549895872,0
Scotland,Finland,Friendly,2024-06-07,0.1844781829497537,0.18911126810087442,-0.06655317769131008,-0.06798065561734568,-0.12157549315605182,0
Nigeria,South Africa,FIFA World Cup qualification,2024-06-07,0.11045296456440301,0.21455636441616166,0.03153372243839181,0.09532794883734286,0.10633102558212842,0
Belgium,Luxembourg,Friendly,2024-06-08,0.3818922514532783,0.34920191534766953,-0.08211738002594038,0.3744116380973521,0.4685673134214497,1
Denmark,Norway,Friendly,2024-06-08,-0.0007636410683249384,-0.053069392622510314,-0.29920557717250285,-0.26999452568725335,0.17741856102563375,1
Mexico,Brazil,Friendly,2024-06-08,-0.04663751781505865,-0.2957740164915341,0.3268482490272374,0.07184828740447169,-0.0005464571361744053,-1
Portugal,Croatia,Friendly,2024-06-08,0.05395756373205085,0.1594626785804154,-0.12062256809338523,0.22338646153693498,0.21328040435476892,-1
Spain,Northern Ireland,Friendly,2024-06-08,0.5097589229198605,0.35089668489203385,0.17858300907911773,0.3109050827479565,0.5076623979820805,1
Sweden,Serbia,Friendly,2024-06-08,-0.02642674669012801,0.041948303744505644,-0.10157263294422836,-0.04044759867639636,-0.053836414981711156,-1
Switzerland,Austria,Friendly,2024-06-08,0.03516945254662285,0.025576071184810978,-0.19844357976653693,-0.14191877765143734,0.02853152271772086,0
United States,Colombia,Friendly,2024-06-08,-0.08607982907856093,0.023517098296102823,0.11673151750972754,0.11778997927680024,-0.08152867173792344,-1
Argentina,Ecuador,Friendly,2024-06-09,0.17259655415020014,0.08924127779794278,0.07782101167315147,0.8787877171470875,0.792021906621355,1
France,Canada,Friendly,2024-06-09,0.1729427064454938,0.3243478964520663,0.19844357976653693,0.6087842791419064,0.6846818967032717,0
Czech Republic,North Macedonia,Friendly,2024-06-10,0.11914042344751707,0.19815162699714417,-0.058771076523994825,-0.13685303135083382,-0.2552704005231975,1
Netherlands,Iceland,Friendly,2024-06-10,0.35187622638844984,0.30994853307630654,0.04628728923476,0.3168169184513121,0.33360725878742264,1
Uganda,Algeria,FIFA World Cup qualification,2024-06-10,-0.28141638853872575,-0.4439777715249522,-0.14356355382619967,0.32365449537638236,0.00045350421092843485,-1
Chile,Paraguay,Friendly,2024-06-11,-0.07007687210075697,-0.05292816656448185,0.09768158236057067,0.5826824832453713,0.3971539549895872,1
Portugal,Republic of Ireland,Friendly,2024-06-11,0.2592638682324584,0.2032700647044523,0.030723086900129593,0.09659236421421391,0.2661644953211055,1
Cape Verde,Libya,FIFA World Cup qualification,2024-06-11,0.09444159025913823,0.17123174720615442,-0.16772049286640722,-1.1102230246251565e-16,-0.42875151483708746,1
Qatar,India,FIFA World Cup qualification,2024-06-11,0.21777331975229197,0.19261681926667373,-0.3505998702983139,0.14094039069622344,-0.198852276628324,1
Iran,Uzbekistan,FIFA World Cup qualification,2024-06-11,0.0295974546569282,0.18609244216234178,-1.1102230246251565e-16,0.09027855929996553,0.33153261159954844,0
Iraq,Vietnam,FIFA World Cup qualification,2024-06-11,0.12528670762880023,0.14512896214177484,-0.03542477302204938,0.10568095735082217,-0.3806641869716393,1
Saudi Arabia,Jordan,FIFA World Cup qualification,2024-06-11,-0.05528568923977706,0.15201594237243476,-0.19455252918287935,-0.2776613896518336,-0.031188518805234655,-1
Ecuador,Bolivia,Friendly,2024-06-12,0.24564698398656248,0.39812794300152987,-0.07433527885862512,-0.4614702003924588,-0.22077342145844248,1
United States,Brazil,Friendly,2024-06-12,-0.09327012829519044,-0.12688430737767709,0.1245136186770428,0.12226964889457914,-0.2278874138624717,0
Germany,Scotland,UEFA Euro,2024-06-14,0.1810276104252031,0.18676641163719054,0.1245136186770428,0.2673613181434553,0.6100814841880339,1
Argentina,Guatemala,Friendly,2024-06-14,0.38076691388495854,0.6551448714324066,0.0034857328145263544,0.4173175167546287,0.5712484851629125,1
Hungary,Switzerland,UEFA Euro,2024-06-15,-0.10822218453229748,-0.055288040297869934,0.16772049286640733,0.20812178054829622,0.14181187688508062,-1
Spain,Croatia,UEFA Euro,2024-06-15,0.2010063758695857,0.2192916385528929,0.027237354085602905,0.43769918007067754,0.45477830701574395,1
Colombia,Bolivia,Friendly,2024-06-15,0.28155290819552925,0.37187993782988205,-0.18328469520103763,0.20276256748556465,0.21100797451433678,1
Ecuador,Honduras,Friendly,2024-06-16,0.1847052054181091,0.4227191083907931,-0.07433527885862512,-0.4614702003924588,-0.22077342145844248,1
Serbia,England,UEFA Euro,2024-06-16,-0.186387910892853,-0.23717338747780614,-0.31866083009079116,-0.010072220312723479,-0.03505177597215409,-1
Poland,Netherlands,UEFA Euro,2024-06-16,-0.19067138487496038,-0.2125354431657871,-0.04628728923476,-0.3168169184513121,-0.33360725878742264,-1
Panama,Paraguay,Friendly,2024-06-16,0.02639189015563126,-0.1858953996904913,0.19844357976653693,0.5300728640045852,0.17207168412444046,-1
Austria,France,UEFA Euro,2024-06-17,-0.20791797324704575,-0.22468269274316954,-0.12062256809338523,-0.34007796118222966,-0.651191396724529,-1
Belgium,Slovakia,UEFA Euro,2024-06-17,0.1542782050092033,0.16265372737732076,-0.08211738002594038,0.3744116380973521,0.4685673134214497,-1
Portugal,Czech Republic,UEFA Euro,2024-06-18,0.21352163478855424,0.21281326303593318,0.08949416342412442,0.23344539556504773,0.5214348958443029,1
Germany,Hungary,UEFA Euro,2024-06-19,0.1939878515627358,0.1912905338166837,0.05796044098573272,0.19938066252610964,0.48850599103198206,1
Scotland,Switzerland,UEFA Euro,2024-06-19,-0.09526194339476479,-0.05076391811837677,0.10116731517509725,0.14014112493095054,0.020236383729028806,0
Croatia,Albania,UEFA Euro,2024-06-19,0.2487184590421121,0.14536328077508154,0.15134565499351482,-0.12679409732272107,0.05288409096633656,0
Spain,Italy,UEFA Euro,2024-06-20,0.2173958490144563,0.06200548511710746,0.17858300907911773,0.3109050827479565,0.5076623979820805,1
Denmark,England,UEFA Euro,2024-06-20,-0.1247587163148054,-0.20470304393242467,-0.31866083009079116,-0.010072220312723479,-0.03505177597215409,0
Argentina,Canada,Copa América,2024-06-20,0.2189745403632315,0.23760424114432954,0.05058365758754846,0.7522268376111643,0.7750823847444568,1
Poland,Austria,UEFA Euro,2024-06-21,-0.07029496482223552,-0.05951124800244534,-0.030723086900129593,0.06620300289685888,0.17034339960280148,-1
Netherlands,France,UEFA Euro,2024-06-21,-0.08754155319432089,-0.07165849757982778,-0.10505836575875482,0.04294196016594132,-0.14724073833430484,0
Belgium,Romania,UEFA Euro,2024-06-22,0.17552795948611588,0.17718898897082802,-0.08211738002594038,0.3744116380973521,0.4685673134214497,1
Georgia,Czech Republic,UEFA Euro,2024-06-22,-0.08032860762525029,0.017206250002812506,0.058771076523994825,0.13685303135083382,0.2552704005231975,0
Ecuador,Venezuela,Copa América,2024-06-22,0.13141330619825875,0.21853009995464978,-0.07433527885862512,-0.4614702003924588,-0.22077342145844248,-1
Mexico,Jamaica,Copa América,2024-06-22,0.1742224961128367,0.09818593650813723,0.13578145265888453,0.27013118527225743,0.3568202595027106,1
Germany,Switzerland,UEFA Euro,2024-06-23,0.08576566703043831,0.13600249351881377,0.22568093385214005,0.40750244307440586,0.6303178679170627,0
Scotland,Hungary,UEFA Euro,2024-06-23,0.012960241137532691,0.004524122179493162,-0.06655317769131008,-0.06798065561734568,-0.12157549315605182,-1
United States,Bolivia,Copa América,2024-06-23,0.19547307911696832,0.39539703612598487,-0.06655317769131008,0.3205525467623649,0.12947930277641334,1
Uruguay,Panama,Copa América,2024-06-23,0.06057264589551559,0.3445180936366232,-0.36186770428015563,0.14294720437757036,0.3793626613940711,1
Albania,Spain,UEFA Euro,2024-06-24,-0.4497248349116978,-0.36465491932797445,-0.17858300907911773,-0.3109050827479565,-0.5076623979820805,-1
Croatia,Italy,UEFA Euro,2024-06-24,0.016389473144870603,-0.15728615343578545,0.15134565499351482,-0.12679409732272107,0.05288409096633656,0
Colombia,Paraguay,Copa América,2024-06-24,0.14019313530484845,0.118057106477087,-0.08560311284046696,0.785445050730936,0.608161929503924,1
Brazil,Costa Rica,Copa América,2024-06-24,0.17423536023778308,0.4206013381833156,-0.1910667963683529,0.19828289786778575,0.35736671663888503,0
England,Slovenia,UEFA Euro,2024-06-25,0.23481478401832256,0.3228939172453975,0.31866083009079116,0.010072220312723479,0.03505177597215409,0
Netherlands,Austria,UEFA Euro,2024-06-25,0.12037642005272486,0.15302419516334176,0.015564202334630406,0.383019921348171,0.5039506583902241,-1
France,Poland,UEFA Euro,2024-06-25,0.27821293806928127,0.2841939407456149,0.15134565499351482,0.2738749582853708,0.4808479971217275,0
Peru,Canada,Copa América,2024-06-25,-0.15790452989483406,-0.19803522696834097,0.047097924773022104,0.3349093208565356,0.2038338995815443,-1
Chile,Argentina,Copa América,2024-06-25,-0.3469606373468388,-0.28647455601115945,-0.0034857328145263544,-0.4173175167546287,-0.5712484851629125,-1
Ukraine,Belgium,UEFA Euro,2024-06-26,-0.07217070105950629,-0.07289953190572529,0.08211738002594038,-0.3744116380973521,-0.4685673134214497,0
Georgia,Portugal,UEFA Euro,2024-06-26,-0.29385024241380453,-0.19560701303312067,-0.030723086900129593,-0.09659236421421391,-0.2661644953211055,1
Ecuador,Jamaica,Copa América,2024-06-26,0.17776379050229907,0.26980655249753926,-0.07433527885862512,-0.4614702003924588,-0.22077342145844248,1
Venezuela,Mexico,Copa América,2024-06-26,-0.12787201180879637,-0.046909483965247745,-0.13578145265888453,-0.27013118527225743,-0.3568202595027106,1
United States,Panama,Copa América,2024-06-27,0.027721416070656257,0.3274696044636811,-0.16731517509727634,0.373162166003151,0.3545615736415601,-1
Uruguay,Bolivia,Copa América,2024-06-27,0.22832430894182765,0.412445525298927,-0.2611057068741894,0.09033758513678425,0.15428039052892434,1
Colombia,Costa Rica,Copa América,2024-06-28,0.16704506102115357,0.27019993250953567,-0.18328469520103763,0.20276256748556465,0.21100797451433678,1
Paraguay,Brazil,Copa América,2024-06-28,-0.14738343452147795,-0.2684585121508669,0.09338521400778221,-0.780965381113157,-0.7545206716284723,-1
Switzerland,Italy,UEFA Euro,2024-06-29,-0.03208186000904667,-0.1320782575275663,-0.16772049286640733,-0.20812178054829622,-0.14181187688508062,1
Germany,Denmark,UEFA Euro,2024-06-29,0.09614678078492722,0.11814010922195717,0.05796044098573272,0.19938066252610964,0.48850599103198206,1
Argentina,Peru,Copa América,2024-06-29,0.37687907025806555,0.4356394681126705,0.0034857328145263544,0.4173175167546287,0.5712484851629125,1
Canada,Chile,Copa América,2024-06-29,0.1279860969836073,0.04887031486682991,-0.047097924773022104,-0.3349093208565356,-0.2038338995815443,0
England,Slovakia,UEFA Euro,2024-06-30,0.28635982977908947,0.33436120472303044,0.31866083009079116,0.010072220312723479,0.03505177597215409,1
Spain,Georgia,UEFA Euro,2024-06-30,0.4408990545513394,0.25543597300559817,0.17858300907911773,0.3109050827479565,0.5076623979820805,1
Mexico,Ecuador,Copa América,2024-06-30,-0.0035412943894623794,-0.17162061598940204,0.21011673151750965,0.7316013856647162,0.577593680961153,0
France,Belgium,UEFA Euro,2024-07-01,0.19045254290999258,0.14824867067478698,0.2334630350194552,-0.10053667981198133,0.012280683700277795,1
Portugal,Slovenia,UEFA Euro,2024-07-01,0.2228660783439742,0.2345832716883125,0.030723086900129593,0.09659236421421391,0.2661644953211055,0
United States,Uruguay,Copa América,2024-07-01,-0.03285122982485933,-0.017048489172942105,0.1945525291828793,0.23021496162558064,-0.024801087752510997,-1
Bolivia,Panama,Copa América,2024-07-01,-0.16775166304631206,-0.06792743166230375,-0.10076199740596625,0.05260961924078611,0.22508227086514676,-1
Romania,Netherlands,UEFA Euro,2024-07-02,-0.2784389492017876,-0.2537791620657872,-0.04628728923476,-0.3168169184513121,-0.33360725878742264,-1
Brazil,Colombia,Copa América,2024-07-02,0.007190299216629503,0.1504014056737799,-0.0077821011673152585,-0.004479669617778903,0.14635874212454825,0
Costa Rica,Paraguay,Copa América,2024-07-02,-0.026851925716305125,-0.15214282603244866,0.09768158236057067,0.5826824832453713,0.3971539549895872,1
Argentina,Ecuador,Copa América,2024-07-04,0.17259655415020014,0.08924127779794278,0.07782101167315147,0.8787877171470875,0.792021906621355,0
Germany,Spain,UEFA Euro,2024-07-05,-0.16371204199306466,-0.05808124912585999,-0.12062256809338501,-0.11152442022184683,-0.01915640695009846,-1
Portugal,France,UEFA Euro,2024-07-05,-0.07031962381445478,-0.0648518388861623,-0.12062256809338523,-0.17728259407115687,-0.214683501800622,0
Venezuela,Canada,Copa América,2024-07-05,-0.0850353199852274,-0.07016713660826301,0.047097924773022104,0.3349093208565356,0.2038338995815443,0
England,Switzerland,UEFA Euro,2024-07-06,0.11437760256031648,0.22256542822928127,0.4863813229571985,0.2181940008610197,0.1768636528572347,0
Uruguay,Brazil,Copa América,2024-07-06,-0.060418898470331106,-0.10983581820473498,-0.0700389105058365,-0.1079453127310015,-0.2030863261099607,0
Colombia,Panama,Copa América,2024-07-06,0.11380124514921719,0.3039525061675783,-0.2840466926070039,0.25537218672635076,0.43609024537948354,1
Spain,France,UEFA Euro,2024-07-09,0.07672918832308007,-0.005022878913684803,0.027237354085602905,0.03703012446258569,0.026814400860353027,1
Argentina,Canada,Copa América,2024-07-09,0.2189745403632315,0.23760424114432954,0.05058365758754846,0.7522268376111643,0.7750823847444568,1
Netherlands,England,UEFA Euro,2024-07-10,-0.029170635054214467,-0.09511730425075049,-0.27237354085603116,0.3067446981385886,0.29855548281526856,-1
Uruguay,Colombia,Copa América,2024-07-10,-0.0532285992537016,0.04056558746904493,-0.07782101167315175,-0.1124249823487804,-0.056727583985412444,-1
Canada,Uruguay,Copa América,2024-07-13,-0.029055311168296516,-0.16268054564378387,0.21400778210116728,-0.4252469059933198,-0.35811429011046864,0
Spain,England,UEFA Euro,2024-07-14,0.1351001064631865,-0.028481685584607508,-0.14007782101167343,0.300832862435233,0.47261062200992643,1
Argentina,Colombia,Copa América,2024-07-14,0.13669062994123338,0.1154892829695906,0.18677042801556398,0.21455494926906404,0.36024051064857576,1
Guatemala,Uruguay,Friendly,2024-09-01,-0.19084768469002356,-0.580221175931861,0.2611057068741894,-0.09033758513678425,-0.15428039052892434,0
Portugal,Croatia,UEFA Nations League,2024-09-05,0.05395756373205085,0.1594626785804154,-0.12062256809338523,0.22338646153693498,0.21328040435476892,1
Scotland,Poland,UEFA Nations League,2024-09-05,0.010202473974093573,0.034323401068879544,-0.06655317769131008,-0.06798065561734568,-0.12157549315605182,-1
Denmark,Switzerland,UEFA Nations League,2024-09-05,-0.010381113754488913,0.017862384296856604,0.16772049286640733,0.20812178054829622,0.14181187688508062,1
Serbia,Spain,UEFA Nations League,2024-09-05,-0.3214880173560395,-0.20869170189319863,-0.17858300907911773,-0.3109050827479565,-0.5076623979820805,0
Azerbaijan,Sweden,UEFA Nations League,2024-09-05,-0.30210235143448405,-0.3904115813321716,0.10157263294422836,0.04044759867639636,0.053836414981711156,-1
Argentina,Chile,FIFA World Cup qualification,2024-09-05,0.3469606373468388,0.28647455601115945,0.0034857328145263544,0.4173175167546287,0.5712484851629125,1
Qatar,United Arab Emirates,FIFA World Cup qualification,2024-09-05,-0.031993549577690406,-0.10667314929702165,-0.3505998702983139,0.14094039069622344,-0.198852276628324,-1
Iran,Kyrgyzstan,FIFA World Cup qualification,2024-09-05,0.3170062579746622,0.2366529136279305,0.015158884565499187,0.1555665259954644,0.024665203476906317,1
Iraq,Oman,FIFA World Cup qualification,2024-09-05,0.09941654091416541,0.15114706289080848,-0.03542477302204938,0.10568095735082217,-0.3806641869716393,1
Saudi Arabia,Indonesia,FIFA World Cup qualification,2024-09-05,0.1464498347566794,-0.035306005289330145,-0.16382944228274976,-0.17198043230101145,-0.09043492748667853,0
Egypt,Cape Verde,African Cup of Nations qualification,2024-09-06,0.12303898586659123,0.14657156987065267,0.019455252918287758,-0.28940551336780107,0.4534600584094862,1
South Africa,Uganda,African Cup of Nations qualification,2024-09-06,0.12821805172229994,0.225410881059394,-0.03153372243839181,-0.09532794883734286,-0.10633102558212842,0
Puerto Rico,Haiti,CONCACAF Nations League,2024-09-06,-0.1485607358465022,-0.431635653955031,0.08600843060959806,0.21016277076685297,0.349368116789524,-1
Belgium,Israel,UEFA Nations League,2024-09-06,0.20071954173707884,0.22212976542028073,-0.08211738002594038,0.3744116380973521,0.4685673134214497,1
France,Italy,UEFA Nations League,2024-09-06,0.14066666069137623,0.06702836403079226,0.15134565499351482,0.2738749582853708,0.4808479971217275,-1
Kazakhstan,Norway,UEFA Nations League,2024-09-06,-0.3273786039032107,-0.4574762075147727,-0.29920557717250285,-0.26999452568725335,0.17741856102563375,0
Slovenia,Austria,UEFA Nations League,2024-09-06,-0.08526772891138323,-0.07475241783130526,-0.030723086900129593,0.06620300289685888,0.17034339960280148,0
Peru,Colombia,FIFA World Cup qualification,2024-09-06,-0.24018844031683217,-0.3201501851430799,0.18328469520103763,-0.20276256748556465,-0.21100797451433678,0
Uruguay,Paraguay,FIFA World Cup qualification,2024-09-06,0.08696453605114685,0.15862269394613193,-0.1634241245136187,0.6730200683821556,0.5514343455185116,0
Brazil,Ecuador,FIFA World Cup qualification,2024-09-06,0.04309622342559627,0.12415340050213208,-0.11673151750972777,0.6597530982602445,0.5781401380973274,1
Mexico,New Zealand,Friendly,2024-09-07,0.17635682257611718,0.20789002152881864,0.13229571984435817,0.5595366986400586,0.6610362007546045,1
United States,Canada,Friendly,2024-09-07,-0.0037959186565628134,0.14563205647084176,-0.01945525291828798,0.6554618676189005,0.33331320235795764,-1
Germany,Hungary,UEFA Nations League,2024-09-07,0.1939878515627358,0.1912905338166837,0.05796044098573272,0.19938066252610964,0.48850599103198206,1
Georgia,Czech Republic,UEFA Nations League,2024-09-07,-0.08032860762525029,0.017206250002812506,0.058771076523994825,0.13685303135083382,0.2552704005231975,1
Republic of Ireland,England,UEFA Nations League,2024-09-07,-0.27121257390680675,-0.2915807102615373,-0.31866083009079116,-0.010072220312723479,-0.03505177597215409,-1
Portugal,Scotland,UEFA Nations League,2024-09-08,0.19769084028073292,0.18501870079057303,0.09727626459143968,0.16457301983155959,0.3877399884771573,1
Croatia,Poland,UEFA Nations League,2024-09-08,0.15393575052277564,0.05987942327903717,0.15134565499351482,-0.12679409732272107,0.05288409096633656,1
Switzerland,Spain,UEFA Nations League,2024-09-08,-0.24947770902350297,-0.19408374264467376,-0.34630350194552506,-0.5190268632962527,-0.6494742748671611,-1
Sweden,Estonia,UEFA Nations League,2024-09-08,0.316637435391232,0.42668095903131276,-0.10157263294422836,-0.04044759867639636,-0.053836414981711156,1
Ethiopia,DR Congo,African Cup of Nations qualification,2024-09-09,-0.27402431461202337,-0.411926110675771,-0.02683203631647213,1.1102230246251565e-16,0.29682823773658956,-1
France,Belgium,UEFA Nations League,2024-09-09,0.19045254290999258,0.14824867067478698,0.2334630350194552,-0.10053667981198133,0.012280683700277795,1
Norway,Austria,UEFA Nations League,2024-09-09,0.025551979860458873,0.0965078481041779,0.26848249027237325,0.3361975285841122,-0.007075161422832266,1
Mexico,Canada,Friendly,2024-09-10,0.04283669182356897,-0.02325765264301527,0.18287937743190663,0.605040506128793,0.5606541590842549,0
United States,New Zealand,Friendly,2024-09-10,0.1297242120959854,0.37677973064267567,-0.07003891050583644,0.6099580601301661,0.43369524402830717,0
Netherlands,Germany,UEFA Nations League,2024-09-10,-0.0005586995243362924,-0.008554369540282991,-0.011673151750972721,0.11743625592520246,-0.1548987322445594,0
Czech Republic,Ukraine,UEFA Nations League,2024-09-10,-0.02121801463351014,-0.056516899341583215,-0.058771076523994825,-0.13685303135083382,-0.2552704005231975,1
England,Finland,UEFA Nations League,2024-09-10,0.394117728904835,0.46244061444853246,0.31866083009079116,0.010072220312723479,0.03505177597215409,1
Colombia,Argentina,FIFA World Cup qualification,2024-09-10,-0.13669062994123338,-0.1154892829695906,-0.18677042801556398,-0.21455494926906404,-0.36024051064857576,1
Ecuador,Peru,FIFA World Cup qualification,2024-09-10,0.2042825161078654,0.34639819031472774,-0.07433527885862512,-0.4614702003924588,-0.22077342145844248,1
Venezuela,Uruguay,FIFA World Cup qualification,2024-09-10,-0.11409063115352391,-0.23284768225204688,0.2611057068741894,-0.09033758513678425,-0.15428039052892434,0
Paraguay,Brazil,FIFA World Cup qualification,2024-09-10,-0.14738343452147795,-0.2684585121508669,0.09338521400778221,-0.780965381113157,-0.7545206716284723,1
Kyrgyzstan,Uzbekistan,FIFA World Cup qualification,2024-09-10,-0.287408803317734,-0.05056047146558873,-0.015158884565499298,-0.06528796669549886,0.3068674081226421,-1
United Arab Emirates,Iran,FIFA World Cup qualification,2024-09-10,-0.16530239319551399,0.021193069094037842,-0.015158884565499187,-0.1555665259954644,-0.024665203476906317,-1
Oman,South Korea,FIFA World Cup qualification,2024-09-10,-0.18356993129493948,-0.40507802800743997,-0.10465304798962372,-0.039828067766032094,-0.0930664447053095,-1
Indonesia,Australia,FIFA World Cup qualification,2024-09-10,-0.3002084028874501,-0.026414640878182905,-0.2019293125810634,-0.04298648455556853,0.2572871708793568,0
Israel,France,UEFA Nations League,2024-10-10,-0.3911720846470714,-0.3703784360950677,-0.15134565499351482,-0.2738749582853708,-0.4808479971217275,-1
Italy,Belgium,UEFA Nations League,2024-10-10,0.04978588221861635,0.08122030664399471,0.08211738002594038,-0.3744116380973521,-0.4685673134214497,0
England,Greece,UEFA Nations League,2024-10-10,0.2065974889325446,0.23400790044598319,0.31866083009079116,0.010072220312723479,0.03505177597215409,-1
Austria,Kazakhstan,UEFA Nations League,2024-10-10,0.30182662404275185,0.3609683594105948,0.030723086900129593,-0.06620300289685888,-0.17034339960280148,1
Norway,Slovenia,UEFA Nations League,2024-10-10,0.11081970877184211,0.17126026593548316,0.29920557717250285,0.26999452568725335,-0.17741856102563375,1
Bolivia,Colombia,FIFA World Cup qualification,2024-10-10,-0.28155290819552925,-0.37187993782988205,0.18328469520103763,-0.20276256748556465,-0.21100797451433678,1
Ecuador,Paraguay,FIFA World Cup qualification,2024-10-10,0.10428721109588168,0.14430511164873483,0.023346303501945553,0.12121228285291252,0.17638053353114475,0
Venezuela,Argentina,FIFA World Cup qualification,2024-10-10,-0.3040098603484589,-0.30777137775259256,-0.0034857328145263544,-0.4173175167546287,-0.5712484851629125,0
Chile,Brazil,FIFA World Cup qualification,2024-10-10,-0.21746030662223492,-0.32138667871534876,0.1910667963683529,-0.19828289786778575,-0.35736671663888503,-1
Qatar,Kyrgyzstan,FIFA World Cup qualification,2024-10-10,0.1197103152014578,0.1511728334249467,-0.3505998702983139,0.14094039069622344,-0.198852276628324,1
Uzbekistan,Iran,FIFA World Cup qualification,2024-10-10,-0.0295974546569282,-0.18609244216234178,1.1102230246251565e-16,-0.09027855929996553,-0.33153261159954844,0
Jordan,South Korea,FIFA World Cup qualification,2024-10-10,-0.08502060098367137,-0.3478076470610758,-0.07392996108949412,0.06585288958479008,-0.15231285338675338,-1
Saudi Arabia,Japan,FIFA World Cup qualification,2024-10-10,-0.22308065858153436,-0.29669852662973195,-0.33852140077821014,-0.2959659948615685,-0.28111816673772205,-1
Tunisia,Comoros,African Cup of Nations qualification,2024-10-11,0.2372680171364523,0.16598302995672576,-0.03931582360570696,-0.1195876443996069,0.2696076331311386,-1
Hungary,Netherlands,UEFA Nations League,2024-10-11,-0.1934291520383995,-0.18273616427640071,-0.04628728923476,-0.3168169184513121,-0.33360725878742264,0
Czech Republic,Albania,UEFA Nations League,2024-10-11,0.08915438798560871,0.09201269631956377,-0.058771076523994825,-0.13685303135083382,-0.2552704005231975,1
Slovakia,Sweden,UEFA Nations League,2024-10-11,-0.07354517219610845,-0.13913612098972994,0.10157263294422836,0.04044759867639636,0.053836414981711156,0
Peru,Uruguay,FIFA World Cup qualification,2024-10-11,-0.18695984106313057,-0.36071577261212484,0.2611057068741894,-0.09033758513678425,-0.15428039052892434,1
United States,Panama,Friendly,2024-10-12,0.027721416070656257,0.3274696044636811,-0.16731517509727634,0.373162166003151,0.3545615736415601,1
Croatia,Scotland,UEFA Nations League,2024-10-12,0.14373327654868207,0.025556022210157625,0.2178988326848249,-0.05881344170537539,0.17445958412238838,1
Poland,Portugal,UEFA Nations League,2024-10-12,-0.2078933142548265,-0.21934210185945258,-0.030723086900129593,-0.09659236421421391,-0.2661644953211055,-1
Serbia,Switzerland,UEFA Nations League,2024-10-12,-0.07201030833253652,-0.014607959248524871,0.16772049286640733,0.20812178054829622,0.14181187688508062,1
Spain,Denmark,UEFA Nations League,2024-10-12,0.2598588227779919,0.17622135834781716,0.17858300907911773,0.3109050827479565,0.5076623979820805,1
Finland,England,UEFA Nations League,2024-10-13,-0.394117728904835,-0.46244061444853246,-0.31866083009079116,-0.010072220312723479,-0.03505177597215409,-1
Austria,Norway,UEFA Nations League,2024-10-13,-0.025551979860458873,-0.0965078481041779,-0.26848249027237325,-0.3361975285841122,0.007075161422832266,1
New Zealand,Malaysia,Friendly,2024-10-14,0.049439889313330765,0.14825307466969484,0.0034857328145263544,-0.2894055133678012,-0.30421594125189383,1
Belgium,France,UEFA Nations League,2024-10-14,-0.19045254290999258,-0.14824867067478698,-0.2334630350194552,0.10053667981198133,-0.012280683700277795,-1
Germany,Netherlands,UEFA Nations League,2024-10-14,0.0005586995243362924,0.008554369540282991,0.011673151750972721,-0.11743625592520246,0.1548987322445594,1
Ukraine,Czech Republic,UEFA Nations League,2024-10-14,0.02121801463351014,0.056516899341583215,0.058771076523994825,0.13685303135083382,0.2552704005231975,0
Estonia,Sweden,UEFA Nations League,2024-10-14,-0.316637435391232,-0.42668095903131276,0.10157263294422836,0.04044759867639636,0.053836414981711156,-1
Canada,Panama,Friendly,2024-10-15,0.03151733472721907,0.18183754799283935,-0.14785992217898836,-0.28229970161574947,0.021248371283602463,1
Mexico,United States,Friendly,2024-10-15,0.046632610480131786,-0.16888970911385703,0.2023346303501946,-0.05042136149010745,0.22734095672629728,1
Comoros,Tunisia,African Cup of Nations qualification,2024-10-15,-0.2372680171364523,-0.16598302995672576,0.03931582360570696,0.1195876443996069,-0.2696076331311386,0
Scotland,Portugal,UEFA Nations League,2024-10-15,-0.19769084028073292,-0.18501870079057303,-0.09727626459143968,-0.16457301983155959,-0.3877399884771573,0
Poland,Croatia,UEFA Nations League,2024-10-15,-0.15393575052277564,-0.05987942327903717,-0.15134565499351482,0.12679409732272107,-0.05288409096633656,0
Spain,Serbia,UEFA Nations League,2024-10-15,0.3214880173560395,0.20869170189319863,0.17858300907911773,0.3109050827479565,0.5076623979820805,1
Switzerland,Denmark,UEFA Nations League,2024-10-15,0.010381113754488913,-0.017862384296856604,-0.16772049286640733,-0.20812178054829622,-0.14181187688508062,0
Colombia,Chile,FIFA World Cup qualification,2024-10-15,0.21027000740560542,0.17098527304156885,-0.18328469520103763,0.20276256748556465,0.21100797451433678,1
Paraguay,Venezuela,FIFA World Cup qualification,2024-10-15,0.027126095102377068,0.07422498830591495,-0.09768158236057067,-0.5826824832453713,-0.3971539549895872,1
Uruguay,Ecuador,FIFA World Cup qualification,2024-10-15,-0.017322675044734837,0.014317582297397102,-0.18677042801556426,0.551807785529243,0.3750538119873668,0
Argentina,Bolivia,FIFA World Cup qualification,2024-10-15,0.4182435381367626,0.48736922079947265,0.0034857328145263544,0.4173175167546287,0.5712484851629125,1
Brazil,Peru,FIFA World Cup qualification,2024-10-15,0.24737873953346168,0.4705515908168598,-0.1910667963683529,0.19828289786778575,0.35736671663888503,1
Uzbekistan,United Arab Emirates,FIFA World Cup qualification,2024-10-15,0.13570493853858578,-0.20728551125637962,0.015158884565499298,0.06528796669549886,-0.3068674081226421,1
Iran,Qatar,FIFA World Cup qualification,2024-10-15,0.1972959427732044,0.08548008020298381,0.3657587548638131,0.01462613529924095,0.22351748010523032,1
Jordan,Oman,FIFA World Cup qualification,2024-10-15,0.09854933031126811,0.05727038094636416,0.030723086900129593,0.10568095735082217,-0.059246408681443874,1
South Korea,Iraq,FIFA World Cup qualification,2024-10-15,0.08415339038077407,0.2539309651166315,0.1400778210116731,-0.06585288958479008,0.4737306316769488,1
Japan,Australia,FIFA World Cup qualification,2024-10-15,0.06932209045076365,0.2349778804622189,-0.027237354085603016,0.08099907800498851,0.44797041013040034,0
Belgium,Italy,UEFA Nations League,2024-11-14,-0.04978588221861635,-0.08122030664399471,-0.08211738002594038,0.3744116380973521,0.4685673134214497,-1
France,Israel,UEFA Nations League,2024-11-14,0.3911720846470714,0.3703784360950677,0.15134565499351482,0.2738749582853708,0.4808479971217275,0
Greece,England,UEFA Nations League,2024-11-14,-0.2065974889325446,-0.23400790044598319,-0.31866083009079116,-0.010072220312723479,-0.03505177597215409,-1
Kazakhstan,Austria,UEFA Nations League,2024-11-14,-0.30182662404275185,-0.3609683594105948,-0.030723086900129593,0.06620300289685888,0.17034339960280148,-1
Slovenia,Norway,UEFA Nations League,2024-11-14,-0.11081970877184211,-0.17126026593548316,-0.29920557717250285,-0.26999452568725335,0.17741856102563375,-1
Costa Rica,Panama,CONCACAF Nations League,2024-11-14,-0.053243815871936384,0.03375257365804263,-0.10076199740596625,0.05260961924078611,0.22508227086514676,-1
Jamaica,United States,CONCACAF Nations League,2024-11-14,-0.1275898856327049,-0.26707564562199426,0.06655317769131008,-0.3205525467623649,-0.12947930277641334,-1
Venezuela,Brazil,FIFA World Cup qualification,2024-11-14,-0.17450952962385502,-0.34268350045678186,0.1910667963683529,-0.19828289786778575,-0.35736671663888503,0
Ecuador,Bolivia,FIFA World Cup qualification,2024-11-14,0.24564698398656248,0.39812794300152987,-0.07433527885862512,-0.4614702003924588,-0.22077342145844248,1
Paraguay,Argentina,FIFA World Cup qualification,2024-11-14,-0.2768837652460818,-0.2335463894466776,-0.10116731517509703,-1.0,-0.9684024401524998,1
Qatar,Uzbekistan,FIFA World Cup qualification,2024-11-14,-0.1676984881162762,0.10061236195935797,-0.3657587548638132,0.07565242400072458,0.10801513149431813,1
Iraq,Jordan,FIFA World Cup qualification,2024-11-14,0.0008672106028972948,0.09387668194444432,-0.06614785992217898,0.0,-0.3214177782901954,0
Australia,Saudi Arabia,FIFA World Cup qualification,2024-11-14,0.1537585681307707,0.06172064616751305,0.36575875486381315,0.21496691685657998,-0.1668522433926783,0
Portugal,Poland,UEFA Nations League,2024-11-15,0.2078933142548265,0.21934210185945258,0.030723086900129593,0.09659236421421391,0.2661644953211055,1
Scotland,Croatia,UEFA Nations League,2024-11-15,-0.14373327654868207,-0.025556022210157625,-0.2178988326848249,0.05881344170537539,-0.17445958412238838,1
Denmark,Spain,UEFA Nations League,2024-11-15,-0.2598588227779919,-0.17622135834781716,-0.17858300907911773,-0.3109050827479565,-0.5076623979820805,-1
Switzerland,Serbia,UEFA Nations League,2024-11-15,0.07201030833253652,0.014607959248524871,-0.16772049286640733,-0.20812178054829622,-0.14181187688508062,0
Honduras,Mexico,CONCACAF Nations League,2024-11-15,-0.1811639110286467,-0.25109849240139104,-0.13578145265888453,-0.27013118527225743,-0.3568202595027106,1
Uruguay,Colombia,FIFA World Cup qualification,2024-11-15,-0.0532285992537016,0.04056558746904493,-0.07782101167315175,-0.1124249823487804,-0.056727583985412444,1
Indonesia,Japan,FIFA World Cup qualification,2024-11-15,-0.36953049333821375,-0.2613925213404018,-0.17469195849546038,-0.12398556256055704,-0.19068323925104352,-1
Cape Verde,Egypt,African Cup of Nations qualification,2024-11-15,-0.12303898586659123,-0.14657156987065267,-0.019455252918287758,0.28940551336780107,-0.4534600584094862,0
Uganda,South Africa,African Cup of Nations qualification,2024-11-15,-0.12821805172229994,-0.225410881059394,0.03153372243839181,0.09532794883734286,0.10633102558212842,-1
Netherlands,Hungary,UEFA Nations League,2024-11-16,0.1934291520383995,0.18273616427640071,0.04628728923476,0.3168169184513121,0.33360725878742264,1
Albania,Czech Republic,UEFA Nations League,2024-11-16,-0.08915438798560871,-0.09201269631956377,0.058771076523994825,0.13685303135083382,0.2552704005231975,0
Sweden,Slovakia,UEFA Nations League,2024-11-16,0.07354517219610845,0.13913612098972994,-0.10157263294422836,-0.04044759867639636,-0.053836414981711156,1
Israel,Belgium,UEFA Nations League,2024-11-17,-0.20071954173707884,-0.22212976542028073,0.08211738002594038,-0.3744116380973521,-0.4685673134214497,1
Italy,France,UEFA Nations League,2024-11-17,-0.14066666069137623,-0.06702836403079226,-0.15134565499351482,-0.2738749582853708,-0.4808479971217275,-1
England,Republic of Ireland,UEFA Nations League,2024-11-17,0.27121257390680675,0.2915807102615373,0.31866083009079116,0.010072220312723479,0.03505177597215409,1
Norway,Kazakhstan,UEFA Nations League,2024-11-17,0.3273786039032107,0.4574762075147727,0.29920557717250285,0.26999452568725335,-0.17741856102563375,1
Austria,Slovenia,UEFA Nations League,2024-11-17,0.08526772891138323,0.07475241783130526,0.030723086900129593,-0.06620300289685888,-0.17034339960280148,0
Croatia,Portugal,UEFA Nations League,2024-11-18,-0.05395756373205085,-0.1594626785804154,0.12062256809338523,-0.22338646153693498,-0.21328040435476892,0
Poland,Scotland,UEFA Nations League,2024-11-18,-0.010202473974093573,-0.034323401068879544,0.06655317769131008,0.06798065561734568,0.12157549315605182,-1
Spain,Switzerland,UEFA Nations League,2024-11-18,0.24947770902350297,0.19408374264467376,0.34630350194552506,0.5190268632962527,0.6494742748671611,1
Puerto Rico,Haiti,CONCACAF Nations League,2024-11-18,-0.1485607358465022,-0.431635653955031,0.08600843060959806,0.21016277076685297,0.349368116789524,-1
Panama,Costa Rica,CONCACAF Nations League,2024-11-18,0.053243815871936384,-0.03375257365804263,0.10076199740596625,-0.05260961924078611,-0.22508227086514676,0
United States,Jamaica,CONCACAF Nations League,2024-11-18,0.1275898856327049,0.26707564562199426,-0.06655317769131008,0.3205525467623649,0.12947930277641334,1
Hungary,Germany,UEFA Nations League,2024-11-19,-0.1939878515627358,-0.1912905338166837,-0.05796044098573272,-0.19938066252610964,-0.48850599103198206,0
Czech Republic,Georgia,UEFA Nations League,2024-11-19,0.08032860762525029,-0.017206250002812506,-0.058771076523994825,-0.13685303135083382,-0.2552704005231975,1
Sweden,Azerbaijan,UEFA Nations League,2024-11-19,0.30210235143448405,0.3904115813321716,-0.10157263294422836,-0.04044759867639636,-0.053836414981711156,1
Mexico,Honduras,CONCACAF Nations League,2024-11-19,0.1811639110286467,0.25109849240139104,0.13578145265888453,0.27013118527225743,0.3568202595027106,1
Bolivia,Paraguay,FIFA World Cup qualification,2024-11-19,-0.1413597728906808,-0.25382283135279504,0.09768158236057067,0.5826824832453713,0.3971539549895872,0
Colombia,Ecuador,FIFA World Cup qualification,2024-11-19,0.035905924208966766,-0.026248005171647826,-0.10894941634241251,0.6642327678780234,0.43178139597277926,-1
Argentina,Peru,FIFA World Cup qualification,2024-11-19,0.37687907025806555,0.4356394681126705,0.0034857328145263544,0.4173175167546287,0.5712484851629125,1
Brazil,Uruguay,FIFA World Cup qualification,2024-11-19,0.060418898470331106,0.10983581820473498,0.0700389105058365,0.1079453127310015,0.2030863261099607,0
Kyrgyzstan,Iran,FIFA World Cup qualification,2024-11-19,-0.3170062579746622,-0.2366529136279305,-0.015158884565499187,-0.1555665259954644,-0.024665203476906317,-1
United Arab Emirates,Qatar,FIFA World Cup qualification,2024-11-19,0.031993549577690406,0.10667314929702165,0.3505998702983139,-0.14094039069622344,0.198852276628324,1
Oman,Iraq,FIFA World Cup qualification,2024-11-19,-0.09941654091416541,-0.15114706289080848,0.03542477302204938,-0.10568095735082217,0.3806641869716393,-1
Indonesia,Saudi Arabia,FIFA World Cup qualification,2024-11-19,-0.1464498347566794,0.035306005289330145,0.16382944228274976,0.17198043230101145,0.09043492748667853,1
DR Congo,Ethiopia,African Cup of Nations qualification,2024-11-19,0.27402431461202337,0.411926110675771,0.02683203631647213,-1.1102230246251565e-16,-0.29682823773658956,-1
Qatar,United Arab Emirates,Gulf Cup,2024-12-21,-0.031993549577690406,-0.10667314929702165,-0.3505998702983139,0.14094039069622344,-0.198852276628324,0
Oman,Qatar,Gulf Cup,2024-12-24,0.0062779010911449,-0.14510210779123245,0.3505998702983139,-0.14094039069622344,0.198852276628324,1
Iraq,Saudi Arabia,Gulf Cup,2024-12-28,0.05615289984267435,-0.05813926042799045,0.12840466926070038,0.2776613896518336,-0.29022925948496076,-1
Oman,Saudi Arabia,Gulf Cup,2024-12-31,-0.043263641071491055,-0.20928632331879893,0.16382944228274976,0.17198043230101145,0.09043492748667853,1
United States,Venezuela,Friendly,2025-01-18,0.08123940132866458,0.21579919307910478,-0.06655317769131008,0.3205525467623649,0.12947930277641334,1
United States,Costa Rica,Friendly,2025-01-22,0.08096523194259264,0.2937170308056385,-0.06655317769131008,0.3205525467623649,0.12947930277641334,1
Uzbekistan,Jordan,Friendly,2025-01-22,0.06287125671386318,-0.01278063511448968,-0.015564202334630295,-0.04039299065532331,-0.24762099944119825,0
Chile,Panama,Friendly,2025-02-08,-0.09646876225638823,0.13296723312600944,-0.10076199740596625,0.05260961924078611,0.22508227086514676,1
Canada,Mexico,CONCACAF Nations League,2025-03-20,-0.04283669182356897,0.02325765264301527,-0.18287937743190663,-0.605040506128793,-0.5606541590842549,-1
United States,Panama,CONCACAF Nations League,2025-03-20,0.027721416070656257,0.3274696044636811,-0.16731517509727634,0.373162166003151,0.3545615736415601,-1
Croatia,France,UEFA Nations League,2025-03-20,-0.12427718754650563,-0.2243145174665777,0.0,-0.40066905560809185,-0.4279639061553909,1
Denmark,Portugal,UEFA Nations League,2025-03-20,-0.11281001064045704,-0.11639239837533966,-0.030723086900129593,-0.09659236421421391,-0.2661644953211055,1
Italy,Germany,UEFA Nations League,2025-03-20,-0.05368380702139164,-0.003924235991247471,-0.05796044098573272,-0.19938066252610964,-0.48850599103198206,-1
Netherlands,Spain,UEFA Nations League,2025-03-20,-0.16427074151740095,-0.06663561866614298,-0.13229571984435773,0.005911835703355628,-0.17405513919465787,0
Austria,Serbia,UEFA Nations League,2025-03-20,0.03684085578591367,-0.010968111936286107,0.030723086900129593,-0.06620300289685888,-0.17034339960280148,0
Greece,Scotland,UEFA Nations League,2025-03-20,0.0030420570225366816,0.039321445901674856,0.06655317769131008,0.06798065561734568,0.12157549315605182,-1
Ukraine,Belgium,UEFA Nations League,2025-03-20,-0.07217070105950629,-0.07289953190572529,0.08211738002594038,-0.3744116380973521,-0.4685673134214497,1
Paraguay,Chile,FIFA World Cup qualification,2025-03-20,0.07007687210075697,0.05292816656448185,-0.09768158236057067,-0.5826824832453713,-0.3971539549895872,1
Brazil,Colombia,FIFA World Cup qualification,2025-03-20,0.007190299216629503,0.1504014056737799,-0.0077821011673152585,-0.004479669617778903,0.14635874212454825,1
Iran,United Arab Emirates,FIFA World Cup qualification,2025-03-20,0.16530239319551399,-0.021193069094037842,0.015158884565499187,0.1555665259954644,0.024665203476906317,1
Uzbekistan,Kyrgyzstan,FIFA World Cup qualification,2025-03-20,0.287408803317734,0.05056047146558873,0.015158884565499298,0.06528796669549886,-0.3068674081226421,1
South Korea,Oman,FIFA World Cup qualification,2025-03-20,0.18356993129493948,0.40507802800743997,0.10465304798962372,0.039828067766032094,0.0930664447053095,0
Australia,Indonesia,FIFA World Cup qualification,2025-03-20,0.3002084028874501,0.026414640878182905,0.2019293125810634,0.04298648455556853,-0.2572871708793568,1
Northern Ireland,Switzerland,Friendly,2025-03-21,-0.2602812138963575,-0.1568129422473601,0.16772049286640733,0.20812178054829622,0.14181187688508062,0
Ecuador,Venezuela,FIFA World Cup qualification,2025-03-21,0.13141330619825875,0.21853009995464978,-0.07433527885862512,-0.4614702003924588,-0.22077342145844248,1
Uruguay,Argentina,FIFA World Cup qualification,2025-03-21,-0.18991922919493498,-0.07492369550054567,-0.26459143968871573,-0.32697993161784444,-0.4169680946339882,-1
New Zealand,Fiji,FIFA World Cup qualification,2025-03-21,0.15149909475993217,0.2918722486445282,0.0034857328145263544,-0.2894055133678012,-0.30421594125189383,1
Ethiopia,Egypt,FIFA World Cup qualification,2025-03-21,-0.3278445057146333,-0.5199208994920057,0.14826523994811946,0.2894055133678012,-0.024708543572398767,-1
England,Albania,FIFA World Cup qualification,2025-03-21,0.3146247284485113,0.39313660491258196,0.31866083009079116,0.010072220312723479,0.03505177597215409,1
Azerbaijan,Haiti,Friendly,2025-03-22,-0.2594328306796272,-0.050733100891260374,0.08600843060959806,0.21016277076685297,0.349368116789524,-1
Luxembourg,Sweden,Friendly,2025-03-22,-0.30115921864018347,-0.3256843089600787,0.10157263294422836,0.04044759867639636,0.053836414981711156,1
Moldova,Norway,FIFA World Cup qualification,2025-03-22,-0.45962670152004725,-0.4816916430756697,-0.29920557717250285,-0.26999452568725335,0.17741856102563375,-1
Czech Republic,Faroe Islands,FIFA World Cup qualification,2025-03-22,0.2969069534447879,0.43824670112179875,-0.058771076523994825,-0.13685303135083382,-0.2552704005231975,1
United States,Canada,CONCACAF Nations League,2025-03-23,-0.0037959186565628134,0.14563205647084176,-0.01945525291828798,0.6554618676189005,0.33331320235795764,-1
Panama,Mexico,CONCACAF Nations League,2025-03-23,-0.07435402655078804,-0.15857989534982408,-0.035019455252918275,-0.32274080451304354,-0.5819025303678573,-1
France,Croatia,UEFA Nations League,2025-03-23,0.12427718754650563,0.2243145174665777,0.0,0.40066905560809185,0.4279639061553909,1
Germany,Italy,UEFA Nations League,2025-03-23,0.05368380702139164,0.003924235991247471,0.05796044098573272,0.19938066252610964,0.48850599103198206,0
Portugal,Denmark,UEFA Nations League,2025-03-23,0.11281001064045704,0.11639239837533966,0.030723086900129593,0.09659236421421391,0.2661644953211055,1
Spain,Netherlands,UEFA Nations League,2025-03-23,0.16427074151740095,0.06663561866614298,0.13229571984435773,-0.005911835703355628,0.17405513919465787,0
Belgium,Ukraine,UEFA Nations League,2025-03-23,0.07217070105950629,0.07289953190572529,-0.08211738002594038,0.3744116380973521,0.4685673134214497,1
Scotland,Greece,UEFA Nations League,2025-03-23,-0.0030420570225366816,-0.039321445901674856,-0.06655317769131008,-0.06798065561734568,-0.12157549315605182,-1
Serbia,Austria,UEFA Nations League,2025-03-23,-0.03684085578591367,0.010968111936286107,-0.030723086900129593,0.06620300289685888,0.17034339960280148,1
England,Latvia,FIFA World Cup qualification,2025-03-24,0.5857771377858503,0.6037758170675782,0.31866083009079116,0.010072220312723479,0.03505177597215409,1
Sweden,Northern Ireland,Friendly,2025-03-25,0.16184415887369297,0.18415328674334086,-0.10157263294422836,-0.04044759867639636,-0.053836414981711156,1
Switzerland,Luxembourg,Friendly,2025-03-25,0.399596273662848,0.29834396446409794,-0.16772049286640733,-0.20812178054829622,-0.14181187688508062,1
Bolivia,Uruguay,FIFA World Cup qualification,2025-03-25,-0.22832430894182765,-0.412445525298927,0.2611057068741894,-0.09033758513678425,-0.15428039052892434,0
Colombia,Paraguay,FIFA World Cup qualification,2025-03-25,0.14019313530484845,0.118057106477087,-0.08560311284046696,0.785445050730936,0.608161929503924,0
Argentina,Brazil,FIFA World Cup qualification,2025-03-25,0.12950033072460387,-0.03491212270418931,0.19455252918287924,0.21903461888684295,0.21388176852402752,1
Chile,Ecuador,FIFA World Cup qualification,2025-03-25,-0.17436408319663865,-0.19723327821321668,0.07433527885862512,0.4614702003924588,0.22077342145844248,0
Iran,Uzbekistan,FIFA World Cup qualification,2025-03-25,0.0295974546569282,0.18609244216234178,-1.1102230246251565e-16,0.09027855929996553,0.33153261159954844,0
Kyrgyzstan,Qatar,FIFA World Cup qualification,2025-03-25,-0.1197103152014578,-0.1511728334249467,0.3505998702983139,-0.14094039069622344,0.198852276628324,1
South Korea,Jordan,FIFA World Cup qualification,2025-03-25,0.08502060098367137,0.3478076470610758,0.07392996108949412,-0.06585288958479008,0.15231285338675338,0
Japan,Saudi Arabia,FIFA World Cup qualification,2025-03-25,0.22308065858153436,0.29669852662973195,0.33852140077821014,0.2959659948615685,0.28111816673772205,0
Israel,Norway,FIFA World Cup qualification,2025-03-25,-0.20880609126048455,-0.24220359145607606,-0.29920557717250285,-0.26999452568725335,0.17741856102563375,-1
Gibraltar,Czech Republic,FIFA World Cup qualification,2025-03-25,-0.5282260958368654,-0.6654153095362245,0.058771076523994825,0.13685303135083382,0.2552704005231975,-1
Nigeria,Ghana,Unity Cup,2025-05-28,0.18018719501814418,0.010821959873970055,0.12491893644617391,0.22471299186885063,0.19908157568017865,1
Malaysia,Cape Verde,Friendly,2025-05-29,-0.03548125616562081,-0.24667480649517515,0.16772049286640722,1.1102230246251565e-16,0.42875151483708746,0
Saudi Arabia,Jordan,Friendly,2025-05-30,-0.05528568923977706,0.15201594237243476,-0.19455252918287935,-0.2776613896518336,-0.031188518805234655,1
Malaysia,Cape Verde,Friendly,2025-06-03,-0.03548125616562081,-0.24667480649517515,0.16772049286640722,1.1102230246251565e-16,0.42875151483708746,-1
Germany,Portugal,UEFA Nations League,2025-06-04,-0.016663229855529815,0.0017477108466175117,0.027237354085603127,0.10278829831189573,0.22234149571087658,-1
Spain,France,UEFA Nations League,2025-06-05,0.07672918832308007,-0.005022878913684803,0.027237354085602905,0.03703012446258569,0.026814400860353027,1
Ecuador,Brazil,FIFA World Cup qualification,2025-06-05,-0.04309622342559627,-0.12415340050213208,0.11673151750972777,-0.6597530982602445,-0.5781401380973274,0
Paraguay,Uruguay,FIFA World Cup qualification,2025-06-05,-0.08696453605114685,-0.15862269394613193,0.1634241245136187,-0.6730200683821556,-0.5514343455185116,1
Chile,Argentina,FIFA World Cup qualification,2025-06-05,-0.3469606373468388,-0.28647455601115945,-0.0034857328145263544,-0.4173175167546287,-0.5712484851629125,-1
United Arab Emirates,Uzbekistan,FIFA World Cup qualification,2025-06-05,-0.13570493853858578,0.20728551125637962,-0.015158884565499298,-0.06528796669549886,0.3068674081226421,0
Qatar,Iran,FIFA World Cup qualification,2025-06-05,-0.1972959427732044,-0.08548008020298381,-0.3657587548638131,-0.01462613529924095,-0.22351748010523032,1
Oman,Jordan,FIFA World Cup qualification,2025-06-05,-0.09854933031126811,-0.05727038094636416,-0.030723086900129593,-0.10568095735082217,0.059246408681443874,-1
Iraq,South Korea,FIFA World Cup qualification,2025-06-05,-0.08415339038077407,-0.2539309651166315,-0.1400778210116731,0.06585288958479008,-0.4737306316769488,-1
Australia,Japan,FIFA World Cup qualification,2025-06-05,-0.06932209045076365,-0.2349778804622189,0.027237354085603016,-0.08099907800498851,-0.44797041013040034,1
Hungary,Sweden,Friendly,2025-06-06,-0.00978512950963295,-0.0826283847938507,0.10157263294422836,0.04044759867639636,0.053836414981711156,-1
Morocco,Tunisia,Friendly,2025-06-06,0.2029386821756336,0.24463843167821642,0.2801556420233464,-0.06307520847870651,-0.1930788113320948,1
Republic of Ireland,Senegal,Friendly,2025-06-06,-0.2228517382028099,-0.12754286518213132,-0.1980382619974057,0.02682998486149657,0.10321945587553266,0
Scotland,Iceland,Friendly,2025-06-06,0.17140731548758303,0.131736490979399,-0.06655317769131008,-0.06798065561734568,-0.12157549315605182,-1
Colombia,Peru,FIFA World Cup qualification,2025-06-06,0.24018844031683217,0.3201501851430799,-0.18328469520103763,0.20276256748556465,0.21100797451433678,0
Norway,Italy,FIFA World Cup qualification,2025-06-06,-0.041699332695210645,-0.06114648060819938,0.29920557717250285,0.26999452568725335,-0.17741856102563375,1
North Macedonia,Belgium,FIFA World Cup qualification,2025-06-06,-0.2125291391405335,-0.3275680582444527,0.08211738002594038,-0.3744116380973521,-0.4685673134214497,0
Czech Republic,Montenegro,FIFA World Cup qualification,2025-06-06,0.22011079556200763,0.14507776656169646,-0.058771076523994825,-0.13685303135083382,-0.2552704005231975,1
Gibraltar,Croatia,FIFA World Cup qualification,2025-06-06,-0.6877901668933688,-0.7187658939917423,-0.15134565499351482,0.12679409732272107,-0.05288409096633656,-1
Mexico,Switzerland,Friendly,2025-06-07,0.042642506078498066,-0.148498927536723,0.30350194552529186,0.47825296582055365,0.49863213638779125,-1
Finland,Netherlands,FIFA World Cup qualification,2025-06-07,-0.3649470938506205,-0.36732331019778197,-0.04628728923476,-0.3168169184513121,-0.33360725878742264,-1
Austria,Romania,FIFA World Cup qualification,2025-06-07,0.1580625291490627,0.10075496690244545,0.030723086900129593,-0.06620300289685888,-0.17034339960280148,1
Andorra,England,FIFA World Cup qualification,2025-06-07,-0.7411285380375909,-0.8222341714377075,-0.31866083009079116,-0.010072220312723479,-0.03505177597215409,-1
Canada,Ukraine,Canadian Shield,2025-06-07,0.08968053752400507,-0.10319969387155403,-0.047097924773022104,-0.3349093208565356,-0.2038338995815443,1
Ivory Coast,New Zealand,Canadian Shield,2025-06-07,0.10392810954070586,0.34356477961645426,0.023346303501945553,0.16981786896819429,0.2601630493907532,-1
Germany,France,UEFA Nations League,2025-06-08,-0.0869828536699846,-0.0631041280395448,-0.0933852140077821,-0.07449429575926114,0.007657993910254568,-1
Portugal,Spain,UEFA Nations League,2025-06-08,-0.14704881213753485,-0.0598289599724775,-0.14785992217898813,-0.21431271853374256,-0.24149790266097504,0
Georgia,Cape Verde,Friendly,2025-06-08,-0.04374839588250734,0.19661498687913692,0.16772049286640722,1.1102230246251565e-16,0.42875151483708746,0
Estonia,Norway,FIFA World Cup qualification,2025-06-09,-0.40545701772773257,-0.4702723914546989,-0.29920557717250285,-0.26999452568725335,0.17741856102563375,-1
Belgium,Wales,FIFA World Cup qualification,2025-06-09,0.10740130310740192,0.10152657834803236,-0.08211738002594038,0.3744116380973521,0.4685673134214497,1
Croatia,Czech Republic,FIFA World Cup qualification,2025-06-09,0.1595640710565034,0.05335058445551777,0.21011673151750965,0.010058934028112754,0.30815449148953405,1
England,Senegal,Friendly,2025-06-10,0.04836083570399685,0.164037845079406,0.12062256809338545,0.03690220517422005,0.13827123184768675,-1
Sweden,Algeria,Friendly,2025-06-10,-0.13127153049430573,0.06277698397829168,-0.24513618677042803,0.283206896699986,-0.05338291077078272,1
United States,Switzerland,Friendly,2025-06-10,-0.003990104401633721,0.02039078157713403,0.10116731517509725,0.5286743273106611,0.27129117966149396,-1
Uruguay,Venezuela,FIFA World Cup qualification,2025-06-10,0.11409063115352391,0.23284768225204688,-0.2611057068741894,0.09033758513678425,0.15428039052892434,1
Peru,Ecuador,FIFA World Cup qualification,2025-06-10,-0.2042825161078654,-0.34639819031472774,0.07433527885862512,0.4614702003924588,0.22077342145844248,0
Argentina,Colombia,FIFA World Cup qualification,2025-06-10,0.13669062994123338,0.1154892829695906,0.18677042801556398,0.21455494926906404,0.36024051064857576,0
Brazil,Paraguay,FIFA World Cup qualification,2025-06-10,0.14738343452147795,0.2684585121508669,-0.09338521400778221,0.780965381113157,0.7545206716284723,1
Uzbekistan,Qatar,FIFA World Cup qualification,2025-06-10,0.1676984881162762,-0.10061236195935797,0.3657587548638132,-0.07565242400072458,-0.10801513149431813,1
Jordan,Iraq,FIFA World Cup qualification,2025-06-10,-0.0008672106028972948,-0.09387668194444432,0.06614785992217898,0.0,0.3214177782901954,-1
Japan,Indonesia,FIFA World Cup qualification,2025-06-10,0.36953049333821375,0.2613925213404018,0.17469195849546038,0.12398556256055704,0.19068323925104352,1
Saudi Arabia,Australia,FIFA World Cup qualification,2025-06-10,-0.1537585681307707,-0.06172064616751305,-0.36575875486381315,-0.21496691685657998,0.1668522433926783,-1
Netherlands,Malta,FIFA World Cup qualification,2025-06-10,0.5400377857826932,0.5368183903475443,0.04628728923476,0.3168169184513121,0.33360725878742264,1
San Marino,Austria,FIFA World Cup qualification,2025-06-10,-0.715352838429874,-0.7518585005859075,-0.030723086900129593,0.06620300289685888,0.17034339960280148,-1
New Zealand,Ukraine,Canadian Shield,2025-06-10,-0.04383959322854314,-0.33434736804338794,0.0034857328145263544,-0.2894055133678012,-0.30421594125189383,-1
Canada,Ivory Coast,Canadian Shield,2025-06-10,0.029592021211842345,-0.11241710544462036,-0.07392996108949401,-0.21532167645692868,-0.15978100772040366,0
Panama,Nicaragua,FIFA World Cup qualification,2025-06-10,0.22963803677517713,0.3096278994016508,0.10076199740596625,-0.05260961924078611,-0.22508227086514676,1
Mexico,Dominican Republic,Gold Cup,2025-06-14,0.2823227452304806,0.22615115716907885,0.13578145265888453,0.27013118527225743,0.3568202595027106,1
Haiti,Saudi Arabia,Gold Cup,2025-06-15,-0.03390820709118736,0.004315039919085439,0.0778210116731517,-0.038182338465841514,-0.2589331893028455,-1
Canada,Honduras,Gold Cup,2025-06-17,0.13832721920507773,0.2743561450444063,-0.047097924773022104,-0.3349093208565356,-0.2038338995815443,1
United States,Saudi Arabia,Gold Cup,2025-06-19,0.10320826428470031,0.3370439574411499,0.09727626459143968,0.49253297906337634,0.21991423026309187,1
Guatemala,Panama,Gold Cup,2025-06-20,-0.13027503879450797,-0.23570308229523773,-0.10076199740596625,0.05260961924078611,0.22508227086514676,-1
Mexico,Costa Rica,Gold Cup,2025-06-22,0.12759784242272443,0.12482732169178146,0.13578145265888453,0.27013118527225743,0.3568202595027106,0
United States,Haiti,Gold Cup,2025-06-22,0.13711647137588767,0.33272891752206446,0.01945525291828798,0.5307153175292179,0.47884741956593735,1
Canada,El Salvador,Gold Cup,2025-06-24,0.26810659828385264,0.34929086129643716,-0.047097924773022104,-0.3349093208565356,-0.2038338995815443,1
Panama,Jamaica,Gold Cup,2025-06-24,0.09986846956204865,-0.06039395884168686,0.10076199740596625,-0.05260961924078611,-0.22508227086514676,1
Panama,Honduras,Gold Cup,2025-06-28,0.10680988447785866,0.09251859705156695,0.10076199740596625,-0.05260961924078611,-0.22508227086514676,0
Mexico,Saudi Arabia,Gold Cup,2025-06-28,0.1498408747648321,0.16815424832729287,0.2996108949416343,0.4421116175732689,0.44725518698938915,1
Canada,Guatemala,Gold Cup,2025-06-29,0.16179237352172704,0.4175406302880771,-0.047097924773022104,-0.3349093208565356,-0.2038338995815443,0
United States,Costa Rica,Gold Cup,2025-06-29,0.08096523194259264,0.2937170308056385,-0.06655317769131008,0.3205525467623649,0.12947930277641334,0
United States,Guatemala,Gold Cup,2025-07-02,0.15799645486516423,0.5631726867589189,-0.06655317769131008,0.3205525467623649,0.12947930277641334,1
Mexico,Honduras,Gold Cup,2025-07-02,0.1811639110286467,0.25109849240139104,0.13578145265888453,0.27013118527225743,0.3568202595027106,1
United States,Mexico,Gold Cup,2025-07-06,-0.046632610480131786,0.16888970911385703,-0.2023346303501946,0.05042136149010745,-0.22734095672629728,-1
Qatar,Lebanon,Friendly,2025-08-24,0.12975430333099758,0.13762075608527446,-0.3505998702983139,0.14094039069622344,-0.198852276628324,0
Norway,Finland,Friendly,2025-09-04,0.27012265365835453,0.3108069631386181,0.29920557717250285,0.26999452568725335,-0.17741856102563375,1
Russia,Jordan,Friendly,2025-09-04,0.01809300068464137,0.45134019294385963,-0.030723086900129593,-0.10568095735082217,0.059246408681443874,0
Saudi Arabia,North Macedonia,Friendly,2025-09-04,0.12303479266376915,-0.03994306850313478,-0.16382944228274976,-0.17198043230101145,-0.09043492748667853,1
Colombia,Bolivia,FIFA World Cup qualification,2025-09-04,0.28155290819552925,0.37187993782988205,-0.18328469520103763,0.20276256748556465,0.21100797451433678,1
Argentina,Venezuela,FIFA World Cup qualification,2025-09-04,0.3040098603484589,0.30777137775259256,0.0034857328145263544,0.4173175167546287,0.5712484851629125,1
Paraguay,Ecuador,FIFA World Cup qualification,2025-09-04,-0.10428721109588168,-0.14430511164873483,-0.023346303501945553,-0.12121228285291252,-0.17638053353114475,0
Uruguay,Peru,FIFA World Cup qualification,2025-09-04,0.18695984106313057,0.36071577261212484,-0.2611057068741894,0.09033758513678425,0.15428039052892434,1
Brazil,Chile,FIFA World Cup qualification,2025-09-04,0.21746030662223492,0.32138667871534876,-0.1910667963683529,0.19828289786778575,0.35736671663888503,1
Slovakia,Germany,FIFA World Cup qualification,2025-09-04,-0.2577478942492113,-0.24779827001256294,-0.05796044098573272,-0.19938066252610964,-0.48850599103198206,1
Bulgaria,Spain,FIFA World Cup qualification,2025-09-04,-0.5485002432431141,-0.4547600517559163,-0.17858300907911773,-0.3109050827479565,-0.5076623979820805,-1
Netherlands,Poland,FIFA World Cup qualification,2025-09-04,0.19067138487496038,0.2125354431657871,0.04628728923476,0.3168169184513121,0.33360725878742264,0
Iraq,Hong Kong,King's Cup,2025-09-04,0.26886581082962935,0.21181890354873634,-0.03542477302204938,0.10568095735082217,-0.3806641869716393,1
Australia,New Zealand,Soccer Ashes,2025-09-05,0.1802745159420558,0.10145641936903882,0.19844357976653704,0.3323919979233697,0.04692877037253701,1
Romania,Canada,Friendly,2025-09-05,-0.19303779595061465,-0.0010897631935486984,0.047097924773022104,0.3349093208565356,0.2038338995815443,-1
Egypt,Ethiopia,FIFA World Cup qualification,2025-09-05,0.3278445057146333,0.5199208994920057,-0.14826523994811946,-0.2894055133678012,0.024708543572398767,1
Slovenia,Sweden,FIFA World Cup qualification,2025-09-05,-0.02200012643534155,-0.127668833512097,0.10157263294422836,0.04044759867639636,0.053836414981711156,0
Switzerland,Kosovo,FIFA World Cup qualification,2025-09-05,0.13704447685645582,0.1027600785016003,-0.16772049286640733,-0.20812178054829622,-0.14181187688508062,1
Denmark,Scotland,FIFA World Cup qualification,2025-09-05,0.08488082964027588,0.06862630241523338,0.06655317769131008,0.06798065561734568,0.12157549315605182,0
Ukraine,France,FIFA World Cup qualification,2025-09-05,-0.2626232439694989,-0.22114820258051227,-0.15134565499351482,-0.2738749582853708,-0.4808479971217275,-1
Faroe Islands,Croatia,FIFA World Cup qualification,2025-09-05,-0.4564710245012913,-0.4915972855773165,-0.15134565499351482,0.12679409732272107,-0.05288409096633656,-1
Montenegro,Czech Republic,FIFA World Cup qualification,2025-09-05,-0.22011079556200763,-0.14507776656169646,0.058771076523994825,0.13685303135083382,0.2552704005231975,-1
Haiti,Honduras,FIFA World Cup qualification,2025-09-05,-0.0025851708273727514,0.08725928399318361,-0.08600843060959806,-0.21016277076685297,-0.349368116789524,0
Mexico,Japan,Friendly,2025-09-06,-0.07323978381670226,-0.12854427830243909,-0.03891050583657585,0.1461456227117004,0.1661370202516671,0
United States,South Korea,Friendly,2025-09-06,-0.037098025938748114,0.14125225275250886,-0.1712062256809338,0.2807244789963328,0.03641285807110384,-1
Armenia,Portugal,FIFA World Cup qualification,2025-09-06,-0.5116152234766307,-0.4092622873996965,-0.030723086900129593,-0.09659236421421391,-0.2661644953211055,-1
Austria,Cyprus,FIFA World Cup qualification,2025-09-06,0.4057605536227693,0.3438420684337653,0.030723086900129593,-0.06620300289685888,-0.17034339960280148,1
England,Andorra,FIFA World Cup qualification,2025-09-06,0.7411285380375909,0.8222341714377075,0.31866083009079116,0.010072220312723479,0.03505177597215409,1
Germany,Northern Ireland,FIFA World Cup qualification,2025-09-07,0.3460468809267958,0.29281543576617386,0.05796044098573272,0.19938066252610964,0.48850599103198206,1
Lithuania,Netherlands,FIFA World Cup qualification,2025-09-07,-0.5864199241179264,-0.5065829315424657,-0.04628728923476,-0.3168169184513121,-0.33360725878742264,-1
Belgium,Kazakhstan,FIFA World Cup qualification,2025-09-07,0.319292054379805,0.43740238147897736,-0.08211738002594038,0.3744116380973521,0.4685673134214497,1
Qatar,Russia,Friendly,2025-09-07,-0.12292023208705438,-0.36350846609899135,-0.3505998702983139,0.14094039069622344,-0.198852276628324,-1
Thailand,Iraq,King's Cup,2025-09-07,-0.1133717851362599,-0.11229578255623762,0.03542477302204938,-0.10568095735082217,0.3806641869716393,-1
Czech Republic,Saudi Arabia,Friendly,2025-09-08,-0.0038943692162520804,0.23809469550027895,0.10505836575875493,0.035127400950177634,-0.16483547303651896,0
Kosovo,Sweden,FIFA World Cup qualification,2025-09-08,-0.03860742183379129,-0.13010042299758107,0.10157263294422836,0.04044759867639636,0.053836414981711156,1
Switzerland,Slovenia,FIFA World Cup qualification,2025-09-08,0.12043718145800608,0.10032848901611624,-0.16772049286640733,-0.20812178054829622,-0.14181187688508062,1
Belarus,Scotland,FIFA World Cup qualification,2025-09-08,-0.22282797731212844,-0.3536309142002465,0.06655317769131008,0.06798065561734568,0.12157549315605182,-1
Croatia,Montenegro,FIFA World Cup qualification,2025-09-08,0.379674866618511,0.19842835101721423,0.15134565499351482,-0.12679409732272107,0.05288409096633656,1
Panama,Guatemala,FIFA World Cup qualification,2025-09-08,0.13027503879450797,0.23570308229523773,0.10076199740596625,-0.05260961924078611,-0.22508227086514676,0
Jordan,Dominican Republic,Friendly,2025-09-09,0.18776755970542558,-0.09401903353064878,0.030723086900129593,0.10568095735082217,-0.059246408681443874,1
Mexico,South Korea,Friendly,2025-09-09,0.009534584541383673,-0.02763745636134818,0.031128404669260812,0.23030311750622534,0.2637538147974011,0
New Zealand,Australia,Soccer Ashes,2025-09-09,-0.1802745159420558,-0.10145641936903882,-0.19844357976653704,-0.3323919979233697,-0.04692877037253701,-1
United States,Japan,Friendly,2025-09-09,-0.11987239429683405,0.04034543081141795,-0.24124513618677046,0.19656698420180785,-0.06120393647463018,1
Wales,Canada,Friendly,2025-09-09,-0.1249111395719007,0.07457264742924696,0.047097924773022104,0.3349093208565356,0.2038338995815443,-1
Ecuador,Argentina,FIFA World Cup qualification,2025-09-09,-0.17259655415020014,-0.08924127779794278,-0.07782101167315147,-0.8787877171470875,-0.792021906621355,1
Peru,Paraguay,FIFA World Cup qualification,2025-09-09,-0.09999530501198373,-0.2020930786659929,0.09768158236057067,0.5826824832453713,0.3971539549895872,-1
Bolivia,Brazil,FIFA World Cup qualification,2025-09-09,-0.28874320741215875,-0.522281343503662,0.1910667963683529,-0.19828289786778575,-0.35736671663888503,1
Venezuela,Colombia,FIFA World Cup qualification,2025-09-09,-0.16731923040722552,-0.19228209478300196,0.18328469520103763,-0.20276256748556465,-0.21100797451433678,-1
Chile,Uruguay,FIFA World Cup qualification,2025-09-09,-0.15704140815190382,-0.21155086051061378,0.2611057068741894,-0.09033758513678425,-0.15428039052892434,0
DR Congo,Senegal,FIFA World Cup qualification,2025-09-09,-0.1444709217376674,-0.27791801933551863,-0.17120622568093358,0.02682998486149646,-0.1936087818610569,-1
South Africa,Nigeria,FIFA World Cup qualification,2025-09-09,-0.11045296456440301,-0.21455636441616166,-0.03153372243839181,-0.09532794883734286,-0.10633102558212842,0
France,Iceland,FIFA World Cup qualification,2025-09-09,0.43941777958277073,0.3816070306561343,0.15134565499351482,0.2738749582853708,0.4808479971217275,1
Hungary,Portugal,FIFA World Cup qualification,2025-09-09,-0.2106510814182656,-0.1895428229700662,-0.030723086900129593,-0.09659236421421391,-0.2661644953211055,-1
Norway,Moldova,FIFA World Cup qualification,2025-09-09,0.45962670152004725,0.4816916430756697,0.29920557717250285,0.26999452568725335,-0.17741856102563375,1
Serbia,England,FIFA World Cup qualification,2025-09-09,-0.186387910892853,-0.23717338747780614,-0.31866083009079116,-0.010072220312723479,-0.03505177597215409,-1
Costa Rica,Haiti,FIFA World Cup qualification,2025-09-09,0.05615123943329503,0.03901188671642597,0.08600843060959806,0.21016277076685297,0.349368116789524,0
Qatar,Oman,FIFA World Cup qualification,2025-10-08,-0.0062779010911449,0.14510210779123245,-0.3505998702983139,0.14094039069622344,-0.198852276628324,0
Saudi Arabia,Indonesia,FIFA World Cup qualification,2025-10-08,0.1464498347566794,-0.035306005289330145,-0.16382944228274976,-0.17198043230101145,-0.09043492748667853,1
Libya,Cape Verde,FIFA World Cup qualification,2025-10-08,-0.09444159025913823,-0.17123174720615442,0.16772049286640722,1.1102230246251565e-16,0.42875151483708746,0
England,Wales,Friendly,2025-10-09,0.2394829278772881,0.27323405569374204,0.31866083009079116,0.010072220312723479,0.03505177597215409,1
Poland,New Zealand,Friendly,2025-10-09,0.028249899128760747,0.2713016298782853,-0.0034857328145263544,0.2894055133678012,0.30421594125189383,1
Scotland,Greece,FIFA World Cup qualification,2025-10-09,-0.0030420570225366816,-0.039321445901674856,-0.06655317769131008,-0.06798065561734568,-0.12157549315605182,1
Malta,Netherlands,FIFA World Cup qualification,2025-10-09,-0.5400377857826932,-0.5368183903475443,-0.04628728923476,-0.3168169184513121,-0.33360725878742264,-1
Austria,San Marino,FIFA World Cup qualification,2025-10-09,0.715352838429874,0.7518585005859075,0.030723086900129593,-0.06620300289685888,-0.17034339960280148,1
Czech Republic,Croatia,FIFA World Cup qualification,2025-10-09,-0.1595640710565034,-0.05335058445551777,-0.21011673151750965,-0.010058934028112754,-0.30815449148953405,0
Nicaragua,Haiti,FIFA World Cup qualification,2025-10-09,-0.12024298146994572,-0.30436858634326747,0.08600843060959806,0.21016277076685297,0.349368116789524,-1
Argentina,Venezuela,Friendly,2025-10-10,0.3040098603484589,0.30777137775259256,0.0034857328145263544,0.4173175167546287,0.5712484851629125,1
Canada,Australia,Friendly,2025-10-10,-0.046754385189507586,0.1296912548027951,-0.2490272373540855,-0.3778958054121041,0.05345327129781252,-1
Russia,Iran,Friendly,2025-10-10,-0.07437571068615001,0.27802838589600753,-0.015158884565499187,-0.1555665259954644,-0.024665203476906317,1
Japan,Paraguay,Kirin Cup,2025-10-10,0.17398570052312157,0.10122877396177188,0.27237354085603105,0.7066680458059283,0.5878371942406307,0
Jordan,Bolivia,Friendly,2025-10-10,0.14755050407204506,-0.0936628636875998,0.030723086900129593,0.10568095735082217,-0.059246408681443874,-1
South Korea,Brazil,Friendly,2025-10-10,-0.05617210235644232,-0.26813656013018594,0.2957198443579766,-0.15845483010175365,-0.2643002719335755,-1
Uruguay,Dominican Republic,Friendly,2025-10-10,0.26854136457520816,0.412089355455878,-0.2611057068741894,0.09033758513678425,0.15428039052892434,1
United States,Ecuador,Friendly,2025-10-10,-0.050173904869594166,-0.0027309068755450028,0.007782101167315036,0.7820227471548237,0.3502527242348558,0
Germany,Luxembourg,FIFA World Cup qualification,2025-10-10,0.4853619406932863,0.4343464579829117,0.05796044098573272,0.19938066252610964,0.48850599103198206,1
Sweden,Switzerland,FIFA World Cup qualification,2025-10-10,-0.09843705502266453,0.027340344495980773,0.06614785992217898,0.16767418187189986,0.08797546190336947,-1
France,Azerbaijan,FIFA World Cup qualification,2025-10-10,0.5732879271575715,0.5621778583945494,0.15134565499351482,0.2738749582853708,0.4808479971217275,1
Belgium,North Macedonia,FIFA World Cup qualification,2025-10-10,0.2125291391405335,0.3275680582444527,-0.08211738002594038,0.3744116380973521,0.4685673134214497,0
El Salvador,Panama,FIFA World Cup qualification,2025-10-10,-0.23658926355663357,-0.1674533133035978,-0.10076199740596625,0.05260961924078611,0.22508227086514676,-1
Mexico,Colombia,Friendly,2025-10-11,-0.039447218598429146,-0.1453726108177542,0.31906614785992216,0.06736861778669279,0.14581228498837384,-1
Iraq,Indonesia,FIFA World Cup qualification,2025-10-11,0.20260273459935374,-0.09344526571732059,-0.03542477302204938,0.10568095735082217,-0.3806641869716393,1
Spain,Georgia,FIFA World Cup qualification,2025-10-11,0.4408990545513394,0.25543597300559817,0.17858300907911773,0.3109050827479565,0.5076623979820805,1
Portugal,Republic of Ireland,FIFA World Cup qualification,2025-10-11,0.2592638682324584,0.2032700647044523,0.030723086900129593,0.09659236421421391,0.2661644953211055,1
Norway,Israel,FIFA World Cup qualification,2025-10-11,0.20880609126048455,0.24220359145607606,0.29920557717250285,0.26999452568725335,-0.17741856102563375,1
Ghana,Comoros,FIFA World Cup qualification,2025-10-12,0.11317942144428561,0.3151056304334863,-0.12491893644617391,-0.22471299186885063,-0.19908157568017865,1
Scotland,Belarus,FIFA World Cup qualification,2025-10-12,0.22282797731212844,0.3536309142002465,-0.06655317769131008,-0.06798065561734568,-0.12157549315605182,1
Netherlands,Finland,FIFA World Cup qualification,2025-10-12,0.3649470938506205,0.36732331019778197,0.04628728923476,0.3168169184513121,0.33360725878742264,1
Romania,Austria,FIFA World Cup qualification,2025-10-12,-0.1580625291490627,-0.10075496690244545,-0.030723086900129593,0.06620300289685888,0.17034339960280148,1
Faroe Islands,Czech Republic,FIFA World Cup qualification,2025-10-12,-0.2969069534447879,-0.43824670112179875,0.058771076523994825,0.13685303135083382,0.2552704005231975,1
Croatia,Gibraltar,FIFA World Cup qualification,2025-10-12,0.6877901668933688,0.7187658939917423,0.15134565499351482,-0.12679409732272107,0.05288409096633656,1
Uzbekistan,Uruguay,Friendly,2025-10-13,-0.017902548155919407,-0.5188890241010164,0.2762645914396887,-0.025049618441285393,-0.46114779865156647,-1
Northern Ireland,Germany,FIFA World Cup qualification,2025-10-13,-0.3460468809267958,-0.29281543576617386,-0.05796044098573272,-0.19938066252610964,-0.48850599103198206,-1
Slovenia,Switzerland,FIFA World Cup qualification,2025-10-13,-0.12043718145800608,-0.10032848901611624,0.16772049286640733,0.20812178054829622,0.14181187688508062,0
Sweden,Kosovo,FIFA World Cup qualification,2025-10-13,0.03860742183379129,0.13010042299758107,-0.10157263294422836,-0.04044759867639636,-0.053836414981711156,-1
Iceland,France,FIFA World Cup qualification,2025-10-13,-0.43941777958277073,-0.3816070306561343,-0.15134565499351482,-0.2738749582853708,-0.4808479971217275,0
Wales,Belgium,FIFA World Cup qualification,2025-10-13,-0.10740130310740192,-0.10152657834803236,0.08211738002594038,-0.3744116380973521,-0.4685673134214497,-1
Honduras,Haiti,FIFA World Cup qualification,2025-10-13,0.0025851708273727514,-0.08725928399318361,0.08600843060959806,0.21016277076685297,0.349368116789524,1
Albania,Jordan,Friendly,2025-10-14,-0.14833444644163785,0.29809794155314995,-0.030723086900129593,-0.10568095735082217,0.059246408681443874,1
Japan,Brazil,Kirin Cup,2025-10-14,0.026602266001643615,-0.16722973818909503,0.36575875486381326,-0.0742973353072287,-0.1666834773878415,1
Canada,Colombia,Friendly,2025-10-14,-0.08228391042199812,-0.12211495817473894,0.13618677042801552,-0.5376718883421002,-0.4148418740958811,0
South Korea,Paraguay,Friendly,2025-10-14,0.09121133216503563,0.0003219520206809712,0.2023346303501944,0.6225105510114034,0.4902203996948967,1
Mexico,Ecuador,Friendly,2025-10-14,-0.0035412943894623794,-0.17162061598940204,0.21011673151750965,0.7316013856647162,0.577593680961153,0
Norway,New Zealand,Friendly,2025-10-14,0.12409684381145514,0.42732072598490856,0.2957198443579765,0.5594000390550545,0.12679738022626008,0
Puerto Rico,Argentina,Friendly,2025-10-14,-0.5084476662421842,-0.8563367561505832,-0.0034857328145263544,-0.4173175167546287,-0.5712484851629125,-1
United States,Australia,Friendly,2025-10-14,-0.0505503038460704,0.27532331127363685,-0.2684824902723735,0.27756606220679636,0.38676647365577016,1
Qatar,United Arab Emirates,FIFA World Cup qualification,2025-10-14,-0.031993549577690406,-0.10667314929702165,-0.3505998702983139,0.14094039069622344,-0.198852276628324,1
Saudi Arabia,Iraq,FIFA World Cup qualification,2025-10-14,-0.05615289984267435,0.05813926042799045,-0.12840466926070038,-0.2776613896518336,0.29022925948496076,0
Algeria,Uganda,FIFA World Cup qualification,2025-10-14,0.28141638853872575,0.4439777715249522,0.14356355382619967,-0.32365449537638236,-0.00045350421092843485,1
Spain,Bulgaria,FIFA World Cup qualification,2025-10-14,0.5485002432431141,0.4547600517559163,0.17858300907911773,0.3109050827479565,0.5076623979820805,1
Portugal,Hungary,FIFA World Cup qualification,2025-10-14,0.2106510814182656,0.1895428229700662,0.030723086900129593,0.09659236421421391,0.2661644953211055,0
Latvia,England,FIFA World Cup qualification,2025-10-14,-0.5857771377858503,-0.6037758170675782,-0.31866083009079116,-0.010072220312723479,-0.03505177597215409,-1
Canada,Ecuador,Friendly,2025-11-13,-0.04637798621303135,-0.14836296334638677,0.027237354085603016,0.1265608795359232,0.016939521876898178,0
Czech Republic,San Marino,Friendly,2025-11-13,0.6394295530739107,0.6988760914069816,-0.058771076523994825,-0.13685303135083382,-0.2552704005231975,1
United Arab Emirates,Iraq,FIFA World Cup qualification,2025-11-13,-0.0737008924276199,0.10062819419744562,0.03542477302204938,-0.10568095735082217,0.3806641869716393,0
France,Ukraine,FIFA World Cup qualification,2025-11-13,0.2626232439694989,0.22114820258051227,0.15134565499351482,0.2738749582853708,0.4808479971217275,1
Republic of Ireland,Portugal,FIFA World Cup qualification,2025-11-13,-0.2592638682324584,-0.2032700647044523,-0.030723086900129593,-0.09659236421421391,-0.2661644953211055,1
Norway,Estonia,FIFA World Cup qualification,2025-11-13,0.40545701772773257,0.4702723914546989,0.29920557717250285,0.26999452568725335,-0.17741856102563375,1
England,Serbia,FIFA World Cup qualification,2025-11-13,0.186387910892853,0.23717338747780614,0.31866083009079116,0.010072220312723479,0.03505177597215409,1
Iran,Cape Verde,Al Ain International Cup,2025-11-13,0.18822898156956347,-0.037390093948537206,0.1828793774319064,0.1555665259954645,0.45341671831399377,0
Guatemala,Panama,FIFA World Cup qualification,2025-11-13,-0.13027503879450797,-0.23570308229523773,-0.10076199740596625,0.05260961924078611,0.22508227086514676,-1
Haiti,Costa Rica,FIFA World Cup qualification,2025-11-13,-0.05615123943329503,-0.03901188671642597,-0.08600843060959806,-0.21016277076685297,-0.349368116789524,1
Australia,Venezuela,Friendly,2025-11-14,0.13178970517473498,-0.05952411819453207,0.2019293125810634,0.04298648455556853,-0.2572871708793568,-1
South Korea,Bolivia,Friendly,2025-11-14,0.23257110505571643,0.254144783373476,0.10465304798962372,0.039828067766032094,0.0930664447053095,1
Japan,Ghana,Kirin Cup,2025-11-14,0.3059803816937261,0.0303144761713936,0.2996108949416343,0.34869855442940767,0.38976481493122217,1
Saudi Arabia,Ivory Coast,Friendly,2025-11-14,-0.07741216172942078,-0.3038290064149285,-0.19066147859922167,-0.05239278790140456,-0.04638203562553789,1
Tunisia,Jordan,Friendly,2025-11-14,-0.014096816659802114,0.2692773923540126,-0.07003891050583655,-0.22526860175042906,0.3288540418125825,1
Luxembourg,Germany,FIFA World Cup qualification,2025-11-14,-0.4853619406932863,-0.4343464579829117,-0.05796044098573272,-0.19938066252610964,-0.48850599103198206,-1
Poland,Netherlands,FIFA World Cup qualification,2025-11-14,-0.19067138487496038,-0.2125354431657871,-0.04628728923476,-0.3168169184513121,-0.33360725878742264,0
Croatia,Faroe Islands,FIFA World Cup qualification,2025-11-14,0.4564710245012913,0.4915972855773165,0.15134565499351482,-0.12679409732272107,0.05288409096633656,1
Uzbekistan,Egypt,Al Ain International Cup,2025-11-14,0.035592541046044035,-0.37005410598153166,0.16342412451361876,0.35469348006330004,-0.3315759516950409,1
Brazil,Senegal,Friendly,2025-11-15,0.023263257037237084,0.08874750580493584,-0.3891050583657586,0.22511288272928232,0.4605861725144177,1
Colombia,New Zealand,Friendly,2025-11-15,0.21580404117454632,0.35326263234657285,-0.18677042801556398,0.49216808085336583,0.5152239157662306,1
Mexico,Uruguay,Friendly,2025-11-15,0.013781380655272457,-0.18593819828679914,0.3968871595330739,0.17979360013547319,0.20253986897378629,0
United States,Paraguay,Friendly,2025-11-15,0.054113306226287516,0.14157420477318983,0.03112840466926059,0.9032350300077362,0.5266332577660006,1
Switzerland,Sweden,FIFA World Cup qualification,2025-11-15,0.09843705502266453,-0.027340344495980773,-0.06614785992217898,-0.16767418187189986,-0.08797546190336947,1
Greece,Scotland,FIFA World Cup qualification,2025-11-15,0.0030420570225366816,0.039321445901674856,0.06655317769131008,0.06798065561734568,0.12157549315605182,1
Georgia,Spain,FIFA World Cup qualification,2025-11-15,-0.4408990545513394,-0.25543597300559817,-0.17858300907911773,-0.3109050827479565,-0.5076623979820805,-1
Cyprus,Austria,FIFA World Cup qualification,2025-11-15,-0.4057605536227693,-0.3438420684337653,-0.030723086900129593,0.06620300289685888,0.17034339960280148,-1
Kazakhstan,Belgium,FIFA World Cup qualification,2025-11-15,-0.319292054379805,-0.43740238147897736,0.08211738002594038,-0.3744116380973521,-0.4685673134214497,0
Nigeria,DR Congo,FIFA World Cup qualification,2025-11-16,0.06854325810096618,0.1799432706539359,-0.02683203631647213,1.1102230246251565e-16,0.29682823773658956,0
Azerbaijan,France,FIFA World Cup qualification,2025-11-16,-0.5732879271575715,-0.5621778583945494,-0.15134565499351482,-0.2738749582853708,-0.4808479971217275,-1
Portugal,Armenia,FIFA World Cup qualification,2025-11-16,0.5116152234766307,0.4092622873996965,0.030723086900129593,0.09659236421421391,0.2661644953211055,1
Italy,Norway,FIFA World Cup qualification,2025-11-16,0.041699332695210645,0.06114648060819938,-0.29920557717250285,-0.26999452568725335,0.17741856102563375,-1
Albania,England,FIFA World Cup qualification,2025-11-16,-0.3146247284485113,-0.39313660491258196,-0.31866083009079116,-0.010072220312723479,-0.03505177597215409,-1
Germany,Slovakia,FIFA World Cup qualification,2025-11-17,0.2577478942492113,0.24779827001256294,0.05796044098573272,0.19938066252610964,0.48850599103198206,1
Netherlands,Lithuania,FIFA World Cup qualification,2025-11-17,0.5864199241179264,0.5065829315424657,0.04628728923476,0.3168169184513121,0.33360725878742264,1
Czech Republic,Gibraltar,FIFA World Cup qualification,2025-11-17,0.5282260958368654,0.6654153095362245,-0.058771076523994825,-0.13685303135083382,-0.2552704005231975,1
Montenegro,Croatia,FIFA World Cup qualification,2025-11-17,-0.379674866618511,-0.19842835101721423,-0.15134565499351482,0.12679409732272107,-0.05288409096633656,-1
Cape Verde,Egypt,Al Ain International Cup,2025-11-17,-0.12303898586659123,-0.14657156987065267,-0.019455252918287758,0.28940551336780107,-0.4534600584094862,0
Morocco,Uganda,Friendly,2025-11-18,0.38551109913635906,0.5246611168030415,0.24083981841763946,-0.1826628528783134,0.0765288217990438,1
Oman,Ivory Coast,Friendly,2025-11-18,-0.12067580280091184,-0.5131153297337274,-0.026832036316471908,0.1195876443996069,0.04405289186114064,-1
Saudi Arabia,Algeria,Friendly,2025-11-18,-0.14003284415797523,-0.28121653638170496,-0.30739299610894943,0.1516740630753709,-0.0899814232757501,-1
Japan,Bolivia,Kirin Cup,2025-11-18,0.31534547341380237,0.3550516053145669,0.17469195849546038,0.12398556256055704,0.19068323925104352,1
Brazil,Tunisia,Friendly,2025-11-18,0.1552895199999158,0.34666681483724915,-0.15175097276264593,0.31787054226739264,0.08775908350774642,0
Canada,Venezuela,Friendly,2025-11-18,0.0850353199852274,0.07016713660826301,-0.047097924773022104,-0.3349093208565356,-0.2038338995815443,1
Colombia,Australia,Friendly,2025-11-18,0.03552952523249053,0.251806212977534,-0.385214007782101,0.15977608292999612,0.4682951453936936,1
Ecuador,New Zealand,Friendly,2025-11-18,0.17989811696557956,0.3795106375182207,-0.07782101167315147,-0.1720646870246576,0.08344251979345135,1
South Korea,Ghana,Friendly,2025-11-18,0.22320601333564016,-0.0705923457696973,0.22957198443579763,0.2645410596348827,0.29214802038548815,1
Mexico,Paraguay,Friendly,2025-11-18,0.1007459167064193,-0.027315504340667207,0.2334630350194552,0.8528136685176287,0.7539742144922978,-1
United States,Uruguay,Friendly,2025-11-18,-0.03285122982485933,-0.017048489172942105,0.1945525291828793,0.23021496162558064,-0.024801087752510997,1
Iraq,United Arab Emirates,FIFA World Cup qualification,2025-11-18,0.0737008924276199,-0.10062819419744562,-0.03542477302204938,0.10568095735082217,-0.3806641869716393,1
Kosovo,Switzerland,FIFA World Cup qualification,2025-11-18,-0.13704447685645582,-0.1027600785016003,0.16772049286640733,0.20812178054829622,0.14181187688508062,0
Sweden,Slovenia,FIFA World Cup qualification,2025-11-18,0.02200012643534155,0.127668833512097,-0.10157263294422836,-0.04044759867639636,-0.053836414981711156,0
Scotland,Denmark,FIFA World Cup qualification,2025-11-18,-0.08488082964027588,-0.06862630241523338,-0.06655317769131008,-0.06798065561734568,-0.12157549315605182,1
Iran,Uzbekistan,Al Ain International Cup,2025-11-18,0.0295974546569282,0.18609244216234178,-1.1102230246251565e-16,0.09027855929996553,0.33153261159954844,0
Panama,El Salvador,FIFA World Cup qualification,2025-11-18,0.23658926355663357,0.1674533133035978,0.10076199740596625,-0.05260961924078611,-0.22508227086514676,1
Haiti,Nicaragua,FIFA World Cup qualification,2025-11-18,0.12024298146994572,0.30436858634326747,-0.08600843060959806,-0.21016277076685297,-0.349368116789524,1
Morocco,Comoros,Arab Cup,2025-12-02,0.4402066993120859,0.4106214616349422,0.24083981841763946,-0.1826628528783134,0.0765288217990438,1
Saudi Arabia,Oman,Arab Cup,2025-12-02,0.043263641071491055,0.20928632331879893,-0.16382944228274976,-0.17198043230101145,-0.09043492748667853,1
Jordan,United Arab Emirates,Arab Cup,2025-12-03,0.07283368182472261,-0.19450487614188994,0.030723086900129593,0.10568095735082217,-0.059246408681443874,1
Oman,Morocco,Arab Cup,2025-12-05,-0.2873911958270996,-0.5711862049785932,-0.24083981841763946,0.1826628528783134,-0.0765288217990438,0
Comoros,Saudi Arabia,Arab Cup,2025-12-05,-0.19607914455647735,-0.04872157997514792,0.16382944228274976,0.17198043230101145,0.09043492748667853,-1
United Arab Emirates,Egypt,Arab Cup,2025-12-06,-0.10011239749254175,-0.16276859472515204,0.14826523994811946,0.2894055133678012,-0.024708543572398767,0
Qatar,Tunisia,Arab Cup,2025-12-07,-0.0907304147426109,-0.18144566550914432,-0.31128404669260695,0.26052803509583033,-0.4684599097594626,-1
Morocco,Saudi Arabia,Arab Cup,2025-12-08,0.24412755475560854,0.36189988165979425,0.4046692607003892,-0.010682420577301954,0.16696374928572233,1
Egypt,Jordan,Arab Cup,2025-12-09,0.027278715667819142,0.357273470867042,-0.17898832684824906,-0.39508647071862335,0.08395495225384264,-1
Algeria,Iraq,Arab Cup,2025-12-09,0.08387994431530088,0.3393557968096954,0.17898832684824906,-0.4293354527272045,0.38021068276071085,1
Jordan,Iraq,Arab Cup,2025-12-12,-0.0008672106028972948,-0.09387668194444432,0.06614785992217898,0.0,0.3214177782901954,1
Algeria,United Arab Emirates,Arab Cup,2025-12-12,0.15758083674292078,0.2387276026122498,0.14356355382619967,-0.32365449537638236,-0.00045350421092843485,0
Morocco,United Arab Emirates,Arab Cup,2025-12-15,0.2616755473405541,0.3194109478903391,0.24083981841763946,-0.1826628528783134,0.0765288217990438,1
Saudi Arabia,Jordan,Arab Cup,2025-12-15,-0.05528568923977706,0.15201594237243476,-0.19455252918287935,-0.2776613896518336,-0.031188518805234655,-1
Jordan,Morocco,Arab Cup,2025-12-18,-0.1888418655158315,-0.513915824032229,-0.21011673151750987,0.2883438102291356,-0.13577523048048767,-1
Morocco,Comoros,African Cup of Nations,2025-12-21,0.4402066993120859,0.4106214616349422,0.24083981841763946,-0.1826628528783134,0.0765288217990438,1
Tunisia,Uganda,African Cup of Nations,2025-12-23,0.18257241696072546,0.2800226851248251,-0.03931582360570696,-0.1195876443996069,0.2696076331311386,1
Egypt,South Africa,African Cup of Nations,2025-12-26,0.09572989756604677,0.14260788257846047,-0.11673151750972766,-0.19407756453045832,0.1310395691545272,1
Nigeria,Tunisia,African Cup of Nations,2025-12-27,0.056098599325977494,0.15994456035073057,0.03931582360570696,0.1195876443996069,-0.2696076331311386,1
Senegal,DR Congo,African Cup of Nations,2025-12-27,0.1444709217376674,0.27791801933551863,0.17120622568093358,-0.02682998486149646,0.1936087818610569,0
Algeria,DR Congo,African Cup of Nations,2026-01-06,0.11128863035298897,0.18395379670333245,0.11673151750972754,-0.32365449537638225,0.2963747335256611,1
Algeria,Nigeria,African Cup of Nations,2026-01-10,0.042745372252022795,0.004010526049396557,0.14356355382619967,-0.32365449537638236,-0.00045350421092843485,-1
Egypt,Ivory Coast,African Cup of Nations,2026-01-10,0.00515224317817542,-0.09857147792032128,-0.17509727626459137,-0.16981786896819429,0.06876143543353941,1
Senegal,Egypt,African Cup of Nations,2026-01-14,0.09065073063505746,0.16992323051928393,0.34630350194552517,0.2625755285063046,-0.12792799944793143,1
Morocco,Nigeria,African Cup of Nations,2026-01-14,0.1468400828496561,0.08469387132748585,0.24083981841763946,-0.1826628528783134,0.0765288217990438,0
Egypt,Nigeria,African Cup of Nations,2026-01-17,-0.014723066998356238,-0.0719484818377012,-0.14826523994811946,-0.2894055133678012,0.024708543572398767,0
Morocco,Senegal,African Cup of Nations,2026-01-18,0.07091241921295488,-0.013280877354096887,0.042801556420233755,-0.15583286801681684,0.17974827767457646,1
Bolivia,Panama,Friendly,2026-01-18,-0.16775166304631206,-0.06792743166230375,-0.10076199740596625,0.05260961924078611,0.22508227086514676,0
Panama,Mexico,Friendly,2026-01-22,-0.07435402655078804,-0.15857989534982408,-0.035019455252918275,-0.32274080451304354,-0.5819025303678573,-1
Bolivia,Mexico,Friendly,2026-01-25,-0.2421056895971001,-0.22650732701212783,-0.13578145265888453,-0.27013118527225743,-0.3568202595027106,-1
Mexico,Iceland,Friendly,2026-02-25,0.3093117649608459,0.03400148156105276,0.13578145265888453,0.27013118527225743,0.3568202595027106,1
Brazil,France,Friendly,2026-03-26,-0.08346849680686619,-0.05183153260354745,-0.3424124513618677,-0.07559206041758504,-0.12348128048284246,-1
Colombia,Croatia,Friendly,2026-03-26,0.03361839152300994,0.022081579189250355,-0.33463035019455245,0.3295566648082857,0.15812388354800022,-1
Ukraine,Sweden,FIFA World Cup qualification,2026-03-26,0.008562331753588559,-0.04938192551813447,0.10157263294422836,0.04044759867639636,0.053836414981711156,-1
Czech Republic,Republic of Ireland,FIFA World Cup qualification,2026-03-26,0.04574223344390416,-0.009543198331480873,-0.058771076523994825,-0.13685303135083382,-0.2552704005231975,0
Algeria,Guatemala,Friendly,2026-03-27,0.19482103473843915,0.5073452656994739,0.14356355382619967,-0.32365449537638236,-0.00045350421092843485,1
Austria,Ghana,Friendly,2026-03-27,0.15492863925190292,0.02469305422086654,0.1556420233463035,0.15850998897199176,0.028738176077377164,1
England,Uruguay,Friendly,2026-03-27,0.08551647713709087,0.18512615747920513,0.5797665369649805,-0.08026536482406077,-0.11922861455677025,0
Greece,Paraguay,Friendly,2026-03-27,-0.03411647574430687,0.10974095097935388,0.09768158236057067,0.5826824832453713,0.3971539549895872,-1
Morocco,Ecuador,Friendly,2026-03-27,0.09074538560131407,0.02212501734309935,0.3151750972762646,0.2788073475141454,0.2973022432574863,0
Netherlands,Norway,Friendly,2026-03-27,0.09482444019226599,0.05651634705916386,-0.25291828793774285,0.04682239276405875,0.5110258198130564,1
Saudi Arabia,Egypt,Friendly,2026-03-27,-0.0825644049075962,-0.2052575284946072,-0.015564202334630295,0.11742508106678973,-0.1151434710590773,-1
South Africa,Panama,Friendly,2026-03-27,-0.08865234087249463,0.053075292938677965,-0.13229571984435806,-0.04271832959655675,0.11875124528301834,0
Spain,Serbia,Friendly,2026-03-27,0.3214880173560395,0.20869170189319863,0.17858300907911773,0.3109050827479565,0.5076623979820805,1
Switzerland,Germany,Friendly,2026-03-27,-0.08576566703043831,-0.13600249351881377,-0.22568093385214005,-0.40750244307440586,-0.6303178679170627,-1
Costa Rica,Jordan,Friendly,2026-03-27,-0.03304265689766939,0.19534286900794617,-0.030723086900129593,-0.10568095735082217,0.059246408681443874,0
Iran,Nigeria,Friendly,2026-03-27,0.050466928704616,-0.2559101456568911,0.015158884565499187,0.1555665259954644,0.024665203476906317,-1
Chile,Cape Verde,FIFA Series,2026-03-27,0.019492666916650858,0.08385562747952369,0.16772049286640722,1.1102230246251565e-16,0.42875151483708746,1
New Zealand,Finland,FIFA Series,2026-03-27,0.1460258098468994,-0.11651376284629045,0.0034857328145263544,-0.2894055133678012,-0.30421594125189383,-1
Canada,Iceland,Friendly,2026-03-28,0.2664750731372769,0.05725913420406803,-0.047097924773022104,-0.3349093208565356,-0.2038338995815443,0
Haiti,Tunisia,Friendly,2026-03-28,-0.0750970796711623,-0.1129464100624924,-0.04669260700389111,-0.09057512636724607,-0.6189757499206626,-1
Ivory Coast,South Korea,Friendly,2026-03-28,-0.06289412849402765,0.10803730172628745,-0.07782101167315181,-0.159415712165639,-0.13711933656645015,1
Mexico,Portugal,Friendly,2026-03-28,-0.05978639080747006,-0.28275371020891926,0.10505836575875493,0.17353882105804352,0.09065576418160515,0
Scotland,Japan,Friendly,2026-03-28,-0.21114423328996512,-0.030809268884092855,-0.24124513618677046,-0.19196621817790271,-0.31225873240709534,-1
Senegal,Peru,Friendly,2026-03-28,0.2241154824962246,0.381804085011924,0.1980382619974057,-0.02682998486149657,-0.10321945587553266,1
United States,Belgium,Friendly,2026-03-28,0.01371391780793596,-0.030467169306437558,0.015564202334630295,-0.05385909133498723,-0.33908801064503635,-1
Colombia,France,Friendly,2026-03-29,-0.09065879602349569,-0.20223293827732736,-0.33463035019455245,-0.07111239079980614,-0.2698400226073907,-1
Germany,Ghana,Friendly,2026-03-30,0.2758637588289641,0.1862716189244913,0.18287937743190663,0.4240936543949603,0.6875875667121607,1
Cape Verde,Finland,FIFA Series,2026-03-30,0.13206717669918944,-0.01809203102081014,-0.16772049286640722,-1.1102230246251565e-16,-0.42875151483708746,0
New Zealand,Chile,FIFA Series,2026-03-30,-0.005534033768940905,-0.182277359305004,0.0034857328145263544,-0.2894055133678012,-0.30421594125189383,1
Uzbekistan,Venezuela,FIFA Series,2026-03-30,0.09618808299760451,-0.28604134184896957,0.015158884565499298,0.06528796669549886,-0.3068674081226421,0
Algeria,Uruguay,Friendly,2026-03-31,0.0039733500484155915,-0.07287591023238704,0.40466926070038906,-0.4139920805131666,-0.15473389473985277,0
Austria,South Korea,Friendly,2026-03-31,-0.06827737408373724,0.09528539999056385,-0.07392996108949412,-0.10603107066289097,-0.263409844308111,1
Brazil,Croatia,Friendly,2026-03-31,0.04080869073963944,0.17248298486303026,-0.3424124513618677,0.3250769951905068,0.30448262567254847,1
Canada,Tunisia,Friendly,2026-03-31,0.06581531036128818,0.0741504509887303,-0.0077821011673151474,-0.21532167645692868,-0.4734415327126829,0
Costa Rica,Iran,Friendly,2026-03-31,-0.12551136826846077,0.022031061960094078,-0.015158884565499187,-0.1555665259954644,-0.024665203476906317,-1
England,Japan,Friendly,2026-03-31,-0.0015046873348838474,0.2425200774635652,0.14396887159533078,-0.11391334224783356,-0.15563146327888944,-1
Haiti,Iceland,Friendly,2026-03-31,0.12556268310482643,-0.12983772684715467,-0.08600843060959806,-0.21016277076685297,-0.349368116789524,0
Ivory Coast,Scotland,Friendly,2026-03-31,0.06547573643785154,0.0379397486692894,0.09338521400778199,-0.05160698878226122,0.07752260129491118,1
Jordan,Nigeria,Friendly,2026-03-31,-0.04200178266617538,-0.42922195270474317,0.030723086900129593,0.10568095735082217,-0.059246408681443874,0
Mexico,Belgium,Friendly,2026-03-31,0.06034652828806775,-0.1993568784202946,0.2178988326848249,-0.10428045282509468,-0.11174705391873907,0
Morocco,Paraguay,Friendly,2026-03-31,0.19503259669719575,0.16643012899183418,0.33852140077821014,0.4000196303670579,0.473682776788631,1
Netherlands,Ecuador,Friendly,2026-03-31,0.03902316703814157,0.10432643552585175,0.12062256809338512,0.7782871188437709,0.5543806802458651,0
Norway,Switzerland,Friendly,2026-03-31,-0.009617472686163975,0.07093177691936692,0.4669260700389102,0.47811630623554957,-0.035606684140553124,0
Serbia,Saudi Arabia,Friendly,2026-03-31,0.03518806035379751,0.302045216615491,0.16382944228274976,0.17198043230101145,0.09043492748667853,1
South Africa,Panama,Friendly,2026-03-31,-0.08865234087249463,0.053075292938677965,-0.13229571984435806,-0.04271832959655675,0.11875124528301834,-1
Spain,Egypt,Friendly,2026-03-31,0.2741116728022408,0.3054793900140824,0.3268482490272372,0.6003105961157577,0.48295385440968175,0
United States,Portugal,Friendly,2026-03-31,-0.10641900128760184,-0.11386400109506223,-0.09727626459143968,0.22396018254815098,-0.13668519254469214,-1
DR Congo,Jamaica,FIFA World Cup qualification,2026-03-31,0.05312583515299085,0.027294427859216874,0.02683203631647213,-1.1102230246251565e-16,-0.29682823773658956,1
Iraq,Bolivia,FIFA World Cup qualification,2026-03-31,0.14841771467494236,0.00021381825684452238,-0.03542477302204938,0.10568095735082217,-0.3806641869716393,1
Sweden,Poland,FIFA World Cup qualification,2026-03-31,0.007027362346193833,0.11242766368323709,-0.10157263294422836,-0.04044759867639636,-0.053836414981711156,1
Czech Republic,Denmark,FIFA World Cup qualification,2026-03-31,-0.1007116241480972,-0.09642086466059352,-0.058771076523994825,-0.13685303135083382,-0.2552704005231975,0
